urn,provider_name,category,address,rating,latest_report,url
2804855,100% Effective Limited,Independent learning provider,"1 Parkview Court, St Pauls Road, Shipley, West Yorkshire, BD18 3DZ",Outstanding,31 March 2022,https://reports.ofsted.gov.uk/provider/33/2804855
2625245,1st 2 Achieve Training Limited,Independent learning provider,"4 Paddock Road, Skelmersdale, West Lancashire, WN8 9PL",Outstanding,31 March 2022,https://reports.ofsted.gov.uk/provider/33/2625245
2741622,2 Start Limited,Independent learning provider,"2 Start ltd Unit 2 Four Dells farm, Poles lane, Otterbourne, Hampshire, SO21 2DY",Outstanding,31 March 2022,https://reports.ofsted.gov.uk/provider/33/2741622
70178,2Schools Consortium,Training provider,"Oakthorpe Primary School, Tile Kiln Lane, London, N13 6BY",,08 August 2009,https://reports.ofsted.gov.uk/provider/41/70178
2848474,3 Counties Accounts Training Service Ltd,Independent learning provider,"60 High Street, Carlby, Stamford, Lincolnshire, PE9 4LX",,,https://reports.ofsted.gov.uk/provider/33/2848474
2654133,3 Spirit Enterprise UK Limited,Independent learning provider,"14 Maylands Business Centre, Redbourn Road, Hemel Hempstead, Dacorum, HP2 7ES",Outstanding,31 March 2022,https://reports.ofsted.gov.uk/provider/33/2654133
2748164,3D 360 Limited,Independent learning provider,"da Vinci House, 128A Bradshawgate, Leigh, WN7 4NP",Outstanding,31 March 2022,https://reports.ofsted.gov.uk/provider/33/2748164
2804833,3T Training Services Limited,Independent learning provider,"11-12, Jupiter Court, Orion Business Park, North Shields, Tyne And Wear, NE29 7SE",Outstanding,31 March 2022,https://reports.ofsted.gov.uk/provider/33/2804833
50257,5 E Ltd.,Independent learning provider,"Selby Centre, Selby Road, N17 8JL",Outstanding,31 March 2022,https://reports.ofsted.gov.uk/provider/33/50257
2654168,8Point8 Training Limited,Independent learning provider,"Unit 11, Yorkshire Way West Moor Park, Armthorpe, Doncaster, DN3 3FE",Outstanding,31 March 2022,https://reports.ofsted.gov.uk/provider/33/2654168
2761326,A New Direction London Limited,Independent learning provider,"Unit 1-28, Echo Building, East Bay Lane, London, E15 2SJ",Outstanding,31 March 2022,https://reports.ofsted.gov.uk/provider/33/2761326
70364,AA Teamworks West Yorkshire SCITT,Training provider,"AA Teamworks West Yorkshire SCITT, Stainland Road, Halifax, West Yorkshire, HX4 8LS",,26 November 2018,https://reports.ofsted.gov.uk/provider/41/70364
2848479,Aardman Animations Ltd,Independent learning provider,"60 Gas Ferry Road, Bristol, BS1 6UN",,,https://reports.ofsted.gov.uk/provider/33/2848479
2814669,ABA Procurement Ltd,Independent learning provider,"Henderson Business Centre, 51 Ivy Road, Norwich, NR5 8BF",Outstanding,31 March 2022,https://reports.ofsted.gov.uk/provider/33/2814669
1236951,Abacus Training Group,Independent learning provider,"Unit 12, Pine Close Industrial Estate, Avis Way, Newhaven, BN9 0AD",Outstanding,31 March 2022,https://reports.ofsted.gov.uk/provider/33/1236951
2510855,Abbeydale Vetlink Veterinary Training Limited,Independent learning provider,"Apex House, Wonastow Road Industrial Estate East, Monmouth, NP25 5JB",Outstanding,31 March 2022,https://reports.ofsted.gov.uk/provider/33/2510855
147063,Abbeygate Sixth Form College,,"Beetons Way, Bury St Edmunds, Suffolk, IP33 3YU",Outstanding,31 March 2022,https://reports.ofsted.gov.uk/provider/46/147063
130793,Abingdon and Witney College,Further education college,"Wootton Road, Abingdon, Oxfordshire, OX14 1GG",Outstanding,31 March 2022,https://reports.ofsted.gov.uk/provider/31/130793
1276416,ABM Training (UK) Ltd,Independent learning provider,"Grove End Farm, Sittingbourne, Kent, ME9 8DY",Outstanding,31 March 2022,https://reports.ofsted.gov.uk/provider/33/1276416
2804856,ABP School of Automation Limited,Independent learning provider,"The Print Rooms, 164-180 Union Street, London, SE1 0LH",Outstanding,31 March 2022,https://reports.ofsted.gov.uk/provider/33/2804856
1270884,Absolute Care Training & Education Ltd,Independent learning provider,"Metropolitan House, Longrigg, Swalwell, Newcastle Upon Tyne, NE16 3AS",Outstanding,31 March 2022,https://reports.ofsted.gov.uk/provider/33/1270884
50303,Acacia Training and Development Ltd,Independent learning provider,"Room 41, 235 Union Street, Stonehouse, Plymouth, PL1 3HN",Outstanding,31 March 2022,https://reports.ofsted.gov.uk/provider/33/50303
50304,Acacia Training Limited,Independent learning provider,"C1 Trentham Business Quarter, Bellringer Road, Trentham, Stoke-On-Trent, ST4 8GB",Outstanding,31 March 2022,https://reports.ofsted.gov.uk/provider/33/50304
59131,Academies Enterprise Trust,Independent learning provider,"Ground Floor, 163 Eversholt Street, London, NW1 1BU",Outstanding,31 March 2022,https://reports.ofsted.gov.uk/provider/33/59131
2654169,Academy 1 Sports Ltd,Independent learning provider,"Suite 122, Thames Industrial Park, Princess Margaret Road, East Tilbury, Tilbury, Essex, RM18 8RH",Outstanding,31 March 2022,https://reports.ofsted.gov.uk/provider/33/2654169
1278653,Academy for Project Management Ltd,Independent learning provider,"3 Alfred Street, Neath Port Talbot, SA11 1EF",Outstanding,31 March 2022,https://reports.ofsted.gov.uk/provider/33/1278653
2772959,Academy of Live Technology Ltd,Independent learning provider,"Production Park, Unit 53, 55 Lidgate Crescent, Langthwaite Business Park, South Kirkby, Wakefield, West Yorkshire, WF9 3NR",Outstanding,31 March 2022,https://reports.ofsted.gov.uk/provider/33/2772959
2741623,Academy of Play and Child Psychotherapy Limited,Independent learning provider,"The Coach House, Belmont Road, Uckfield, TN22 1BP",Outstanding,31 March 2022,https://reports.ofsted.gov.uk/provider/33/2741623
2654155,Academy Training Ltd,Independent learning provider,"St Davids Court, Union Street, Wolverhampton, WV1 3JE",Outstanding,31 March 2022,https://reports.ofsted.gov.uk/provider/33/2654155
59200,Academy Transformation Trust,Independent learning provider,"Sutton Community Academy, High Pavement, Sutton-In-Ashfield, NG17 1EE",Outstanding,31 March 2022,https://reports.ofsted.gov.uk/provider/33/59200
150163,Academy21,,"3 Burlington Gardens, London, W1S 3EP",,14 March 2024,https://reports.ofsted.gov.uk/provider/100003/150163
50313,Access Further Education Limited,Independent learning provider,"26 Hulme Street, Manchester, M1 5BW",Outstanding,31 March 2022,https://reports.ofsted.gov.uk/provider/33/50313
1248054,Access Skills Ltd,Independent learning provider,"Colbart Square, 12th Floor, 83-85 Hagley Road, Birmingham, West Midlands, B16 8QG",Outstanding,31 March 2022,https://reports.ofsted.gov.uk/provider/33/1248054
2868419,Access to Business,Independent learning provider,"81, Tempest Street, Wolverhampton, WV2 1AA",,,https://reports.ofsted.gov.uk/provider/33/2868419
50080,Access Training (East Midlands) Ltd,Independent learning provider,"Cawley House 96, Cliff Road, Nottingham, NG1 1GW",Outstanding,31 March 2022,https://reports.ofsted.gov.uk/provider/33/50080
50314,Access Training Limited,Independent learning provider,"Gateshead Skills Academy, 8th Avenue, Kingsway South, Team Valley, Gateshead, NE11 0JL",Outstanding,31 March 2022,https://reports.ofsted.gov.uk/provider/33/50314
2495159,Accipio Limited,Independent learning provider,"71 Central Street, London, EC1V 8AB",Outstanding,31 March 2022,https://reports.ofsted.gov.uk/provider/33/2495159
1276444,Accountancy Learning Ltd,Independent learning provider,"Southernhay Lodge, Banfield Cresecent, Exeter, EX1 1QT",Outstanding,31 March 2022,https://reports.ofsted.gov.uk/provider/33/1276444
2848705,Accxel Limited,Independent learning provider,"Unit 1, Whimsey Industrial Estate, Whimsey, Cinderford, GL14 3JA",,,https://reports.ofsted.gov.uk/provider/33/2848705
59109,ACE Training and Consultancy Limited,Independent learning provider,"15a Station Field Industrial Estate, Kidlington, Oxford, Oxfordshire, OX5 1JD",Outstanding,31 March 2022,https://reports.ofsted.gov.uk/provider/33/59109
2654148,Achievement Training and Skills Ltd,Independent learning provider,"5-6 Castle Meadow, Norwich, NR1 3PY",Outstanding,31 March 2022,https://reports.ofsted.gov.uk/provider/33/2654148
50322,Achievement Training Limited,Independent learning provider,"Norwich Union House, 2 St Andrew's Cross, Plymouth, PL1 1DN",Outstanding,31 March 2022,https://reports.ofsted.gov.uk/provider/33/50322
2495240,Achieving Excellence Uk Ltd,Independent learning provider,"8 Belmont Hill, Lewisham, London, SE13 5BD",Outstanding,31 March 2022,https://reports.ofsted.gov.uk/provider/33/2495240
2626830,Achieving for Children Community Interest Company,Independent learning provider,"Achieving For Children, Way2Work, Twickenham Training Centre, Twickenham, Middlesex, TW1 1BY",Outstanding,31 March 2022,https://reports.ofsted.gov.uk/provider/33/2626830
2691294,ACIS Group Limited,Independent learning provider,"Acis House, 57 Bridge Street, Gainsborough, DN21 1GG",,,https://reports.ofsted.gov.uk/provider/33/2691294
50082,Acorn Training Consultants Limited,Independent learning provider,"Ripley Academy, 1st Floor Knightsbridge Place, 3 Nottingham Road, Ripley, DE5 3DJ",Outstanding,31 March 2022,https://reports.ofsted.gov.uk/provider/33/50082
1236698,Acorn Training Ltd,Independent learning provider,"8 Piccadilly Arcade, Stoke-On-Trent, ST1 1DL",Outstanding,31 March 2022,https://reports.ofsted.gov.uk/provider/33/1236698
2748165,Action Community Enterprises CIC (ACE),Independent learning provider,"16-18 Alpha Road, Gorleston-on-Sea, Great Yarmouth, NR31 0LQ",Outstanding,31 March 2022,https://reports.ofsted.gov.uk/provider/33/2748165
2636498,Action Foundation,Independent learning provider,"The Castlegate, Melbourne Street, Newcastle Upon Tyne, NE1 2JQ",Outstanding,31 March 2022,https://reports.ofsted.gov.uk/provider/33/2636498
1278607,Activ First Limited,Independent learning provider,"75 St John's Street, Bridlington, YO16 7NW",Outstanding,31 March 2022,https://reports.ofsted.gov.uk/provider/33/1278607
142457,Activate,,"The Bracknell Centre, Bracknell Avenue, Kirby, Merseyside, L32 9PW",,,https://reports.ofsted.gov.uk/provider/39/142457
59144,Activate Community and Education Services,,"The Bracknell Centre, Bracknell Avenue, Southdene, Kirby, Merseyside, L32 9PW",Outstanding,31 March 2022,https://reports.ofsted.gov.uk/provider/39/59144
134153,Activate Learning,Further education college,"Oxpens Road, Oxford, Oxfordshire, OX1 1SA",Outstanding,01/04/2019,https://reports.ofsted.gov.uk/provider/31/134153
,Activate Learning,,"Merrist Wood College, Worplesdon, Guildford, Surrey, GU3 3PE",,04 January 2006,https://reports.ofsted.gov.uk/provider/3/SC066736
148249,Active Learning Trust Linc 19 - 25,Independent learning provider,"Downham Road, Ely, Cambridgeshire, CB6 1BD",Outstanding,31 March 2022,https://reports.ofsted.gov.uk/provider/39/148249
143540,Ada National College for Digital Skills,Further education college,"1, Sutherland Street, Pimlico, London, SW1V 4LD",Outstanding,31 March 2022,https://reports.ofsted.gov.uk/provider/31/143540
1276466,Adalta Development Ltd,Independent learning provider,"9 Riverside, Waters Meeting Road, BOLTON, Lancashire, BL1 8TU",Outstanding,31 March 2022,https://reports.ofsted.gov.uk/provider/33/1276466
53133,"Adult & Community Learning Service, Islington London Borough Council",Training provider,"Islington Adult Community Learning, Mezzanine Floor, Central Library, 2 Fieldway Crescent, London, N5 1PF",Outstanding,31 March 2022,https://reports.ofsted.gov.uk/provider/42/53133
52544,"Adult and Community Learning Service, Isle of Wight Council",Training provider,"Community Learning Centre, Westridge, Brading Road, Ryde, Isle Of Wight, PO33 1QS",Outstanding,31 March 2022,https://reports.ofsted.gov.uk/provider/42/52544
50349,Adult College for Rural East Sussex (ACRES),Independent learning provider,"Uckfield College, Downsview Crescent, Uckfield, TN22 3DJ",Outstanding,31 March 2022,https://reports.ofsted.gov.uk/provider/33/50349
53100,Adult College of Barking and Dagenham,Training provider,"127 Ripple Road, Barking, IG11 7PB",Outstanding,31 March 2022,https://reports.ofsted.gov.uk/provider/42/53100
50128,Adult Education In Gloucestershire,Training provider,"4-6 Commercial Road, Gloucester, GL1 2EA",Outstanding,31 March 2022,https://reports.ofsted.gov.uk/provider/42/50128
2814699,Aesthetica Magazine Limited,Training provider,"21 New Street, York, YO1 8RA",,,https://reports.ofsted.gov.uk/provider/30/2814699
2772942,Agent CIC,Independent learning provider,"43-47 Jordan Street, Liverpool, L1 0BW",,,https://reports.ofsted.gov.uk/provider/33/2772942
58762,Agility People Services Limited,Independent learning provider,"Brunel House, Brunel Road, Middlesbrough, TS6 6JA",Outstanding,31 March 2022,https://reports.ofsted.gov.uk/provider/33/58762
1276529,Agincare Group Limited,Independent learning provider,"Admiralty Buildings, Castletown, Portland, DT5 1BB",Outstanding,31 March 2022,https://reports.ofsted.gov.uk/provider/33/1276529
1270902,Aim 2 Learn Ltd,Independent learning provider,"34 Lisbon street, Leeds, LS1 4LX",Outstanding,31 March 2022,https://reports.ofsted.gov.uk/provider/33/1270902
2691295,Aire Vocational Training Limited,Independent learning provider,"Crown House 94, Armley Road, Leeds, LS12 2EJ",Outstanding,31 March 2022,https://reports.ofsted.gov.uk/provider/33/2691295
2654156,AJ Bell Business Solutions Limited,Training provider,"4 Exchange Quay, Salford Quays, Manchester, M5 3EE",Outstanding,31 March 2022,https://reports.ofsted.gov.uk/provider/30/2654156
2765309,AJ's Training,Independent learning provider,"Unit 12, The Barn, Coldharbour Farm, Whitesmith Lane, Lewes, BN8 6HP",Outstanding,31 March 2022,https://reports.ofsted.gov.uk/provider/33/2765309
1237195,AKG (UK) Learning Limited,Independent learning provider,"Building 3, North London Business Park, Oakleigh Road South, London, N11 1GN",Outstanding,31 March 2022,https://reports.ofsted.gov.uk/provider/33/1237195
2748156,Akona Limited,Independent learning provider,"Suit 4, Ikon Business Centre, Tudor Road, Manor Park, Runcorn, WA7 1TA",Outstanding,31 March 2022,https://reports.ofsted.gov.uk/provider/33/2748156
2765310,AKR Growth Ventures Ltd,Independent learning provider,"6a Luton Road, Chatham, Kent, ME4 5NA",Outstanding,31 March 2022,https://reports.ofsted.gov.uk/provider/33/2765310
2526625,Alan Hester Associates Limited,Independent learning provider,"3 Forge House Summerleys Road, Princes Risborough, HP27 9DT",Outstanding,31 March 2022,https://reports.ofsted.gov.uk/provider/33/2526625
2539291,Alchemist Consultants Limited,Independent learning provider,"Cygnet Way, Houghton Le Spring, DH4 5QY",Outstanding,31 March 2022,https://reports.ofsted.gov.uk/provider/33/2539291
2527747,Aldridge Education (trading as Aldridge Adult Learning),Independent learning provider,"Chalky Road, Portslade, East Sussex, BN41 2WF",Outstanding,31 March 2022,https://reports.ofsted.gov.uk/provider/33/2527747
2814681,Alexander Mann Solutions Limited,Independent learning provider,"60 London Wall, London, EC2M 5TQ",Outstanding,31 March 2022,https://reports.ofsted.gov.uk/provider/33/2814681
2625251,All Dimension Limited,Independent learning provider,"5 Lewis Road, Sidcup, Kent, DA14 4NB",Outstanding,31 March 2022,https://reports.ofsted.gov.uk/provider/33/2625251
1278677,All Spring Media Limited,Independent learning provider,"The Old Drill Hall, Bellingdon Road, Chesham, Buckinghamshire, HP5 2HA",Outstanding,31 March 2022,https://reports.ofsted.gov.uk/provider/33/1278677
50387,Alliance Learning,Independent learning provider,"The Hurst Building, Horwich Business Park, Chorley New Road, BL6 5UE",Outstanding,31 March 2022,https://reports.ofsted.gov.uk/provider/33/50387
58538,Alpha Care Agency Limited,Independent learning provider,"Suite 5, Tottenham Town Hall, Town Hall Approach, London, N15 4RY",Outstanding,31 March 2022,https://reports.ofsted.gov.uk/provider/33/58538
2626835,Alpha Development Partnership Ltd,Independent learning provider,"Level 30, The Leadenhall Building, 122 Leadenhall Street, London, EC3V 4AB",Outstanding,31 March 2022,https://reports.ofsted.gov.uk/provider/33/2626835
2741624,"Alpha Jobs, Education & Training Ltd",Independent learning provider,"Second Floor, YMCA Beacon, 25 College Street, ST. HELENS, Merseyside, WA10 1TF",,,https://reports.ofsted.gov.uk/provider/33/2741624
2626865,Alphabet Training Group Ltd,Independent learning provider,"Central Buildings, Richmond Terrace, Blackburn, BB1 7AP",Outstanding,31 March 2022,https://reports.ofsted.gov.uk/provider/33/2626865
58913,Alt Valley Community Trust,Independent learning provider,"The Communiversity, Altcross Road, Croxteth, Liverpool, Merseyside, L11 0BS",Outstanding,31 March 2022,https://reports.ofsted.gov.uk/provider/33/58913
2654165,Althaus Digital Limited,Independent learning provider,"Commerce House, 2 Victoria Way, Derby, DE24 8AN",Outstanding,31 March 2022,https://reports.ofsted.gov.uk/provider/33/2654165
53404,Altrad Employment Services Limited,Independent learning provider,"PO Box 8, Birmingham New Road, Tipton, DY4 8YY",Outstanding,31 March 2022,https://reports.ofsted.gov.uk/provider/33/53404
2495142,Always Consult LTD,Independent learning provider,"Lunesdale C, Upton Magna Business Park, Shrewsbury, SY4 4TT",Outstanding,31 March 2022,https://reports.ofsted.gov.uk/provider/33/2495142
2804857,AM 2 PM Group Holdings Limited,Training provider,"Units 1 & 2 Three Spires House, Station Road, Lichfield, WS13 6HX",Outstanding,31 March 2022,https://reports.ofsted.gov.uk/provider/30/2804857
2654134,Amber Healthcare Personnel Limited,Independent learning provider,"Unit C2 Grange Court Business Park, Barton Lane, Abingdon, OX14 3NB",Outstanding,31 March 2022,https://reports.ofsted.gov.uk/provider/33/2654134
141243,Ambitious College,,"Pears Campus At West Thames College, London Road, Isleworth, London, TW7 4HS",Outstanding,31 March 2022,https://reports.ofsted.gov.uk/provider/39/141243
2848475,Ambutech Pre-Hospital Care Ltd,Independent learning provider,"Grafix House, 6 Boundary Road, Swinton, Manchester, M27 4EQ",,,https://reports.ofsted.gov.uk/provider/33/2848475
50410,Anderson Stockley Accredited Training Ltd,Independent learning provider,"Unit 3, Prospect Court, Courteenhall Rd, Blisworth, Northampton, NN7 3DG",Outstanding,31 March 2022,https://reports.ofsted.gov.uk/provider/33/50410
133803,Anglia Ruskin University,Apprenticeship provider,"Rivermead Campus, Bishop Hall Lane, Chelmsford, Essex, CM1 1SQ",Outstanding,31 March 2022,https://reports.ofsted.gov.uk/provider/43/133803
70000,Anglia Ruskin University,Training provider,"Bishop Hall Lane, Chelmsford, Essex, CM1 1SQ",,05 August 2006,https://reports.ofsted.gov.uk/provider/41/70000
2701026,Anglo American Technical and Sustainability Services Ltd,Training provider,"Resolution House, Lake View, Scarborough, North Yorkshire, YO11 3ZB",Outstanding,31 March 2022,https://reports.ofsted.gov.uk/provider/30/2701026
2748166,Anicca Digital Limited,Independent learning provider,"1 Abbey Gate, Leicester, LE4 0AA",Outstanding,31 March 2022,https://reports.ofsted.gov.uk/provider/33/2748166
2526604,ANS Academy Limited,Independent learning provider,"1 Archway, Manchester, M15 5QJ",Outstanding,31 March 2022,https://reports.ofsted.gov.uk/provider/33/2526604
1270907,Antrec Limited,Independent learning provider,"Dunelm Rise, Durham Gate, Spennymoor, Durham, DL16 6FS",Outstanding,31 March 2022,https://reports.ofsted.gov.uk/provider/33/1270907
1247989,Any Driver Limited,Independent learning provider,"County Chambers, Warren Street, Tenby, SA70 7JS",Outstanding,31 March 2022,https://reports.ofsted.gov.uk/provider/33/1247989
2526622,APA Procurement Training Limited,Independent learning provider,"Anchor Business Park, Frankland Road, Blagrove, Swindon, SN5 8YZ",Outstanding,31 March 2022,https://reports.ofsted.gov.uk/provider/33/2526622
2643472,Apex Management Consultants Ltd,Independent learning provider,"Perivoli, East Street, Ipplepen, Newton Abbot, Devon, TQ12 5SU",Outstanding,31 March 2022,https://reports.ofsted.gov.uk/provider/33/2643472
2772944,Apex Training Centres (UK) Ltd,Independent learning provider,"Oxney Road, Oxney Road, Peterborough, PE1 5YW",,,https://reports.ofsted.gov.uk/provider/33/2772944
2626849,Applied Business Academy Limited,Independent learning provider,"Ground Floor, 5 Limeharbour Court, London, E14 9RH",Outstanding,31 March 2022,https://reports.ofsted.gov.uk/provider/33/2626849
1270911,Apprentice Team Ltd,Independent learning provider,"1st & 2nd Floor, 12 Saltergate, Chesterfield, Derbyshire, S40 1UT",Outstanding,31 March 2022,https://reports.ofsted.gov.uk/provider/33/1270911
50081,Apprenticeship Learning Solutions Ltd,Independent learning provider,"ALS Training, Ocean Park House, East Tyndall Street, Cardiff, CF24 5ET",Outstanding,31 March 2022,https://reports.ofsted.gov.uk/provider/33/50081
2510880,Apprenticeship Recruitment Service Ltd,Independent learning provider,"1 Clock Tower Park, New Hall, Liverpool, L10 1LD",Good,16 December 2019,https://reports.ofsted.gov.uk/provider/33/2510880
2554100,Apprentify Limited,Independent learning provider,"25 Water Lane, Wilmslow, Cheshire, SK9 5AR",Outstanding,31 March 2022,https://reports.ofsted.gov.uk/provider/33/2554100
50809,Appris Charity Limited,Independent learning provider,"BTAL House, Laisterdyke, Bradford, BD4 8AT",Outstanding,31 March 2022,https://reports.ofsted.gov.uk/provider/33/50809
2691296,Approved Training Limited,Independent learning provider,"The Studio, 1 Comberton Road, Kidderminster, DY10 1UA",Outstanding,31 March 2022,https://reports.ofsted.gov.uk/provider/33/2691296
2748190,Apricot Centre CIC,Independent learning provider,"Huxhams Cross Farm, Rattery Road, Dartington, Totnes, TQ9 6AA",Outstanding,31 March 2022,https://reports.ofsted.gov.uk/provider/33/2748190
2654135,APT Health and Safety Training Solutions Ltd,Independent learning provider,"Lake View, Festival Way, Stoke-On-Trent, ST1 5BJ",Outstanding,31 March 2022,https://reports.ofsted.gov.uk/provider/33/2654135
130514,Aquinas College,,"Nangreave Road, Stockport, Cheshire, SK2 6TH",Outstanding,31 March 2022,https://reports.ofsted.gov.uk/provider/40/130514
131935,Arden College,,"40 Derby Road, Southport, Merseyside, PR9 0TZ",Outstanding,31 March 2022,https://reports.ofsted.gov.uk/provider/39/131935
54108,Arden University Limited,Apprenticeship provider,"Arden House, Middlemarch Park, Coventry, CV3 4FJ",Outstanding,31 March 2022,https://reports.ofsted.gov.uk/provider/43/54108
139243,Area 51 Education Ltd,,"1 Mallard Place, Coburg Road, London, N22 6TS",Outstanding,31 March 2022,https://reports.ofsted.gov.uk/provider/39/139243
70292,ARK Teacher Training,Training provider,"1 Edcity Walk, London, W12 7TF",,13 January 2017,https://reports.ofsted.gov.uk/provider/41/70292
2578445,Armonia Limited,Independent learning provider,"Armonia Health & Beauty, 10 Park Street, Selby, North Yorkshire, YO8 4PW",Outstanding,31 March 2022,https://reports.ofsted.gov.uk/provider/33/2578445
2741625,Art Providers Ltd,Independent learning provider,"2 Middle Row, Ashford, TN24 8SQ",Outstanding,31 March 2022,https://reports.ofsted.gov.uk/provider/33/2741625
70273,Arthur Terry SCITT,Training provider,"Kittoe Road, Sutton Coldfield, Birmingham, West Midlands, B74 4RZ",,29 April 2014,https://reports.ofsted.gov.uk/provider/41/70273
50527,Arts Educational School,,"Cone Ripman House, 14 Bath Road, London, W4 1LY",Outstanding,31 March 2022,https://reports.ofsted.gov.uk/provider/38/50527
133793,Arts University Bournemouth,,"Wallisdown Road, Poole, Dorset, BH12 5HH",Outstanding,31 March 2022,https://reports.ofsted.gov.uk/provider/43/133793
130650,Arts University Plymouth,,"Tavistock Place, Plymouth, Devon, PL4 8AT",Outstanding,31 March 2022,https://reports.ofsted.gov.uk/provider/43/130650
2654123,AS Training (International) Limited,Independent learning provider,"Suite 17, Innovation House, 26 Longfield Road, South Church Enterprise Park, Bishop Auckland, DL14 6XB",Outstanding,31 March 2022,https://reports.ofsted.gov.uk/provider/33/2654123
2691297,AS Training Services Ltd,Independent learning provider,"Beverley Enterprise Centre, Beck View Road Beverley, Beverley, Beverley, East Riding of Yorkshire, HU17 0TJ",Outstanding,31 March 2022,https://reports.ofsted.gov.uk/provider/33/2691297
139251,Ascent Autism Specialist College,,"11 the Parks, Newton-le-Willows, St Helens, Merseyside, WA12 0JQ",Outstanding,31 March 2022,https://reports.ofsted.gov.uk/provider/39/139251
2804834,Ashley Community and Housing Ltd,Independent learning provider,"Together Learning First Floor, 27-31 Church Road, Bristol, BS5 9JJ",Outstanding,31 March 2022,https://reports.ofsted.gov.uk/provider/33/2804834
1280330,Ashley Hunter Ltd,Independent learning provider,"101-102 Point South, Park Plaza, Heath Hayes, Cannock, WS12 2DB",Good,15 July 2019,https://reports.ofsted.gov.uk/provider/33/1280330
70301,Ashton on Mersey School SCITT,Training provider,"Ashton on Mersey SCITT, Langley Road, Sale, Cheshire, M33 5AY",,20 December 2016,https://reports.ofsted.gov.uk/provider/41/70301
146816,Ashton Sixth Form College,,"Darnton Road, Ashton-Under-Lyne, OL6 9RL",Outstanding,31 March 2022,https://reports.ofsted.gov.uk/provider/46/146816
130595,Askham Bryan College,Further education college,"Askham Bryan, York, North Yorkshire, YO23 3FR",Outstanding,31 March 2022,https://reports.ofsted.gov.uk/provider/31/130595
,Askham Bryan College,,"Swaledale House, Askham Bryan College, Askham Bryan, YORK, YO23 3FR",,06 December 2002,https://reports.ofsted.gov.uk/provider/3/SC040955
50537,Aspect Training Ltd,Independent learning provider,"Eckington Business Centre, 62 Market Street, Eckington, Sheffield, Yorkshire, S21 4JH",Outstanding,31 March 2022,https://reports.ofsted.gov.uk/provider/33/50537
2539290,Aspens-Services Limited,Training provider,"Teme House, Whittington Road, Worcester, WR5 2RY",Outstanding,31 March 2022,https://reports.ofsted.gov.uk/provider/30/2539290
58385,Asphaleia Limited,Independent learning provider,"22 Liverpool Garden, WORTHING, West Sussex, BN11 1RY",Outstanding,31 March 2022,https://reports.ofsted.gov.uk/provider/33/58385
57680,Aspiration Training Limited,Independent learning provider,"Suite 9B, Floor 4, Grosvenor House, Prospect Hill, Redditch, Worcestershire, B97 4DL",Outstanding,31 March 2022,https://reports.ofsted.gov.uk/provider/33/57680
2741626,Aspirations Academies Trust,Training provider,"3 World Business Centre, Newall Road, London Heathrow Airport, Hounslow, TW6 2TA",Outstanding,31 March 2022,https://reports.ofsted.gov.uk/provider/30/2741626
2717159,Aspire Procurement Training Ltd,Independent learning provider,"Building 1000, Lakeside, North Harbour, Western Road, Portsmouth, PO6 3EZ",Outstanding,31 March 2022,https://reports.ofsted.gov.uk/provider/33/2717159
1278600,Aspire Sporting Academy Ltd,Independent learning provider,"Link 665 Business Centre, Todd Hall Road, Haslingden, Rossendale, BB4 5HU",Outstanding,31 March 2022,https://reports.ofsted.gov.uk/provider/33/1278600
2626872,Aspire Training Solutions (UK) Limited,Independent learning provider,"Unit 6, Holly Park Industrial Estate, Birmingham, B24 9PB",Outstanding,31 March 2022,https://reports.ofsted.gov.uk/provider/33/2626872
50544,Asset Training & Consultancy Limited,Independent learning provider,"First Floor, St. Hughs House, Stanley Precinct, Liverpool, L20 3QQ",Good,01 August 2001,https://reports.ofsted.gov.uk/provider/33/50544
1278647,Assist Knowledge Development Limited,Independent learning provider,"The Sanderum Centre, 30A Upper High Street, Thame, Oxfordshire, OX9 3EX",Outstanding,31 March 2022,https://reports.ofsted.gov.uk/provider/33/1278647
70330,Associated Merseyside Partnership SCITT,Training provider,"Vortex Court Building 1000, Wavertree Technology Park, Liverpool, MERSEYSIDE, L13 1FB",,29 December 2017,https://reports.ofsted.gov.uk/provider/41/70330
2539264,Associated Neighbour Training Limited,Independent learning provider,"207 Soper Hall, Harestone Valley Road, Caterham, CR3 6HY",Outstanding,31 March 2022,https://reports.ofsted.gov.uk/provider/33/2539264
2626826,Astara Training Limited,Independent learning provider,"Astara Training Limited, Unit 37 The Wincombe Centre, Wincombe Business Park, Shaftesbury, SP7 9QJ",Outstanding,31 March 2022,https://reports.ofsted.gov.uk/provider/33/2626826
133787,Aston University,Apprenticeship provider,"Aston Triangle, Birmingham, West Midlands, B4 7ET",Outstanding,31 March 2022,https://reports.ofsted.gov.uk/provider/43/133787
151725,Aston University Mathematics School,,"1 Lister Street, Birmingham, B7 4AG",Good,,https://reports.ofsted.gov.uk/provider/46/151725
70355,Astra SCITT,Training provider,"Dr Challoner's Grammar School, Chesham Road, Amersham, Bucks, HP6 5HA",,05 November 2018,https://reports.ofsted.gov.uk/provider/41/70355
2691298,Astro Martin Ltd,Independent learning provider,"Airport House, Purley Way, Croydon, CR0 0XZ",Outstanding,31 March 2022,https://reports.ofsted.gov.uk/provider/33/2691298
2832200,ATS Group Holdings Ltd,Independent learning provider,"Stacey Industrial Park, Whitehouse Farm, Silchester Road, Tadley, Hampshire, RG26 3PY",,,https://reports.ofsted.gov.uk/provider/33/2832200
58250,Aurelia Training Limited,Independent learning provider,"The Butts Arena, Butts, Coventry, CV1 3GE",Outstanding,31 March 2022,https://reports.ofsted.gov.uk/provider/33/58250
146038,Aurora Boveridge College,,"Cranborne, Wimborne, Dorset, BH21 5RU",Outstanding,31 March 2022,https://reports.ofsted.gov.uk/provider/39/146038
131892,Aurora Foxes,Training provider,"Selbourne Place, Minehead, Somerset, TA24 5TY",Outstanding,31 March 2022,https://reports.ofsted.gov.uk/provider/39/131892
2868448,Autism Community Network,Independent learning provider,"Trident Works, Marsh Lane, Temple Cloud, Bristol, BS39 5AZ",,,https://reports.ofsted.gov.uk/provider/33/2868448
2674161,Auto-Assess Limited,Independent learning provider,"Minerva Mill Innovation Centre, Station Road, Alcester, B49 5ET",Outstanding,31 March 2022,https://reports.ofsted.gov.uk/provider/33/2674161
2772960,Automotive Transport Training Ltd,Independent learning provider,"Dodwells Bridge Industrial Estate, Jacknell Road, Hinckley, Leicestershire, LE10 3BS",,,https://reports.ofsted.gov.uk/provider/33/2772960
1184091,Avado Apprenticeships Limited,Independent learning provider,"Avado Learning Ltd, Scale Space, Imperial College, White City Campus, 58 Wood Lane, London, W12 7RZ",Outstanding,29 March 2016,https://reports.ofsted.gov.uk/provider/33/1184091
58550,Avant Partnership Limited,Independent learning provider,"Pearl Assurance House, George Street, Grimsby, DN31 1HB",Outstanding,31 March 2022,https://reports.ofsted.gov.uk/provider/33/58550
2654171,Averee Ltd,Independent learning provider,"2nd floor, Titan House, Bishops Square Business Park, Hatfield, AL10 9NE",Outstanding,31 March 2022,https://reports.ofsted.gov.uk/provider/33/2654171
2654128,AW Jenkinson Transport Limited,Training provider,"Clifton Moor, Clifton, Penrith, CA10 2EY",Outstanding,31 March 2022,https://reports.ofsted.gov.uk/provider/30/2654128
1278603,AWC Training Ltd,Independent learning provider,"40 Fore Street, St. Austell, Cornwall, PL25 5ER",Outstanding,31 March 2022,https://reports.ofsted.gov.uk/provider/33/1278603
50578,AWE PLC,Training provider,"Building C9.1, Aldermaston, Berks, RG7 4PR",Outstanding,31 March 2022,https://reports.ofsted.gov.uk/provider/30/50578
50579,Axia Solutions Limited,Independent learning provider,"Unit 1, Riverside, 2 Campbell Road, Stoke-On-Trent, ST4 4RJ",Outstanding,31 March 2022,https://reports.ofsted.gov.uk/provider/33/50579
1278568,Azesta Limited,Independent learning provider,"7 Kings Court, Pateley Bridge, Harrogate, North Yorkshire, HG3 5JU",Outstanding,31 March 2022,https://reports.ofsted.gov.uk/provider/33/1278568
152312,Azure College,,"McCallum House, Kielder Avenue, Cramlington, NE23 8JT",,,https://reports.ofsted.gov.uk/provider/39/152312
50584,B L Training Limited,Independent learning provider,"11 Nelson Street, Newcastle Upon Tyne, NE1 5AN",Outstanding,31 March 2022,https://reports.ofsted.gov.uk/provider/33/50584
2654172,B&M Retail Limited,Training provider,"The Vault, Dakota Drive, Speke, Liverpool, L24 8RJ",Outstanding,31 March 2022,https://reports.ofsted.gov.uk/provider/30/2654172
50585,B-Skill Limited,Independent learning provider,"B-Skill LMT YBN, Delta Bank Road, Gateshead, NE11 9DJ",Outstanding,31 March 2022,https://reports.ofsted.gov.uk/provider/33/50585
55241,Babcock Training Limited,Independent learning provider,"3rd Floor, Crowne House, 56-58 Southwark Street, London, SE1 1UN",Outstanding,31 March 2022,https://reports.ofsted.gov.uk/provider/33/55241
50586,Babington Business College Limited,Independent learning provider,"Oberoi Business Hub, 19 St Christopher's Way, Pride Park, DERBY, DE24 8JY",Outstanding,31 March 2022,https://reports.ofsted.gov.uk/provider/33/50586
1270878,Back 2 Work Complete Training Limited,Independent learning provider,"Building 4 Universal Square Devonshire Street North Manchester, Manchester, M12 6JH",Outstanding,31 March 2022,https://reports.ofsted.gov.uk/provider/33/1270878
50592,BAE Systems PLC,Training provider,"BAE Systems, Channel Way, Preston, PR2 2YA",Outstanding,31 March 2022,https://reports.ofsted.gov.uk/provider/30/50592
58229,Baltic Training Services Limited,Independent learning provider,"Pioneer House, Pioneer Court, Darlington, DL1 4WD",Outstanding,31 March 2022,https://reports.ofsted.gov.uk/provider/33/58229
1278639,Banham Academy Limited,Independent learning provider,"20 Thornsett Road, Earlsfield, London, SW18 4EF",Outstanding,31 March 2022,https://reports.ofsted.gov.uk/provider/33/1278639
2761342,Barfection Limited,Independent learning provider,"154-156 Slater Studios, 9 Slater Street, Liverpool, Merseyside, L1 4BW",Outstanding,31 March 2022,https://reports.ofsted.gov.uk/provider/33/2761342
130424,Barking and Dagenham College,Further education college,"DAGENHAM ROAD, RUSH GREEN, ROMFORD, ESSEX, RM7 0XU",Outstanding,31 March 2022,https://reports.ofsted.gov.uk/provider/31/130424
2741627,"Barking, Havering and Redbridge University Hospitals NHS Trust",Training provider,"Queens Hospital, Rom Valley Way, Romford, RM7 0AG",Outstanding,31 March 2022,https://reports.ofsted.gov.uk/provider/30/2741627
50604,"Barnardo's Employment, Training and Skills",Independent learning provider,"Barnardo's, Youth Village, Hudson Street, North Shields, NE30 1DL",Outstanding,31 March 2022,https://reports.ofsted.gov.uk/provider/33/50604
130425,Barnet and Southgate College,Further education college,"Wood Street, Barnet, Hertfordshire, EN5 4AZ",Outstanding,31 March 2022,https://reports.ofsted.gov.uk/provider/31/130425
130524,Barnsley College,Further education college,"PO Box 266, Church Street, Barnsley, South Yorkshire, S70 2YW",Outstanding,31 March 2022,https://reports.ofsted.gov.uk/provider/31/130524
50609,Barnsley Metropolitan Borough Council,Training provider,"Wellington House, 2nd Floor, Market Street, Barnsley, South Yorkshire, S70 1WA",Outstanding,31 March 2022,https://reports.ofsted.gov.uk/provider/42/50609
70361,Barr Beacon SCITT,Training provider,"Old Hall Lane, -, Walsall, West midlands, WS9 0RF",,21 November 2018,https://reports.ofsted.gov.uk/provider/41/70361
1247997,Barrett Bell Ltd,Independent learning provider,"Unit L, Gunnells Wood Park, Gunnells Wood Road, Stevenage, SG1 2BH",Outstanding,31 March 2022,https://reports.ofsted.gov.uk/provider/33/1247997
2748169,Barrow Training Partnership Limited (BTP Cumbria),Independent learning provider,"BTP Cumbria, Construction Training Centre, Rome Street, Carlisle, Cumbria, CA2 5AQ",Outstanding,31 March 2022,https://reports.ofsted.gov.uk/provider/33/2748169
130701,Barton Peveril Sixth Form College,,"Chestnut Avenue, Eastleigh, Hampshire, SO50 5ZA",Outstanding,31 March 2022,https://reports.ofsted.gov.uk/provider/40/130701
2730900,Basegreen Academy Ltd,Independent learning provider,"Unit 1 Haggwood Quarry, Woodhead Road, Holmfirth, West Yorkshire, HD9 6PW",Outstanding,31 March 2022,https://reports.ofsted.gov.uk/provider/33/2730900
130688,Basingstoke College of Technology,Further education college,"Worting Road, Basingstoke, Hampshire, RG21 8TN",Outstanding,31 March 2022,https://reports.ofsted.gov.uk/provider/31/130688
50621,Basingstoke ITEC,Independent learning provider,"Desk Lodge, Belvedere House, Basing View, BASINGSTOKE, RG21 4HG",Outstanding,31 March 2022,https://reports.ofsted.gov.uk/provider/33/50621
130558,Bath College,Further education college,"Avon Street, Bath, Avon, BA1 1UP",Outstanding,31 March 2022,https://reports.ofsted.gov.uk/provider/31/130558
70002,Bath Spa University,Training provider,"Bath Spa University, Sion Hill Campus, Bath, BANES, BA1 5SF",,05 August 2006,https://reports.ofsted.gov.uk/provider/41/70002
133790,Bath Spa University,,"Newton Park, Newton St Loe, Bath, Somerset, BA2 9BN",Outstanding,31 March 2022,https://reports.ofsted.gov.uk/provider/43/133790
51708,Bauer Radio,Independent learning provider,"Bauer Radio Ltd, Bauer Media, Media House, Lynch Wood, Peterborough, PE2 6EA",Outstanding,31 March 2022,https://reports.ofsted.gov.uk/provider/33/51708
50729,BCTG Limited,Independent learning provider,"European Business Park, Taylors Lane, Oldbury, B69 2BN",Outstanding,31 March 2022,https://reports.ofsted.gov.uk/provider/33/50729
1236704,Beacon Education Partnership Limited,Independent learning provider,"85-87 Bayham Street, London, NW1 0AG",Outstanding,31 March 2022,https://reports.ofsted.gov.uk/provider/33/1236704
147837,Beauchamp City Sixth Form,,"1 South Albion Street, Leicester, LE1 6JL",Outstanding,31 March 2022,https://reports.ofsted.gov.uk/provider/46/147837
131840,Beaumont College - A Salutem/Ambito College,,"Slyne Road, Lancaster, LA2 6AP",Outstanding,31 March 2022,https://reports.ofsted.gov.uk/provider/39/131840
50636,Bedford Borough Council,Training provider,"138 Cauldwell St, Bedford, MK42 9AP",Outstanding,31 March 2022,https://reports.ofsted.gov.uk/provider/42/50636
,Bedford College,,"Shuttleworth College, Old Warden Park, Biggleswade, Bedfordshire, SG18 9EA",,13 January 2003,https://reports.ofsted.gov.uk/provider/3/SC041911
130597,Bedford College,Further education college,"Cauldwell Street, Bedford, Bedfordshire, MK42 9AH",Outstanding,28/02/2023,https://reports.ofsted.gov.uk/provider/31/130597
142458,Beechwood College,,"Hays Road, Sully, Vale of Glamorgan (Bro Morgannwg), CF64 5SE",,,https://reports.ofsted.gov.uk/provider/39/142458
2791006,Bellevue Education International Limited,Independent learning provider,"1 Wolsey Road, East Molesey, KT8 9EL",Outstanding,31 March 2022,https://reports.ofsted.gov.uk/provider/33/2791006
144788,Bemix,,"University Road, Unit 44, Canterbury, Kent, CT2 7FG",Outstanding,31 March 2022,https://reports.ofsted.gov.uk/provider/39/144788
2526611,Benson-Smith Limited,Independent learning provider,"The Chef Benson-Smith Academy, 1 John Browns Row, D Mill, Dean Clough, Halifax, West Yorkshire, HX3 9AP",Outstanding,31 March 2022,https://reports.ofsted.gov.uk/provider/33/2526611
2814698,Berkshire Growth Hub,Training provider,"Berkshire Growth Hub,,The Curious Lounge, 20 Tudor Road, Reading, RG1 1NH",Outstanding,31 March 2022,https://reports.ofsted.gov.uk/provider/30/2814698
2556369,Bespoke Consultancy & Education Limited,Independent learning provider,"The Hive, 6 Beaufighter Road, Weston-Super-Mare, BS24 8EE",Outstanding,31 March 2022,https://reports.ofsted.gov.uk/provider/33/2556369
1278637,Bespoke Professional Development and Training Limited,Independent learning provider,"Springboard Centre, Stokesley Business Park, 24 Ellerbeck Way, Middlesbrough, Cleveland, TS9 5JZ",Outstanding,31 March 2022,https://reports.ofsted.gov.uk/provider/33/1278637
2626820,Best Choice Training Ltd,Independent learning provider,"Quadrant Court, 48 Calthorpe Rd, Birmingham, B15 1TH",Outstanding,31 March 2022,https://reports.ofsted.gov.uk/provider/33/2626820
2654136,Best Practice Network Limited,Independent learning provider,"27-29 Newminster House, Baldwin Street, Bristol, BS1 1LT",Outstanding,31 March 2022,https://reports.ofsted.gov.uk/provider/33/2654136
2814707,Betterweld Group Ltd,Training provider,"3a Bradley Park, High Holborn Road, Ripley, DE5 3NW",Outstanding,31 March 2022,https://reports.ofsted.gov.uk/provider/30/2814707
130670,Bexhill College,,"Penland Road, Bexhill-on-Sea, East Sussex, TN40 2JG",Outstanding,31 March 2022,https://reports.ofsted.gov.uk/provider/40/130670
146361,BeyondAutism Post-19,,"216 Goldhawk Road, London, W12 9NX",,,https://reports.ofsted.gov.uk/provider/39/146361
2691299,Big Ambitions CIC,Independent learning provider,"Cussins House, 22 Wood Street, Doncaster, DN1 3LW",Outstanding,31 March 2022,https://reports.ofsted.gov.uk/provider/33/2691299
141030,Big Creative Academy,,"38, Clifton Avenue, Walthamstow, London, E17 6HL",Outstanding,31 March 2022,https://reports.ofsted.gov.uk/provider/46/141030
51619,Big Creative Training LTD,Independent learning provider,"BCE Uplands House, Blackhorse Lane, Walthamstow, Walthamstow, E17 5QJ",Outstanding,31 March 2022,https://reports.ofsted.gov.uk/provider/33/51619
147285,Bilborough College,,"Bilborough Road, Bilborough, Nottingham, Nottinghamshire, NG8 4DQ",Outstanding,31 March 2022,https://reports.ofsted.gov.uk/provider/46/147285
2761347,BioGrad,Independent learning provider,"Innovation Centre, 131 Mount Pleasant, Liverpool, L3 5TF",Outstanding,31 March 2022,https://reports.ofsted.gov.uk/provider/33/2761347
133905,Birkbeck College,,"Malet Street, London, WC1E 7HX",Outstanding,31 March 2022,https://reports.ofsted.gov.uk/provider/43/133905
144829,Birkenhead Sixth Form College,,"Park Road West, Claughton, Wirral, Merseyside, CH43 8SQ",Outstanding,31 March 2022,https://reports.ofsted.gov.uk/provider/46/144829
50213,Birmingham City Council,Training provider,"Floor 1, Library of Birmingham, Centenary Square, Broad Street, Birmingham, B1 2ND",Outstanding,31 March 2022,https://reports.ofsted.gov.uk/provider/42/50213
133788,Birmingham City University,Apprenticeship provider,"University House, 15 Bartholomew Row, Birmingham, B5 5JU",Outstanding,31 March 2022,https://reports.ofsted.gov.uk/provider/43/133788
70075,Birmingham City University,Training provider,"Westborne Road, -, Birmingham, Westborne Road, B15 3TN",,05 August 2006,https://reports.ofsted.gov.uk/provider/41/70075
2539245,Birmingham Community Healthcare NHS Foundation Trust,Independent learning provider,"Birmingham Dental Hospital, 5 Mill Pool Way, Birmingham, B5 7EG",Outstanding,31 March 2022,https://reports.ofsted.gov.uk/provider/33/2539245
2868420,Birmingham Disability Resource Centre,Independent learning provider,"Unit 18, Ace Business Park, Mackadown Ln, Birmingham, B33 0LD",,,https://reports.ofsted.gov.uk/provider/33/2868420
50713,Birmingham Electrical Training Ltd,Independent learning provider,"34 Brearley Street, Hockley, B19 3NR",Outstanding,31 March 2022,https://reports.ofsted.gov.uk/provider/33/50713
130466,Birmingham Metropolitan College,Further education college,"Jennens Road, Birmingham, West Midlands, B4 7PS",Outstanding,31 March 2022,https://reports.ofsted.gov.uk/provider/31/130466
70135,Birmingham Newman University,Training provider,"Genners Lane, Bartley Green, Birmingham, West Midlands, B32 3NT",,05 August 2006,https://reports.ofsted.gov.uk/provider/41/70135
2761327,Birmingham Open Media,Independent learning provider,"12 Dudley Street, Birmingham, B5 4EA",Outstanding,31 March 2022,https://reports.ofsted.gov.uk/provider/33/2761327
142913,Birtenshaw College,,"Crompton Way, Bolton, Greater Manchester, BL2 2PE",Outstanding,31 March 2022,https://reports.ofsted.gov.uk/provider/39/142913
130657,Bishop Auckland College,Further education college,"Woodhouse Lane, Bishop Auckland, County Durham, DL14 6JZ",Outstanding,31 March 2022,https://reports.ofsted.gov.uk/provider/31/130657
,Bishop Burton College,,"Bishop Burton College, York Road, Bishop Burton, BEVERLEY, North Humberside, HU17 8QG",,26 September 2003,https://reports.ofsted.gov.uk/provider/3/SC055268
130584,Bishop Burton College,Further education college,"York Road, Bishop Burton, Beverley, HU17 8QG",Outstanding,31 March 2022,https://reports.ofsted.gov.uk/provider/31/130584
2643281,Bishop Fleming LLP,Training provider,"2nd Floor Stratus House, Emperor Way, Exeter Business Park, Exeter, EX1 3QS",Outstanding,31 March 2022,https://reports.ofsted.gov.uk/provider/30/2643281
133835,Bishop Grosseteste University,Apprenticeship provider,"Newport, Lincoln, Lincolnshire, LN1 3DY",Outstanding,31 March 2022,https://reports.ofsted.gov.uk/provider/43/133835
2868421,Black Country Housing Group Limited,Independent learning provider,"134 High St, Blackheath, Rowley Regis, B65 0EE",,,https://reports.ofsted.gov.uk/provider/33/2868421
130736,Blackburn College,Further education college,"Blackburn College, Harrison Centre, Feilden Street, Blackburn, Lancashire, BB2 1LH",Outstanding,31 March 2022,https://reports.ofsted.gov.uk/provider/31/130736
50732,Blackburn with Darwen Borough Council,Training provider,"Adult & Community Learning, Room 420, Old Town Hall, King William Street, Blackburn, Lancashir, BB1 1DY",Outstanding,31 March 2022,https://reports.ofsted.gov.uk/provider/42/50732
2761325,Blackburn with Darwen Council for Voluntary Service,Independent learning provider,"The Boulevard Centre, Cathedral Quarter, 45 Railway Road, Blackburn, BB1 1EZ",Outstanding,31 March 2022,https://reports.ofsted.gov.uk/provider/33/2761325
130739,Blackpool and the Fylde College,Further education college,"Ashfield Road, Bispham, Blackpool, Lancashire, FY2 0HB",Outstanding,31 March 2022,https://reports.ofsted.gov.uk/provider/31/130739
70168,Blackpool and The Fylde College,Training provider,"Ashfield Road, Bispham, Blackpool, Lancashire, FY2 0HB",,04 November 2006,https://reports.ofsted.gov.uk/provider/41/70168
50737,Blackpool Borough Council,Training provider,"Blackpool Learning Rooms, Healthworks, 1 Clifton Street, Blackpool, FY1 1JD",Outstanding,31 March 2022,https://reports.ofsted.gov.uk/provider/42/50737
2626866,Blue Lion Training Academy Limited,Independent learning provider,"Ground Floor, 13 Mallard Way, Pride Park, Derby, DE24 8GX",Outstanding,31 March 2022,https://reports.ofsted.gov.uk/provider/33/2626866
2701027,Blue Screen IT Limited,Independent learning provider,"Plymouth Science Park, 1 Davy Rd, Unit 201c,Phase 2, Plymouth, PL6 8BX",Outstanding,31 March 2022,https://reports.ofsted.gov.uk/provider/33/2701027
2510872,Blue Sky Assessing & Consultancy Ltd,Independent learning provider,"Blue Sky Assessing & Consultancy Ltd, Unit B1, Framlingham Road, Woodbridge, IP13 7SR",Outstanding,31 March 2022,https://reports.ofsted.gov.uk/provider/33/2510872
70305,Bluecoat SCITT Alliance Nottingham,Training provider,"Bluecoat SCITT Alliance Nottingham, Aspley, Nottingham, Nottinghamshire, NG8 5GY",,11 January 2018,https://reports.ofsted.gov.uk/provider/41/70305
2832191,Bluelightsdigital Ltd,Independent learning provider,"The Officers' Mess Centre, Royston Road, Duxford, Cambridge, Cambridgeshire, CB22 4QH",,,https://reports.ofsted.gov.uk/provider/33/2832191
2654244,Blyth Harbour Commissioners,Independent learning provider,"Port Training Services, Energy Central Learning Hub, Quay Road, Blyth, Northumberland, NE24 3PA",Outstanding,31 March 2022,https://reports.ofsted.gov.uk/provider/33/2654244
2577132,BMS Progress LLP,Independent learning provider,"Europa House, 310 Europa Boulevard, Westbrook, Warrington, WA5 7XR",Outstanding,31 March 2022,https://reports.ofsted.gov.uk/provider/33/2577132
148635,BOA Stage and Screen Production Academy,,"46-48 Stour Street, Birmingham, B18 7AJ",Outstanding,31 March 2022,https://reports.ofsted.gov.uk/provider/46/148635
1237102,Bock Consultancy & Personnel Development Limited,Independent learning provider,"Unit 42, Eurolink Business Centre, 49 Effra Road, London, SW2 1BZ",Outstanding,31 March 2022,https://reports.ofsted.gov.uk/provider/33/1237102
151171,Boland Companies Ltd,Training provider,"1000 Lakeside North Harbour, Western Road, Portsmouth, PO6 3EZ",,18 February 2025,https://reports.ofsted.gov.uk/provider/100003/151171
130495,Bolton College,Further education college,"Deane Road, Bolton, Lancashire, BL3 5BG",Outstanding,31 March 2022,https://reports.ofsted.gov.uk/provider/31/130495
131867,Bolton Sixth Form College,,"Town Centre Campus, Deane Road, Bolton, Lancashire, BL3 5BU",Outstanding,31 March 2022,https://reports.ofsted.gov.uk/provider/40/131867
1276470,Boom Training Limited,Independent learning provider,"Unit 1, Capstan Road, Southampton, Hampshire, SO19 9UR",Outstanding,31 March 2022,https://reports.ofsted.gov.uk/provider/33/1276470
2748167,Bosch Thermotechnology Ltd,Independent learning provider,"Cotswold Way, Warndon, Worcester, Worcestershire, WR4 9SW",,,https://reports.ofsted.gov.uk/provider/33/2748167
50782,BOSCO Centre,Independent learning provider,"281 Jamaica Road, Rotherhithe, SE16 4RS",Outstanding,31 March 2022,https://reports.ofsted.gov.uk/provider/33/50782
130761,Boston College,Further education college,"Rochford Campus, Skirbeck Road, Boston, Lincolnshire, PE21 6JF",Outstanding,31 March 2022,https://reports.ofsted.gov.uk/provider/31/130761
2539242,Bottle Green Training Limited,Independent learning provider,"1A Offices and Unit 7 Station Yard, Station Road, Melbourne, Derby, DE73 8HJ",Outstanding,31 March 2022,https://reports.ofsted.gov.uk/provider/33/2539242
,Bournemouth & Poole College,,"Bournemouth & Poole College of Further Education, Lansdowne, Meyrick Road, Bournemouth, Dorset, BH1 3JJ",,10 January 2003,https://reports.ofsted.gov.uk/provider/3/SC041848
70171,Bournemouth Bay Teacher Training Partnership,Training provider,"BB TTP @ The Grange School, Redvers Road, Christchurch, Dorset, BH23 3AU",,24 October 2007,https://reports.ofsted.gov.uk/provider/41/70171
133792,Bournemouth University,Apprenticeship provider,"Poole House, Talbot Campus, Fern Barrow, Poole, Dorset, BH12 5BB",Outstanding,31 March 2022,https://reports.ofsted.gov.uk/provider/43/133792
53936,"Bournemouth, Christchurch and Poole Council",Training provider,"Poole Adult Learning Centre Unit 109, The Dolphin Centre, Poole, Dorset, BH15 1SY",Outstanding,31 March 2022,https://reports.ofsted.gov.uk/provider/42/53936
2674154,BPIF Training Limited,Independent learning provider,"2 Villiers Court, Copse Drive, Meriden Business Park Meriden, Coventry, CV5 9RN",Outstanding,31 March 2022,https://reports.ofsted.gov.uk/provider/33/2674154
1278675,BPP Actuarial Education Limited,Independent learning provider,"1 Portsoken Street, London, E1 8PH",Outstanding,31 March 2022,https://reports.ofsted.gov.uk/provider/33/1278675
1278594,BPP Professional Education Limited,Independent learning provider,"1 Portsoken Street, London, E1 8BT",Outstanding,31 March 2022,https://reports.ofsted.gov.uk/provider/33/1278594
1270751,BPP University Ltd,Apprenticeship provider,"1 Portsoken Street, London, E1 8PH",Outstanding,31 March 2022,https://reports.ofsted.gov.uk/provider/43/1270751
50798,Bracknell Forest Borough Council,Training provider,"Community Learning Team, The Open Learning Centre, Rectory Lane, Bracknell, RG12 7GR",Outstanding,31 March 2022,https://reports.ofsted.gov.uk/provider/42/50798
70329,Bradford Birth to 19 SCITT,Training provider,"St Edmunds Children Centre and Nursery, Washington Street, Bradford, West Yorkshire, BD8 9QW",,30 January 2018,https://reports.ofsted.gov.uk/provider/41/70329
130532,Bradford College,Further education college,"Great Horton Road, Bradford, West Yorkshire, BD7 1AY",Outstanding,31 March 2022,https://reports.ofsted.gov.uk/provider/31/130532
70134,Bradford College,Training provider,"Bradford College - Lister Building, Great Horton Road, Bradford, West Yorkshire, BD7 1AY",,05 August 2006,https://reports.ofsted.gov.uk/provider/41/70134
2556392,Bragd LLP,Independent learning provider,"Buchan House, Carnegie Campus, Enterprise Way, Dunfermline, KY11 8PL",Outstanding,31 March 2022,https://reports.ofsted.gov.uk/provider/33/2556392
2654166,Braillard Training Limited,Independent learning provider,"Unit 4 Tungsten Building, George Street, Portslade, Brighton, BN41 1RA",Outstanding,31 March 2022,https://reports.ofsted.gov.uk/provider/33/2654166
2691456,Brathay Trust,Independent learning provider,"Brathay Hall, Clappersgate, Ambleside, LA22 0HP",Outstanding,31 March 2022,https://reports.ofsted.gov.uk/provider/33/2691456
150315,Breakthrough College,,"Breakthrough Transformation Trust, Cannamore Farm, Avonwick, South Brent, Devon, TQ10 9HA",,,https://reports.ofsted.gov.uk/provider/39/150315
2804858,Breakthrough Social Enterprise Limited,Independent learning provider,"Better Space, 127 Farringdon Rd, London, EC1R 3DA",Outstanding,31 March 2022,https://reports.ofsted.gov.uk/provider/33/2804858
53106,Brent Start Adult Education Service,Training provider,"Brent Start Hillside Centre, Twybridge Way, London, NW10 0ST",Outstanding,31 March 2022,https://reports.ofsted.gov.uk/provider/42/53106
142914,Brentwood Community College,,"Cherry Lane, Sale, M33 4GY",Outstanding,31 March 2022,https://reports.ofsted.gov.uk/provider/39/142914
134143,Bridge College,,"Openshaw Campus, Whitworth Street, Bridge College Whitworth Street, Manchester, M11 2GR",Outstanding,31 March 2022,https://reports.ofsted.gov.uk/provider/39/134143
50827,Bridge Training Limited,Independent learning provider,"Archdeacon Training Centre, Archdeacon Street, Gloucester, GL1 2QX",Outstanding,31 March 2022,https://reports.ofsted.gov.uk/provider/33/50827
2748168,Bridges (Electrical Engineers) Limited,Independent learning provider,"Unit 31a Second Avenue, Westfield Industrial Estate, Midsomer Norton, BA3 4BH",Outstanding,31 March 2022,https://reports.ofsted.gov.uk/provider/33/2748168
2554027,Bridgeway Consulting Limited,Training provider,"Bridgeway House, 2 Riverside Way, Nottingham, NG2 1DP",Outstanding,31 March 2022,https://reports.ofsted.gov.uk/provider/30/2554027
,Bridgwater and Taunton College,,"Bridgwater College, Cannington Centre for Land Based Studie, Cannington, BRIDGWATER, Somerset, TA5 2LS",,10 April 2003,https://reports.ofsted.gov.uk/provider/3/SC045170
2654129,Bright Bees Nursery Ltd,Independent learning provider,"Phoenix House, 1 King Street, Leicester, LE1 6RN",Outstanding,31 March 2022,https://reports.ofsted.gov.uk/provider/33/2654129
1278604,Bright Direction Training Limited,Independent learning provider,"Acrefield House, Suite 3B, Exchange Street, Bolton, BL1 1RS",Outstanding,31 March 2022,https://reports.ofsted.gov.uk/provider/33/1278604
70308,Bright Futures SCITT,Training provider,"the Lodge/Altrincham Grammar school for Girls/cavendish road, Cavendish Road Bowdon Altrincham, Altrincham, Greater Manchester, WA14 2NJ",,13 November 2017,https://reports.ofsted.gov.uk/provider/41/70308
1280331,Brighter Beginnings Day Nursery Limited,Independent learning provider,"Ace Mill, Gorse Street, Chadderton, Oldham, OL9 9RJ",Outstanding,31 March 2022,https://reports.ofsted.gov.uk/provider/33/1280331
54725,Brighter Futures Merseyside Limited,Independent learning provider,"Threlfall Building, Trueman Street, Liverpool, L3 2BA",Outstanding,31 March 2022,https://reports.ofsted.gov.uk/provider/33/54725
152227,Brighter Futures Specialist College Ltd,,"Harrow Manorway, London, SE2 9FL",,,https://reports.ofsted.gov.uk/provider/39/152227
50835,Brighton & Hove City Council,Training provider,"Jubilee library, Jubilee St, Brighton and Hove, Brighton, BN1 1GE",Outstanding,31 March 2022,https://reports.ofsted.gov.uk/provider/42/50835
130669,Brighton Hove and Sussex Sixth Form College,,"205 Dyke Road, Hove, East Sussex, BN3 6EG",Outstanding,31 March 2022,https://reports.ofsted.gov.uk/provider/40/130669
50846,Bristol City Council,Training provider,"The Park, Daventry Road, BS4 1DQ",Outstanding,31 March 2022,https://reports.ofsted.gov.uk/provider/42/50846
2755441,Brit College,Training provider,"602 Commercial Road, Limehouse Lock, London, E14 7HS",,23 January 2024,https://reports.ofsted.gov.uk/provider/41/2755441
2748191,Britasia TV Network Ltd,Independent learning provider,"158 Broad Street, Birmingham, B15 1DT",Outstanding,31 March 2022,https://reports.ofsted.gov.uk/provider/33/2748191
1223682,British Academy of Jewellery,Independent learning provider,"81-84 Chalk Farm Road, London, NW1 8AR",Outstanding,31 March 2022,https://reports.ofsted.gov.uk/provider/33/1223682
54805,British Army,Training provider,"Education Branch Army Personnel Services Group, Ramillies Building, Marlborough Lines, Andover, SP11 8HJ",Outstanding,31 March 2022,https://reports.ofsted.gov.uk/provider/30/54805
50855,British Gas Services Limited,Training provider,"Quality Improvement & Support Manager, Aylestone Road, Leicester, LE2 7QH",Outstanding,31 March 2022,https://reports.ofsted.gov.uk/provider/30/50855
50857,British Printing Industries Federation Ltd,Independent learning provider,"Unit 2, Villiers Court, Meriden Business Park, Copse Drive, CV5 9RN",Outstanding,31 March 2022,https://reports.ofsted.gov.uk/provider/33/50857
57752,British Telecommunications PLC,Training provider,"Kelvin House, 123 Judd Street, London, WC1H 9NP",Outstanding,26 June 2012,https://reports.ofsted.gov.uk/provider/30/57752
1251708,Brockenhurst College,,"Lyndhurst Road, Brockenhurst, Hampshire, SO42 7ZE",,09 December 2016,https://reports.ofsted.gov.uk/provider/3/1251708
130690,Brockenhurst College,Further education college,"Lyndhurst Road, Brockenhurst, Hampshire, SO42 7ZE",Outstanding,31 March 2022,https://reports.ofsted.gov.uk/provider/31/130690
53108,Bromley London Borough Council,Training provider,"Bromley Adult Education College, Kentwood Centre, Kingsdale Road, Penge, London, SE20 7PR",Outstanding,31 March 2022,https://reports.ofsted.gov.uk/provider/42/53108
150381,Bromley Mencap,,"Station Road, Bromley, BR1 3LP",Outstanding,31 March 2022,https://reports.ofsted.gov.uk/provider/39/150381
70007,Bromley Schools' Collegiate,Training provider,"Bromley Schools' Collegiate, Hayes School, West Common Road, Bromley, Kent, BR2 7DB",,05 August 2006,https://reports.ofsted.gov.uk/provider/41/70007
130825,Brooklands College,Further education college,"Heath Road, Weybridge, Surrey, KT13 8TT",Outstanding,31 March 2022,https://reports.ofsted.gov.uk/provider/31/130825
2674153,Brooks and Kirk (Assessor Training) Limited,Independent learning provider,"63, Wide Bargate, Boston, PE21 6SG",Outstanding,31 March 2022,https://reports.ofsted.gov.uk/provider/33/2674153
1248058,BRS Education Limited (The British Racing School),Independent learning provider,"11 Newmarket Road, Newmarket, CB8 7NU",Outstanding,31 March 2022,https://reports.ofsted.gov.uk/provider/33/1248058
133897,Brunel University,Apprenticeship provider,"Kingston Lane, Uxbridge, UB8 3PH",Outstanding,31 March 2022,https://reports.ofsted.gov.uk/provider/43/133897
70285,Buckingham Partnership,Training provider,"The Royal Latin School, Chandos Road, Buckingham, Buckinghamshire, MK18 1AX",,27 January 2016,https://reports.ofsted.gov.uk/provider/41/70285
130607,Buckinghamshire College Group,Further education college,"Oxford Road, Aylesbury, Buckinghamshire, HP21 8PD",Outstanding,31 March 2022,https://reports.ofsted.gov.uk/provider/31/130607
70167,Buckinghamshire College Group,Training provider,"Oxford Road, Aylesbury, Buckinghamshire, HP21 8PD",,04 November 2006,https://reports.ofsted.gov.uk/provider/41/70167
50099,Buckinghamshire Council,Training provider,"Buckinghamshire Adult Learning, Children's Services, Quarrendon Adult Learning Centre, Holman Street, Aylesbury, HP19 9LJ",Outstanding,31 March 2022,https://reports.ofsted.gov.uk/provider/42/50099
133823,Buckinghamshire New University,Apprenticeship provider,"Queen Alexandra Road, High Wycombe, Buckinghamshire, HP11 2JZ",Outstanding,31 March 2022,https://reports.ofsted.gov.uk/provider/43/133823
50888,Building Crafts College,Independent learning provider,"Kennard Road, Stratford, London, E15 1AH",Outstanding,31 March 2022,https://reports.ofsted.gov.uk/provider/33/50888
2674140,Building Heroes Education Foundation,Independent learning provider,"Brinsbury, Stane Street, North Heath, Pulborough, RH20 1DJ",,,https://reports.ofsted.gov.uk/provider/33/2674140
50893,Burleigh College,Independent learning provider,"Britannia House, 1-11 Glenthorne Road, W6 0LH",Outstanding,31 March 2022,https://reports.ofsted.gov.uk/provider/33/50893
130735,Burnley College,Further education college,"Princess Way, Burnley, Lancashire, BB12 0AN",Outstanding,31 March 2022,https://reports.ofsted.gov.uk/provider/31/130735
130809,Burton and South Derbyshire College,Further education college,"Lichfield Street, Burton-on-Trent, Staffordshire, DE14 3RL",Outstanding,31 March 2022,https://reports.ofsted.gov.uk/provider/31/130809
130498,Bury College,Further education college,"Market Street, Bury, Greater Manchester, BL9 0BG",Outstanding,31 March 2022,https://reports.ofsted.gov.uk/provider/31/130498
50898,Bury Metropolitan Borough Council,Training provider,"18 Haymarket Street, Bury, Lancashire, BL9 0AQ",Outstanding,31 March 2022,https://reports.ofsted.gov.uk/provider/42/50898
2654130,Busy Bees Education and Training Limited,Independent learning provider,"St Matthews, Shaftsbury Drive, Burntwood, WS7 9QP",Outstanding,31 March 2022,https://reports.ofsted.gov.uk/provider/33/2654130
1276392,Buttercups Training Limited,Independent learning provider,"Unit 4, Castlebridge Office Village, Castle Marina Road, Nottingham, NG7 1TN",Outstanding,31 March 2022,https://reports.ofsted.gov.uk/provider/33/1276392
58163,Buzz Learning Limited,Independent learning provider,"8, Esther Court, Ashington, Northumberland, NE63 8AP",Outstanding,31 March 2022,https://reports.ofsted.gov.uk/provider/33/58163
2691903,Bygrove Primary School,Independent learning provider,"Bygrove Street, London, E14 6DN",Outstanding,31 March 2022,https://reports.ofsted.gov.uk/provider/33/2691903
2804859,C2C Group Limited,Independent learning provider,"9 Warboys Close, BUNTINGFORD, Hertfordshire, SG9 9GA",Outstanding,31 March 2022,https://reports.ofsted.gov.uk/provider/33/2804859
2497152,Cadent Gas Limited,Training provider,"Pilot Way, Ansty Park, Ansty, Coventry, CV7 9JU",Outstanding,31 March 2022,https://reports.ofsted.gov.uk/provider/30/2497152
1278631,Calderdale and Huddersfield NHS Foundation Trust,Training provider,"Workforce and Organisational Development, Acre Mills, Acre Street, Huddersfield, West Yorkshire, HD3 3EA",Outstanding,31 March 2022,https://reports.ofsted.gov.uk/provider/30/1278631
130535,Calderdale College,Further education college,"Francis Street, Halifax, West Yorkshire, HX1 3UZ",Outstanding,31 March 2022,https://reports.ofsted.gov.uk/provider/31/130535
50958,Calderdale Metropolitan Borough Council,Training provider,"Calderdale Adult Learning at Heath, Unit 4, Heath Campus, Free School Lane, Halifax, HX1 2PS",Outstanding,31 March 2022,https://reports.ofsted.gov.uk/provider/42/50958
58586,Calex UK Ltd,Independent learning provider,"842 Yeovil Road, Slough, Berkshire, SL1 4JG",Outstanding,31 March 2022,https://reports.ofsted.gov.uk/provider/33/58586
2717160,Call of the Wild (Development) Limited,Independent learning provider,"83, Church Road, Seven Sisters, Neath, SA10 9DT",Outstanding,31 March 2022,https://reports.ofsted.gov.uk/provider/33/2717160
144740,Callywith College,,"Old Callywith Road, Bodmin, Cornwall, PL31 2GT",Outstanding,31 March 2022,https://reports.ofsted.gov.uk/provider/46/144740
144791,Calman Colaiste (Kisimul Group),,"Wisbech Road, Thorney, Peterborough, PE6 0TD",Outstanding,31 March 2022,https://reports.ofsted.gov.uk/provider/39/144791
133166,Camberwell College of Arts,Further education college,"45-65 Peckham Road, London, SE5 8UF",,,https://reports.ofsted.gov.uk/provider/31/133166
131868,Cambian Dilston College,,"Dilston Hall, Corbridge, NE45 5RJ",Outstanding,31 March 2022,https://reports.ofsted.gov.uk/provider/39/131868
131921,Cambian Lufton College,,"Lufton, Yeovil, BA22 8ST",Outstanding,31 March 2022,https://reports.ofsted.gov.uk/provider/39/131921
132082,Cambian Wing College,,"126 Richmond Park Road, Bournemouth, Dorset, BH8 8TH",Outstanding,31 March 2022,https://reports.ofsted.gov.uk/provider/39/132082
2539224,Cambridge Marketing College Limited,Independent learning provider,"1 Sycamore Studios, Over, Cambridge, CB24 5PJ",Outstanding,31 March 2022,https://reports.ofsted.gov.uk/provider/33/2539224
149596,Cambridge Maths School,,"119 Mill Road, Cambridge, Cambridgeshire, CB1 2AZ",Outstanding,31 March 2022,https://reports.ofsted.gov.uk/provider/46/149596
2539225,Cambridge Professional Academy Limited,Independent learning provider,"3-5 Francis Court, High Ditch Road, Fen Ditton, Cambridge, Cambridgeshire, CB5 8TE",Outstanding,31 March 2022,https://reports.ofsted.gov.uk/provider/33/2539225
130610,Cambridge Regional College,Further education college,"Science Park Campus, Kings Hedges Road, Cambridge, Cambridgeshire, CB4 2QT",Outstanding,31 March 2022,https://reports.ofsted.gov.uk/provider/31/130610
2539299,Cambridge Spark Limited,Independent learning provider,"5th Floor, Caledonia House, 223 Pentonville Road, London, N1 9NG",Outstanding,31 March 2022,https://reports.ofsted.gov.uk/provider/33/2539299
70249,"Cambridge Training Schools Network, CTSN SCITT",Training provider,"Comberton Village College, West Street, Comberton, Cambridge, Cambridgeshire, CB23 7DU",,08 August 2009,https://reports.ofsted.gov.uk/provider/41/70249
50971,Cambridgeshire County Council,Training provider,"New Shire Hall, Emery Crescent, Enterprise Campus, Cambridge, PE28 4YE",Outstanding,31 March 2022,https://reports.ofsted.gov.uk/provider/42/50971
53110,Camden London Borough Council,Training provider,"Adult and community learning, 5 Pancras Square, London, N1C 4AG",Outstanding,31 March 2022,https://reports.ofsted.gov.uk/provider/42/53110
131958,Camphill Wakefield (Pennine Camphill Community Ltd),,"Wood Lane, Chapelthorpe, Wakefield, West Yorkshire, WF4 3JL",Outstanding,31 March 2022,https://reports.ofsted.gov.uk/provider/39/131958
2717179,Campus Training Limited,Independent learning provider,"First Floor, Norfolk House, Norfolk Way, Uckfield, TN22 1EP",Outstanding,31 March 2022,https://reports.ofsted.gov.uk/provider/33/2717179
2654150,Cancer Research UK,Training provider,"2 Redman Place, London, E20 1JQ",Outstanding,31 March 2022,https://reports.ofsted.gov.uk/provider/30/2654150
2804848,Canine Groom School Ltd,Independent learning provider,"Howgill Farm, Howgill Lane, Rimington, Clitheroe, BB7 4EF",Outstanding,31 March 2022,https://reports.ofsted.gov.uk/provider/33/2804848
133806,Canterbury Christ Church University,Apprenticeship provider,"North Holmes Road, Canterbury, Kent, CT1 1QU",Outstanding,31 March 2022,https://reports.ofsted.gov.uk/provider/43/133806
70011,Canterbury Christ Church University,Training provider,"North Holmes Road, -, Canterbury, Kent, CT1 1QU",,05 August 2006,https://reports.ofsted.gov.uk/provider/41/70011
50992,Canto Learning Limited,Independent learning provider,"Willis House, Tonmead Road, Lumbertubs, Northampton, NN3 8HU",Outstanding,31 March 2022,https://reports.ofsted.gov.uk/provider/33/50992
145869,CAPA College,,"Mulberry Way, Wakefield, West Yorkshire, WF1 2QN",Outstanding,31 March 2022,https://reports.ofsted.gov.uk/provider/46/145869
130438,Capel Manor College,Further education college,"Bullsmoor Lane, Enfield, EN1 4RQ",Outstanding,31 March 2022,https://reports.ofsted.gov.uk/provider/31/130438
2510854,Capella Associates Ltd,Independent learning provider,"Process Management International, Villiers Court, Meriden Business Park, Millisons Wood, Coventry, CV5 9RN",Outstanding,31 March 2022,https://reports.ofsted.gov.uk/provider/33/2510854
58177,Capita PLC,Independent learning provider,"The Fire Service College, London Road, MORETON-IN-MARSH, Gloucestershire, GL56 0RH",Outstanding,31 March 2022,https://reports.ofsted.gov.uk/provider/33/58177
1278614,Capital 4 Training Limited,Independent learning provider,"Collingwood Buildings, 38 Collingwood Street, Newcastle Upon Tyne, NE1 1JF",Outstanding,31 March 2022,https://reports.ofsted.gov.uk/provider/33/1278614
130421,Capital City College,Further education college,"211 Gray's Inn Road, London, WC1X 8RA",Outstanding,31 March 2022,https://reports.ofsted.gov.uk/provider/31/130421
2748192,Capslock Education Ltd,Independent learning provider,"30-32 Charlotte Street, Manchester, M1 4FD",Outstanding,31 March 2022,https://reports.ofsted.gov.uk/provider/33/2748192
2526597,Captiva Learning Ltd,Independent learning provider,"4 Cam Road, London, E15 2SN",Outstanding,31 March 2022,https://reports.ofsted.gov.uk/provider/33/2526597
130745,Cardinal Newman College,,"LARK HILL ROAD, AVENHAM, PRESTON, LANCASHIRE, PR1 4HD",Outstanding,31 March 2022,https://reports.ofsted.gov.uk/provider/40/130745
2654157,Care Int Limited,Independent learning provider,"Lex House, 1-7 Hainault Street, Ilford, Essex, IG1 4EL",Outstanding,31 March 2022,https://reports.ofsted.gov.uk/provider/33/2654157
2791007,Career Group Courses Limited,Independent learning provider,"Lancaster House, 70 Newington Causeway, London, SE1 6DF",Outstanding,31 March 2022,https://reports.ofsted.gov.uk/provider/33/2791007
2626821,Careerwise Consultancy Ltd,Independent learning provider,"9 Enfield Road, London, N1 5EN",Outstanding,31 March 2022,https://reports.ofsted.gov.uk/provider/33/2626821
1280350,Careshield Limited,Independent learning provider,"Careshield Limited, 1st Floor, Bank House, Primett Road, Stevenage, Herts, SG1 3EE",Outstanding,31 March 2022,https://reports.ofsted.gov.uk/provider/33/1280350
2804860,Carey Group Limited,Independent learning provider,"Carey House, Great Central Way, Wembley, Brent, HA9 0HR",Outstanding,31 March 2022,https://reports.ofsted.gov.uk/provider/33/2804860
130489,Carmel College,,"Prescot Road, St Helens, Merseyside, WA10 3AG",Outstanding,31 March 2022,https://reports.ofsted.gov.uk/provider/40/130489
2539244,Caroline Pauling T/A Peak Accountancy Training,Independent learning provider,"First Floor, Adelphi Mill, Grimshaw Lane, Bollington, Cheshire, SK10 5JB",Outstanding,31 March 2022,https://reports.ofsted.gov.uk/provider/33/2539244
2814670,Castle & Co Training Limited,Independent learning provider,"Dickens House, Guithavon Street, Witham, Essex, CM8 1BJ",Outstanding,31 March 2022,https://reports.ofsted.gov.uk/provider/33/2814670
2674144,Castle View Group Training Limited,Independent learning provider,"4-5 Lumley Court, Drum Industrial Estate, Chester Le Street, County Durham, DH2 1AN",Outstanding,31 March 2022,https://reports.ofsted.gov.uk/provider/33/2674144
54215,Catch 22 Charity Limited,Independent learning provider,"Community Links, 105 Barking Road, Canning Town, London, E16 4HQ",Outstanding,31 March 2022,https://reports.ofsted.gov.uk/provider/33/54215
145163,Catcote Futures,,"Warren Road, Oakesway, Hartlepool, TS24 0RG",Outstanding,31 March 2022,https://reports.ofsted.gov.uk/provider/39/145163
2539270,Caunton Engineering Limited,Training provider,"Caunton House, 2 Coombe Road, Moorgreen Industrial Park, Nottingham, Nottinghamshire, NG16 3SU",Outstanding,31 March 2022,https://reports.ofsted.gov.uk/provider/30/2539270
2804861,Cavity Dental Training Limited,Independent learning provider,"614 Reading Road, Winnersh, Wokingham, RG41 5HE",Outstanding,31 March 2022,https://reports.ofsted.gov.uk/provider/33/2804861
2636501,Cecos Computing International Ltd,Independent learning provider,"1st Floor, St Georges Chambers, 23 Edmonton Green Shopping Centre, Edmonton, LONDON, N9 0TS",Outstanding,31 March 2022,https://reports.ofsted.gov.uk/provider/33/2636501
2674141,Cedars Training Academy Limited,Independent learning provider,"26, Station Road, Gloucester, GL1 1EW",Outstanding,31 March 2022,https://reports.ofsted.gov.uk/provider/33/2674141
2636538,Cedarwood Trust,Independent learning provider,"The Meadow Well Centre, Avon Avenue, North Shields, NE29 7QT",Outstanding,31 March 2022,https://reports.ofsted.gov.uk/provider/33/2636538
2654152,Cellar Tapes UK Ltd,Independent learning provider,"Storage Giant, 821 Bath Rd, Brislington, Bristol, BS4 5NL",Outstanding,31 March 2022,https://reports.ofsted.gov.uk/provider/33/2654152
2772952,Cenit Group Limited,Independent learning provider,"71-75 Shelton Street, Covent Garden, London, WC2H 9JQ",Outstanding,31 March 2022,https://reports.ofsted.gov.uk/provider/33/2772952
59021,Central Bedfordshire Council,Training provider,"Priory House, Monks Walk, Chicksands, Shefford, SG17 5TQ",Outstanding,31 March 2022,https://reports.ofsted.gov.uk/provider/42/59021
2814694,Central Employment Agency,Training provider,"Portland House, 54 New Bridge Street West, Newcastle, Tyne and Wear, NE1 8AP",,,https://reports.ofsted.gov.uk/provider/30/2814694
2626844,Central Medical Services Ltd,Independent learning provider,"Unit 2 Park Place, Robey Close, Linby, NG15 8AA",,,https://reports.ofsted.gov.uk/provider/33/2626844
51072,Central Training Academy Limited,Independent learning provider,"44 Alexandra Street, Southend-On-Sea, SS1 1BJ",Outstanding,31 March 2022,https://reports.ofsted.gov.uk/provider/33/51072
2625235,Central Veterinary Services Limited,Independent learning provider,"Central College of Animal Studies, Ipswich Veterinary Centre, 1 Donald Mackintosh Way, Ipswich, Suffolk, IP8 3LQ",Outstanding,31 March 2022,https://reports.ofsted.gov.uk/provider/33/2625235
57598,Central Young Men's Christian Association,Independent learning provider,"112 Great Russell Street, London, WC1B 3NQ",Outstanding,31 March 2022,https://reports.ofsted.gov.uk/provider/33/57598
2654151,Centre for Leadership and Management Development Limited,Independent learning provider,"18-36 Wellington St, Woolwich, London, SE18 6PF",,,https://reports.ofsted.gov.uk/provider/33/2654151
1278564,CERT C.I.C,Independent learning provider,"The Ropewalk, Maltkiln Road, Barton-Upon-Humber, North Lincolnshire, DN18 5JT",Outstanding,31 March 2022,https://reports.ofsted.gov.uk/provider/33/1278564
144729,Chadsgrove Educational Trust Specialist College,,"Meadow Road, Catshill, Bromsgrove, Worcestershire, B61 0JL",Outstanding,31 March 2022,https://reports.ofsted.gov.uk/provider/39/144729
1248007,Challenge-trg Skills Limited,Independent learning provider,"Cambrai Court, 1231 Stratford Road, Hall Green, Birmingham, B28 9AA",Outstanding,31 March 2022,https://reports.ofsted.gov.uk/provider/33/1248007
2494979,Chameleon Vocational Training Limited,Independent learning provider,"6c Glover Industrial Estate, Spire Road, Washington, NE37 3ES",Outstanding,31 March 2022,https://reports.ofsted.gov.uk/provider/33/2494979
2701035,Change Board Holdings Limited,Independent learning provider,"201 Haverstock Hill, London, NW3 4QG",Outstanding,31 March 2022,https://reports.ofsted.gov.uk/provider/33/2701035
2791008,Change Please CIC,Independent learning provider,"Unit 5, Print Village, 58 Chadwick Road, London, SE15 4PU",Outstanding,31 March 2022,https://reports.ofsted.gov.uk/provider/33/2791008
2691300,Channel Training Limited,Independent learning provider,"The Adventure Centre, Warren Road, Minehead, TA24 5BG",Outstanding,31 March 2022,https://reports.ofsted.gov.uk/provider/33/2691300
2765311,Channicool Training Services Limited,Independent learning provider,"2, Broadley Court Parkwood Close, Roborough, Plymouth, PL6 7SQ",Outstanding,31 March 2022,https://reports.ofsted.gov.uk/provider/33/2765311
140940,Chapeltown Academy,,"Hydra Business Park, Nether Lane, Sheffield, South Yorkshire, S35 9ZX",Outstanding,31 March 2022,https://reports.ofsted.gov.uk/provider/46/140940
2539247,Chartered Institution of Railway Operators,Independent learning provider,"Beacon Building 2nd Floor, Stafford Enterprise Park West, Weston Road, Stafford, ST18 0BF",Outstanding,31 March 2022,https://reports.ofsted.gov.uk/provider/33/2539247
141887,Chatsworth Futures Limited,,"Vicarage Road, Swinton, Greater Manchester, M27 0WA",Outstanding,31 March 2022,https://reports.ofsted.gov.uk/provider/39/141887
130679,Chelmsford College,Further education college,"Moulsham Street, Chelmsford, Essex, CM2 0JQ",Outstanding,31 March 2022,https://reports.ofsted.gov.uk/provider/31/130679
2577226,Chelsea and Westminster Hospital NHS Foundation Trust,Independent learning provider,"369 Fulham Road, London, SW10 9NH",Outstanding,31 March 2022,https://reports.ofsted.gov.uk/provider/33/2577226
70321,Chepping View Primary Academy SCITT,Training provider,"Chepping View Primary Academy SCITT, Cressex Road, High Wycombe, Bucks, HP12 4PR",,12 January 2018,https://reports.ofsted.gov.uk/provider/41/70321
1280348,Cherith Simmons Learning & Development LLP,Independent learning provider,"The Learning Centre, 135-137 Station Road, ADDLESTONE, Surrey, KT15 2AT",Outstanding,31 March 2022,https://reports.ofsted.gov.uk/provider/33/1280348
130619,Cheshire College - South & West,Further education college,"Dane Bank Avenue, Crewe, Cheshire, CW2 8AB",Outstanding,31 March 2022,https://reports.ofsted.gov.uk/provider/31/130619
59017,Cheshire East Council,Training provider,"Delamere House, Delamere Street, CREWE, CW1 2LL",Outstanding,31 March 2022,https://reports.ofsted.gov.uk/provider/42/59017
70351,Cheshire East SCITT,Training provider,"Holmes Chapel Comprehensive School, Selkirk Drive, Holmes Chapel, Cheshire, CW4 7DX",,02 February 2018,https://reports.ofsted.gov.uk/provider/41/70351
58930,Cheshire West and Chester Council,Training provider,"The Portal, Wellington Road, Ellesmere Port, Chester, Cheshire, CH65 0BA",Outstanding,31 March 2022,https://reports.ofsted.gov.uk/provider/42/58930
130638,Chesterfield College,Further education college,"Infirmary Road, Chesterfield, Derbyshire, S41 7NG",Outstanding,31 March 2022,https://reports.ofsted.gov.uk/provider/31/130638
51142,Cheyne's (Management) Limited,Independent learning provider,"Arora Gatwick Hotel, Southgate Avenue, Crawley, Sussex, RH10 6LW",Outstanding,25 January 2002,https://reports.ofsted.gov.uk/provider/33/51142
52489,Cheynes Training Limited,Independent learning provider,"2 London Road, Horndean, Waterlooville, PO8 0BZ",Outstanding,31 March 2022,https://reports.ofsted.gov.uk/provider/33/52489
,Chichester College,,"Chichester College, Avenue de Chartres, Chichester, West Sussex, PO19 1SB",,05 February 2003,https://reports.ofsted.gov.uk/provider/3/SC042625
130843,Chichester College Group,Further education college,"Westgate Fields, Chichester, West Sussex, PO19 1SB",Outstanding,31/07/2022,https://reports.ofsted.gov.uk/provider/31/130843
2654184,Childbase Partnership Limited,Independent learning provider,"Kingston House, Northampton Road, Newport Pagnell, MK16 8NJ",Outstanding,31 March 2022,https://reports.ofsted.gov.uk/provider/33/2654184
70014,Chiltern Training Group,Training provider,"Chiltern Learning Trust, Redgrave Gardens, Luton, LU3 3QN",,05 August 2006,https://reports.ofsted.gov.uk/provider/41/70014
51149,Chiltern Training Limited,Independent learning provider,"One Valpy, 20 Valpy Street, Reading, RG1 1AR",Outstanding,31 March 2022,https://reports.ofsted.gov.uk/provider/33/51149
1276393,Choice Training Ltd,Independent learning provider,"Seareach House, Wantz Road, Dagenham, RM10 8PS",Outstanding,31 March 2022,https://reports.ofsted.gov.uk/provider/33/1276393
130416,Christ The King Sixth Form College,,"Belmont Grove, Lewisham, London, SE13 5GE",Outstanding,31 March 2022,https://reports.ofsted.gov.uk/provider/40/130416
2771047,Christ The Redeemer College,Training provider,"23 Village Way East, Harrow, HA2 7LX",,08 February 2024,https://reports.ofsted.gov.uk/provider/41/2771047
1278580,Chrysos HR Solutions Limited,Independent learning provider,"47 Grove Street, RETFORD, DN22 6LA",Outstanding,31 March 2022,https://reports.ofsted.gov.uk/provider/33/1278580
1278567,Cilex Law School Limited,Independent learning provider,"College House, Manor Drive, Kempston, Bedford, MK42 7AB",Outstanding,31 March 2022,https://reports.ofsted.gov.uk/provider/33/1278567
1278693,CIPFA Business Limited,Independent learning provider,"77 Mansell Street, London, E1 8AN",Outstanding,31 March 2022,https://reports.ofsted.gov.uk/provider/33/1278693
2791009,Cipher Medical Consultancy Limited,Training provider,"5 Limeoak Way, Portrack Lane, Stockton, TS18 2LS",Outstanding,31 March 2022,https://reports.ofsted.gov.uk/provider/30/2791009
2539288,CIPS Corporate Services Limited,Independent learning provider,"Chartered Institute of Procurement and Supply (CIPS), WestPoint, Lynch Wood, Peterborough, PE2 6FZ",Outstanding,31 March 2022,https://reports.ofsted.gov.uk/provider/33/2539288
130686,Cirencester College,Apprenticeship provider,"Fosse Way Campus, Stroud Road, Cirencester, Gloucestershire, GL7 1XA",Outstanding,31 March 2022,https://reports.ofsted.gov.uk/provider/40/130686
51170,CITB (Construction Industry Training Board),Independent learning provider,"Bircham Newton, King's Lynn, Norfolk, PE31 6RH",Outstanding,31 March 2022,https://reports.ofsted.gov.uk/provider/33/51170
2654247,Citrus Training Limited,Independent learning provider,"Citrus Group House, Nene Park, Diamond Way, Irthlingborough, WELLINGBOROUGH, NN9 5QF",Outstanding,31 March 2022,https://reports.ofsted.gov.uk/provider/33/2654247
2576569,"City College Norwich, Paston College and Easton College",,"Easton College, Easton, Norwich, Norfolk, NR9 5DX",,09 January 2020,https://reports.ofsted.gov.uk/provider/3/2576569
2654125,City College of London Ltd,Independent learning provider,"1-4 Beresford Square, 2nd Floor, Woolwich, SE18 6BB",,,https://reports.ofsted.gov.uk/provider/33/2654125
53865,City College Peterborough,Training provider,"PETERBOROUGH COLLEGE OF ADULT EDUCATION, BROOK STREET, PE1 1TU",Outstanding,31 March 2022,https://reports.ofsted.gov.uk/provider/42/53865
130649,City College Plymouth,Further education college,"Kings Road, Devonport, Plymouth, Devon, PL1 5QG",Outstanding,31 March 2022,https://reports.ofsted.gov.uk/provider/31/130649
58841,City Gateway,Independent learning provider,"The Pavilion Import Building, 2 Clove Crescent, Poplar, London, E14 2BE",Outstanding,31 March 2022,https://reports.ofsted.gov.uk/provider/33/58841
130401,City Lit,Further education college,"Keeley Street, Covent Garden, London, WC2B 4BA",Outstanding,31 March 2022,https://reports.ofsted.gov.uk/provider/31/130401
50806,City Of Bradford Metropolitan District Council,Training provider,"City Training Chapel, Chapel Street, Bradford, BD1 5BY",Outstanding,31 March 2022,https://reports.ofsted.gov.uk/provider/42/50806
131094,City of Bristol College,Further education college,"St George's Road, Anchor Road, Bristol, BS1 5UA",Outstanding,31 March 2022,https://reports.ofsted.gov.uk/provider/31/131094
51578,City of Doncaster Council,Training provider,"Council House, College Road, Doncaster, DN1 3AJ",Outstanding,31 March 2022,https://reports.ofsted.gov.uk/provider/42/51578
51359,City of London Adult Community Learning,Training provider,"PO Box 270, EC2P 2EJ",Outstanding,31 March 2022,https://reports.ofsted.gov.uk/provider/42/51359
130697,City of Portsmouth College,Further education college,"Tudor Crescent, Cosham, Portsmouth, Hampshire, PO6 2SA",Outstanding,31/08/2021,https://reports.ofsted.gov.uk/provider/31/130697
145003,City of Stoke-On-Trent Sixth Form College,,"Leek Road, Stoke-on-Trent, Staffordshire, ST4 2RU",Outstanding,31 March 2022,https://reports.ofsted.gov.uk/provider/46/145003
131347,City of Sunderland College,Further education college,"Bede Centre, Durham Road, Sunderland, Tyne and Wear, SR3 4AH",Outstanding,15/03/2019,https://reports.ofsted.gov.uk/provider/31/131347
130484,City of Wolverhampton College,Further education college,"Paget Road, Wolverhampton, West Midlands, WV6 0DU",Outstanding,31 March 2022,https://reports.ofsted.gov.uk/provider/31/130484
55476,City of York Council,Training provider,"City Of York, West Offices, Station Rise, YORK, YO1 6GA",Outstanding,31 March 2022,https://reports.ofsted.gov.uk/provider/42/55476
2577229,City Skills Limited,Independent learning provider,"Unit 59, Capital Business Centre, 22 Carlton Road, South Croydon, CR2 0BS",Outstanding,31 March 2022,https://reports.ofsted.gov.uk/provider/33/2577229
133815,City University,Apprenticeship provider,"Northampton Square, London, EC1V 0HB",Outstanding,31 March 2022,https://reports.ofsted.gov.uk/provider/43/133815
1248008,Civil Ceremonies Limited,Independent learning provider,"Unit 1 Shield Office Centre, 186a Station Road, Burton Latimer, Kettering, NN15 5NT",Outstanding,31 March 2022,https://reports.ofsted.gov.uk/provider/33/1248008
2814671,Civil Nuclear Constabulary,Independent learning provider,"CNC Training, Building F7, Culham Campus, Abingdon, Oxfordshire, OX14 3DB",Outstanding,31 March 2022,https://reports.ofsted.gov.uk/provider/33/2814671
2848493,CK Assessment and Training Limited,Independent learning provider,"Unit 1-3, Meridan Building, Nazeing New Road, Broxbourne, EN10 6SX",,,https://reports.ofsted.gov.uk/provider/33/2848493
2701036,CLAAS UK Limited,Independent learning provider,"Saxham Business Park, Little Saxham, Bury St Edmunds, IP28 6QZ",Outstanding,31 March 2022,https://reports.ofsted.gov.uk/provider/33/2701036
2804862,Clancy Group Holdings Limited,Training provider,"Clare House, Coppermill Lane, Harefield, Uxbridge, Middlesex, UB9 6HZ",Outstanding,31 March 2022,https://reports.ofsted.gov.uk/provider/30/2804862
59217,Clarkson Evans Training Limited,Independent learning provider,"Meteor Business Park, Cheltenham Road East, Gloucester, GL2 9QL",Outstanding,31 March 2022,https://reports.ofsted.gov.uk/provider/33/59217
2741628,Claudius Consulting Limited,Independent learning provider,"Blake House, 18 Blake Street, York, YO1 8QG",Outstanding,31 March 2022,https://reports.ofsted.gov.uk/provider/33/2741628
2730901,Clear Quality Limited,Independent learning provider,"Unit 3, Concept court, Wath upon Dearne, Rotherham, S63 5BD",Outstanding,31 March 2022,https://reports.ofsted.gov.uk/provider/33/2730901
2625241,Clearline Recruitment Ltd,Independent learning provider,"Fourth Floor, 132 Queens Road, Eastbourne, Brighton, BN1 3WB",Outstanding,31 March 2022,https://reports.ofsted.gov.uk/provider/33/2625241
2848476,Cleshar Contract Services Limited,Training provider,"Mercury House, Heather Park Drive, Wembley, London, HA0 1SS",,,https://reports.ofsted.gov.uk/provider/30/2848476
2741629,Cliffe House Day Nurseries Limited,Independent learning provider,"Cliffe House Day Nursery, Back Featherbank Terrace, Horsforth, Leeds, LS18 4SZ",Outstanding,31 March 2022,https://reports.ofsted.gov.uk/provider/33/2741629
2556350,Clifford College Ltd,Independent learning provider,"Clifford House, Clifford House Hampton Heath Industrial Estate, Hampton, Malpas, Cheshire, SY14 8LU",Outstanding,31 March 2022,https://reports.ofsted.gov.uk/provider/33/2556350
2814709,Clint Stamper Training Limited,Independent learning provider,"Wellington Farm, Lamplugh Road, Cockermouth, CA13 0QU",Outstanding,31 March 2022,https://reports.ofsted.gov.uk/provider/33/2814709
51201,CMS Vocational Training Ltd.,Independent learning provider,"Parr House, 26 Station Rd, Batley, WF17 5SU",Outstanding,31 March 2022,https://reports.ofsted.gov.uk/provider/33/51201
2741630,Cnet Training Limited,Independent learning provider,"Unit 7-10, Park Farm Business Centre, Fornham Park,Fornham St. Genevieve, Bury St. Edmunds, IP28 6TS",Outstanding,31 March 2022,https://reports.ofsted.gov.uk/provider/33/2741630
2748193,Code Institute Limited,Independent learning provider,"483 Green Lanes, London, N13 4BS",Outstanding,31 March 2022,https://reports.ofsted.gov.uk/provider/33/2748193
2539252,Code Nation Limited,Independent learning provider,"28 City Road, Chester, CH1 3AE",Outstanding,31 March 2022,https://reports.ofsted.gov.uk/provider/33/2539252
2691329,Code Your Future,Independent learning provider,"1 Dudley Street, Birmingham, B5 4EG",,,https://reports.ofsted.gov.uk/provider/33/2691329
2814684,Coding Black Females Ltd,Independent learning provider,"Unit 70 Containerville, 38-40 The Oval, London, E2 9DT",Outstanding,31 March 2022,https://reports.ofsted.gov.uk/provider/33/2814684
2625248,Cogent SSC Limited,Independent learning provider,"Unit 5, Mandarin Court, Warrington, WA1 1GG",Outstanding,31 March 2022,https://reports.ofsted.gov.uk/provider/33/2625248
2539257,Cognitia Consulting Limited,Independent learning provider,"148 Afon House, Aberrhondda Road, Porth Rhondda Cynon Taf, Porth, CF39 0BA",Outstanding,31 March 2022,https://reports.ofsted.gov.uk/provider/33/2539257
1278655,Cognition Evolve UK Ltd,Independent learning provider,"Holmfield Mill, Holdsworth Road, Halifax, West Yorkshire, HX3 6SN",Outstanding,31 March 2022,https://reports.ofsted.gov.uk/provider/33/1278655
2748161,Cogrammar Ltd,Independent learning provider,"20-22 Wenlock Road, London, N1 7GU",Outstanding,31 March 2022,https://reports.ofsted.gov.uk/provider/33/2748161
130674,Colchester Institute,Further education college,"Sheepen Road, Colchester, Essex, CO3 3LL",Outstanding,31 March 2022,https://reports.ofsted.gov.uk/provider/31/130674
70156,Colchester Teacher Training Consortium,Training provider,"Colchester County High School for Girls, Norman Way, Colchester, Essex, CO3 3US",,05 August 2006,https://reports.ofsted.gov.uk/provider/41/70156
1278624,Coleg Cambria,Independent learning provider,"Grove Park Road, Wrexham, Clwyd, LL12 7AB",Outstanding,31 March 2022,https://reports.ofsted.gov.uk/provider/33/1278624
2848477,College of Legal Practice Limited,Independent learning provider,"C/O Pinsen Mason Secretarial Limited, 1 Park Row, Leeds, LS1 5AB",,,https://reports.ofsted.gov.uk/provider/33/2848477
50411,Collinge & Co Training Limited,Independent learning provider,"43 Castle Street, Liverpool, L2 9SH",Outstanding,31 March 2022,https://reports.ofsted.gov.uk/provider/33/50411
2772945,Commercial Driver Training Limited,Independent learning provider,"10 South Street, Epsom, KT18 7PF",,,https://reports.ofsted.gov.uk/provider/33/2772945
131869,Communication Specialist College - Doncaster,,"Leger Way, Doncaster, DN2 6AY",Outstanding,31 March 2022,https://reports.ofsted.gov.uk/provider/39/131869
,Communication Specialist College Doncaster,,"Communication Specialist College Doncaster, Leger Way, DONCASTER, South Yorkshire, DN2 6AY",,13 February 2002,https://reports.ofsted.gov.uk/provider/3/SC008016
2636480,Communicators Training Associates Limited,Independent learning provider,"Communicators Training Associates Limited, Durham Way South, Aycliffe Business Park, Newton Aycliffe, DL5 6XP",Outstanding,31 March 2022,https://reports.ofsted.gov.uk/provider/33/2636480
2814701,Community & Business Partnership,Independent learning provider,"Energy Zone, Newfield Drive, Blackburn, BB2 3UA",,,https://reports.ofsted.gov.uk/provider/33/2814701
144787,Community College Initiative Ltd,,"Unit 36, Waterhouse Business Centre, Unit 36, Waterhouse Business Centre, Chelmsford, Essex, CM1 2QE",Outstanding,31 March 2022,https://reports.ofsted.gov.uk/provider/39/144787
51097,Community Learning in Partnership (CLIP) CIC,Independent learning provider,"The Bridge, 142 Bridge Street, Gainsborough, Lincolnshire, DN21 1LP",Outstanding,31 March 2022,https://reports.ofsted.gov.uk/provider/33/51097
2832198,Community Links Training and Enterprise Ltd,Independent learning provider,"Whelmar House, Skelmersdale, Lancaster, WN8 6NY",,,https://reports.ofsted.gov.uk/provider/33/2832198
2765312,Community Matters Ltd.,Independent learning provider,"Greenside House, 50 Station Road, Wood Green, London, N22 7DE",Outstanding,31 March 2022,https://reports.ofsted.gov.uk/provider/33/2765312
1248014,Community Training Portal Limited,Independent learning provider,"2 Pelham Court, Pelham Road, Nottingham, NG5 1AP",Outstanding,31 March 2022,https://reports.ofsted.gov.uk/provider/33/1248014
2643282,Compass Skills Training Limited,Independent learning provider,"Compass House, Canal Side, Cowling Business Park, Chorley, PR6 0QL",Outstanding,31 March 2022,https://reports.ofsted.gov.uk/provider/33/2643282
2791036,Competum Ltd,Independent learning provider,"BJB House, Estate Road No1, Grimsby, North East Lincs, DN31 2TB",Outstanding,31 March 2022,https://reports.ofsted.gov.uk/provider/33/2791036
1280362,Complete Lean Solutions Limited,Independent learning provider,"Windsor House, Cornwall Road, HARROGATE, HG1 2PW",Outstanding,31 March 2022,https://reports.ofsted.gov.uk/provider/33/1280362
1270922,Complete Skills Solutions Limited,Independent learning provider,"Suite B2, 1st Floor, Switch House, North Perimeter Road Bootle, Bootle, Liverpool, L30 7PT",Outstanding,31 March 2022,https://reports.ofsted.gov.uk/provider/33/1270922
2791032,Complete Training Solutions,Independent learning provider,"Unit 12, Harrington Rd, Liverpool, L3 4BH",,,https://reports.ofsted.gov.uk/provider/33/2791032
70299,Compton SCITT,Training provider,"The Compton School, Summers Lane, North Finchley, Middlesex, N12 0QG",,22 November 2016,https://reports.ofsted.gov.uk/provider/41/70299
131857,Condover College Limited,,"Grafton Centre, Grafton, Montford Bridge, Shrewsbury, Shropshire, SY4 1HF",Outstanding,31 March 2022,https://reports.ofsted.gov.uk/provider/39/131857
2577231,Connective Care Education Ltd,Independent learning provider,"13-14 Centre Court, Main Avenue, Treforest Industrial Estate, Pontypridd, CF37 5YR",Outstanding,31 March 2022,https://reports.ofsted.gov.uk/provider/33/2577231
139730,Connell Co-Op College,,"301 Alan Turing Way, Manchester, Greater Manchester, M11 3BS",Outstanding,31 March 2022,https://reports.ofsted.gov.uk/provider/46/139730
2748170,Connexin Limited,Independent learning provider,"Unit 28, K3 Business Park, 200 Cough Road, Hull, HU5 1SN",Outstanding,31 March 2022,https://reports.ofsted.gov.uk/provider/33/2748170
2643279,Consalia Limited,Independent learning provider,"The Glasshouse, 5a Hampton Road, Hampton Hill, Hampton, TW12 1JN",Outstanding,31 March 2022,https://reports.ofsted.gov.uk/provider/33/2643279
2791010,Construct Training Services Limited,Independent learning provider,"72 Boston Road, Beaumont Leys, Leicester, LE4 1HB",Outstanding,31 March 2022,https://reports.ofsted.gov.uk/provider/33/2791010
2494981,Construction and Plant Assessments Ltd,Independent learning provider,"Unit 5 Globe Court, Coal Pit Road, Denaby Lane Industrial Estate, Doncaster, South Yorkshire, DN12 4LH",Outstanding,31 March 2022,https://reports.ofsted.gov.uk/provider/33/2494981
2748194,Construction Help Line Limited,Independent learning provider,"Unit 1, 11 Batsworth Road, Mitcham, CR4 3BX",Outstanding,31 March 2022,https://reports.ofsted.gov.uk/provider/33/2748194
1278664,Contracting Services (Education and Skills) Limited,Independent learning provider,"Courtleigh House, Courtleigh, Westbury Leigh, Westbury, Wiltshire, BA13 3TA",Outstanding,31 March 2022,https://reports.ofsted.gov.uk/provider/33/1278664
53388,Cool Blue College Ltd,Independent learning provider,"Glenroyd House, Medomsley Road, Consett, County Durham, DH8 5HL",Outstanding,31 March 2022,https://reports.ofsted.gov.uk/provider/33/53388
2730902,Cordie Ltd,Independent learning provider,"Unit A1, Aerodrome Studios, 2-8 Airfield Way, Christchurch, BH23 3TS",Outstanding,31 March 2022,https://reports.ofsted.gov.uk/provider/33/2730902
2772953,Core AI Limited,Independent learning provider,"71-75 Shelton Street, London, WC2H 9JQ",Outstanding,31 March 2022,https://reports.ofsted.gov.uk/provider/33/2772953
2748187,Corecom Technology Academy Ltd,Independent learning provider,"Yorkshire House, Greek Street, Leeds, West Yorkshire, LS1 5SH",Outstanding,31 March 2022,https://reports.ofsted.gov.uk/provider/33/2748187
1278673,Corndel Limited,Independent learning provider,"5th Floor, 80 Old Street, London, EC1V 9AZ",Outstanding,31 March 2022,https://reports.ofsted.gov.uk/provider/33/1278673
1233463,Cornwall College,,"Bicton College, BUDLEIGH SALTERTON, Devon, EX9 7BY",,31 March 2016,https://reports.ofsted.gov.uk/provider/3/1233463
130627,Cornwall College,Further education college,"Corporate Headquarters, Cornwall College St Austell, Tregonissey Road, St Austell, Cornwall, PL25 4DJ",Outstanding,31 March 2022,https://reports.ofsted.gov.uk/provider/31/130627
57802,Cornwall Marine Network Limited,Independent learning provider,"Marine Business Centre, Unit 7a/b Falmouth Business Park, Falmouth, Cornwall, TR11 4SZ",Outstanding,31 March 2022,https://reports.ofsted.gov.uk/provider/33/57802
70016,Cornwall School Centred Initial Teacher Training. (Cornwall SCITT),Training provider,"Truro And Penwith College, College Road, Truro, Cornwall, TR1 3XX",,05 August 2006,https://reports.ofsted.gov.uk/provider/41/70016
2691301,Corserv Limited,Independent learning provider,"Notter Bridge Training Centre, Notter Bridge, Cornwall, PL12 4RW",Outstanding,31 March 2022,https://reports.ofsted.gov.uk/provider/33/2691301
52550,Council of the Isles of Scilly,Training provider,"Adult & Community Learning, Town Hall, St Mary's, Isles of Scilly, TR21 0LW",Outstanding,31 March 2022,https://reports.ofsted.gov.uk/provider/42/52550
51459,Coventry and Warwickshire Chambers of Commerce Training Limited,Independent learning provider,"Commerce House, 123 St Nicholas Street, CV1 4FD",Outstanding,31 March 2022,https://reports.ofsted.gov.uk/provider/33/51459
51385,Coventry City Council,Training provider,"Adult Education Service, People Directorate, Southfields Old School, South Street, Coventry, CV1 5EJ",Outstanding,31 March 2022,https://reports.ofsted.gov.uk/provider/42/51385
130472,Coventry College,Further education college,"50 Swanswell Street, Coventry, CV1 5DG",Outstanding,31 March 2022,https://reports.ofsted.gov.uk/provider/31/130472
2574148,Coventry University,Training provider,"The National School of Education and Teaching, Coventry University, Whittlebury Park, Towcester, Northamptonshire, NN12 8WP",,05 July 2022,https://reports.ofsted.gov.uk/provider/41/2574148
133808,Coventry University,Apprenticeship provider,"Priory Street, Coventry, Warwickshire, CV1 5FB",Outstanding,31 March 2022,https://reports.ofsted.gov.uk/provider/43/133808
1276409,CQM Training And Consultancy Limited,Independent learning provider,"Unit 6, Dunston Innovation Centre, Dunston Road, Chesterfield, S41 8NG",Outstanding,31 March 2022,https://reports.ofsted.gov.uk/provider/33/1276409
51395,Crackerjack Training Limited,Independent learning provider,"227 Bristol Road, Birmingham, West Midlands, B5 7UB",Outstanding,31 March 2022,https://reports.ofsted.gov.uk/provider/33/51395
148656,Craftworks,,"The Stables, Culnells Farm, School Lane, Iwade, ME9 8QJ",Outstanding,31 March 2022,https://reports.ofsted.gov.uk/provider/39/148656
133848,Cranfield University,Apprenticeship provider,"Stafford Cripps Building No 41, Cranfield, Bedfordshire, MK43 0AL",Outstanding,31 March 2022,https://reports.ofsted.gov.uk/provider/43/133848
130591,Craven College,Further education college,"Gargrave Road, Skipton, North Yorkshire, BD23 1US",Outstanding,31 March 2022,https://reports.ofsted.gov.uk/provider/31/130591
149250,Creating Tomorrow College,,"Iron Mountain, Floor 2 Unit 2, Symmetry Way, Symmetry Park, Kettering, Northamptonshire, NN14 1FQ",Outstanding,31 March 2022,https://reports.ofsted.gov.uk/provider/39/149250
1278646,Creative Process Digital Ltd,Independent learning provider,"Eighth Floor, Telecom House 125-135 Preston Road, BRIGHTON, BN1 6AF",Outstanding,31 March 2022,https://reports.ofsted.gov.uk/provider/33/1278646
1280360,Creative Sport & Leisure Ltd,Independent learning provider,"Vantage House, 6-7 Claydons Lane, Rayleigh, SS6 7UP",Outstanding,31 March 2022,https://reports.ofsted.gov.uk/provider/33/1280360
2832192,Crosby Aviation Training Limited,Independent learning provider,"Cheviot Centre, 12 Padgepool Place, Wooler, NE71 6BL",Outstanding,31 March 2022,https://reports.ofsted.gov.uk/provider/33/2832192
1278609,Crosby Management Training Ltd,Independent learning provider,"Technology Centre, University of Wolverhampton Science Park, Coxwell Avenue, Wolverhampton, WV10 9RU",Outstanding,31 March 2022,https://reports.ofsted.gov.uk/provider/33/1278609
1276390,Crown Vocational Training Limited,Independent learning provider,"The View Unit 1, 845-849 London Road, Westcliff on Sea, Essex, SS0 9SZ",Outstanding,31 March 2022,https://reports.ofsted.gov.uk/provider/33/1276390
130432,Croydon College,Further education college,"Fairfield Campus, College Road, Croydon, Surrey, CR9 1DX",Outstanding,01/03/2019,https://reports.ofsted.gov.uk/provider/31/130432
53112,Croydon London Borough Council,Training provider,"Strand House, Zion Road, Croydon, London, CR7 8RG",Outstanding,31 March 2022,https://reports.ofsted.gov.uk/provider/42/53112
2654185,Croydon School of Accountancy and Management Limited,Independent learning provider,"37 Tamworth Road, Croydon, CR0 1XT",Outstanding,31 March 2022,https://reports.ofsted.gov.uk/provider/33/2654185
1278692,CSA (Services) Ltd,Independent learning provider,"2 Esh Plaza, Sir Bobby Robson Way, Newcastle Upon Tyne, NE13 9BA",Outstanding,31 March 2022,https://reports.ofsted.gov.uk/provider/33/1278692
51433,CSM Consulting Limited,Independent learning provider,"Room F08, Expressway, 1 Dock Road, London, E16 1AG",Outstanding,31 March 2022,https://reports.ofsted.gov.uk/provider/33/51433
1276261,CSR Scientific Training Limited,Independent learning provider,"1b Mitre Court, 38 Lichfield Road, Sutton Coldfield, West Midlands, B74 2LZ",Outstanding,31 March 2022,https://reports.ofsted.gov.uk/provider/33/1276261
51005,CT Skills Limited,Independent learning provider,"The Quadrant, Nuart Road, Beeston, Nottingham, NG9 2NH",Outstanding,31 March 2022,https://reports.ofsted.gov.uk/provider/33/51005
51259,CTS Training,Independent learning provider,"High Court Chambers, 24-26 High Court, Sheffield, S1 2EP",Outstanding,31 March 2022,https://reports.ofsted.gov.uk/provider/33/51259
2701028,CTSW Skills Ltd,Independent learning provider,"The West Wing, Drakes Mill Court, 27 Burrington Way, Plymouth, PL5 3LR",Outstanding,31 March 2022,https://reports.ofsted.gov.uk/provider/33/2701028
2741631,CU Apprenticeships (Better Futures) Limited,Independent learning provider,"CU Coventry, 8 Mile Lane, Coventry, West Midlands, CV1 2TU",Outstanding,31 March 2022,https://reports.ofsted.gov.uk/provider/33/2741631
2761341,CU Services Limited,Independent learning provider,"Coventry University, Priory Street, Coventry, CV1 5FB",,,https://reports.ofsted.gov.uk/provider/33/2761341
2626846,CVP Consult Ltd,Independent learning provider,"The Old Mill House, Deakins Business Park, Blackburn Road, Bolton, BL7 9RP",Outstanding,31 March 2022,https://reports.ofsted.gov.uk/provider/33/2626846
1248225,CVQO Ltd,Independent learning provider,"3 Archipelago Lyon Way, Frimley, Camberley, Surrey, GU16 7ER",Outstanding,31 March 2022,https://reports.ofsted.gov.uk/provider/33/1248225
2626832,CVS (UK) Limited,Independent learning provider,"Unit 12, Telford Court, Gates Lane Dunkirk Trading Estate, Chester Gates, Gates Lane, Chester, CH1 6LT",Outstanding,31 March 2022,https://reports.ofsted.gov.uk/provider/33/2626832
2730903,D & A Training & Assessment Ltd,Independent learning provider,"Star Farm, Chippenham Road, Marshfield, Chippenham, SN14 8LH",Outstanding,31 March 2022,https://reports.ofsted.gov.uk/provider/33/2730903
2674174,D.T.K. Business Services Limited,Independent learning provider,"3 Vicarage Road, London, E15 4HF",Outstanding,31 March 2022,https://reports.ofsted.gov.uk/provider/33/2674174
51469,Damar Limited,Independent learning provider,"111 Piccadilly, MANCHESTER, M1 2HY",Outstanding,31 March 2022,https://reports.ofsted.gov.uk/provider/33/51469
51474,Darlington Borough Council,Training provider,"Coleridge Centre, Ribble Drive, Darlington, DL1 5TY",Outstanding,31 March 2022,https://reports.ofsted.gov.uk/provider/42/51474
130656,Darlington College,Further education college,"Central Park, Haughton Road, Darlington, County Durham, DL1 1DR",Outstanding,31 March 2022,https://reports.ofsted.gov.uk/provider/31/130656
2748195,Data and Marketing Association Limited,Independent learning provider,"1st Floor, Rapier House, 40-46 Lambs Conduit Street, London, WC1N 3LJ",Outstanding,31 March 2022,https://reports.ofsted.gov.uk/provider/33/2748195
2626843,Data Law Limited,Independent learning provider,"3a Bridgewater Street, Baltic Triangle, Liverpool, L1 0AR",Outstanding,31 March 2022,https://reports.ofsted.gov.uk/provider/33/2626843
2626836,Dave Shurmer,Independent learning provider,"Home Park, Plymouth, PL2 3DQ",Outstanding,31 March 2022,https://reports.ofsted.gov.uk/provider/33/2626836
2654153,David Nieper Limited,Training provider,"Nottingham Road, Alfreton, DE55 7LE",Outstanding,31 March 2022,https://reports.ofsted.gov.uk/provider/30/2654153
51492,Davidson Training UK Limited,Independent learning provider,"Unit 54, Globe Industrial Estate, Towers Road, Grays, RM17 6ST",Outstanding,31 March 2022,https://reports.ofsted.gov.uk/provider/33/51492
1276474,Davies Learning Solutions,Independent learning provider,"5 floor, 20 Gracechurch Street, London, EC3V 0BG",Outstanding,31 March 2022,https://reports.ofsted.gov.uk/provider/33/1276474
2691302,Day One Trust,Independent learning provider,"45 Maltings Close, London, E3 3TA",,,https://reports.ofsted.gov.uk/provider/33/2691302
59167,DBC Training,Independent learning provider,"119A Friar Gate, Derby, Derbyshire, DE1 1EX",Outstanding,31 March 2022,https://reports.ofsted.gov.uk/provider/33/59167
2539300,DC Reclamation Ltd,Independent learning provider,"Unit 36u, The Bridges, Sunderland, SR1 3DR",Outstanding,31 March 2022,https://reports.ofsted.gov.uk/provider/33/2539300
133833,De Montfort University,Apprenticeship provider,"The Gateway, Leicester, Leicestershire, LE1 9BH",Outstanding,31 March 2022,https://reports.ofsted.gov.uk/provider/43/133833
1237224,Debut Training Academy Limited,Independent learning provider,"38 High Street, Wickford, Essex, SS12 9AZ",Outstanding,31 March 2022,https://reports.ofsted.gov.uk/provider/33/1237224
1276536,Decidebloom Limited,Training provider,"Omega Boulevard, Capitol Park Thorne, Doncaster, DN8 5TX",Outstanding,31 March 2022,https://reports.ofsted.gov.uk/provider/30/1276536
2577235,Decoded Limited,Independent learning provider,"8 Devonshire Square, London, EC2M 4YJ",Outstanding,31 March 2022,https://reports.ofsted.gov.uk/provider/33/2577235
1276263,Deere Apprenticeships Ltd,Independent learning provider,"Hexgeave Hall, Upper Hexgeave, Newark, NG22 8LS",Outstanding,31 March 2022,https://reports.ofsted.gov.uk/provider/33/1276263
2765313,Definitive Business Solutions Limited,Independent learning provider,"Unit 5, 60 Hanbury Street, London, E1 5JL",,,https://reports.ofsted.gov.uk/provider/33/2765313
2701029,Dental Professional Education Ltd.,Independent learning provider,"Biz Hub, Castle Mill, Dudley, West Midlands, DY4 7UF",Outstanding,31 March 2022,https://reports.ofsted.gov.uk/provider/33/2701029
2868417,Dental Training Limited,Independent learning provider,"Worthy House, 14 Winchester Road, Basingstoke, RG21 8UQ",,,https://reports.ofsted.gov.uk/provider/33/2868417
2556371,Dentrain Professionals Ltd,Independent learning provider,"Bridge Place, Rear of, Bridge Street, Bolton, BL1 2EA",Outstanding,31 March 2022,https://reports.ofsted.gov.uk/provider/33/2556371
50216,Derby City Council,Training provider,"Allen Park Centre, Allen Street, Allenton, Derby, DE24 9DE",Outstanding,31 March 2022,https://reports.ofsted.gov.uk/provider/42/50216
133585,Derby College,Further education college,"The Roundhouse, Roundhouse Road, Pride Park, Derby, Derbyshire, DE24 8JE",Outstanding,31 March 2022,https://reports.ofsted.gov.uk/provider/31/133585
51525,Derby Skillbuild,Independent learning provider,"Moor Lane, Allenton, Derby, DE24 9HY",Good,01 November 2007,https://reports.ofsted.gov.uk/provider/33/51525
50217,Derbyshire Adult Community Education Service,Training provider,"The Quad, Dock Walk, Chesterfield, S40 2GQ",Outstanding,31 March 2022,https://reports.ofsted.gov.uk/provider/42/50217
133173,Derwen College,,"Whittington Road, Gobowen, Oswestry, Shropshire, SY11 3JA",Outstanding,31 March 2022,https://reports.ofsted.gov.uk/provider/39/133173
51531,Derwent Training Association,Independent learning provider,"Hertford Way, York Road Business Park, Malton, North Yorkshire, YO17 6YG",Outstanding,31 March 2022,https://reports.ofsted.gov.uk/provider/33/51531
130658,Derwentside College,Further education college,"Front Street, Consett, County Durham, DH8 5EE",Outstanding,31 March 2022,https://reports.ofsted.gov.uk/provider/31/130658
1278681,Developing 'U' Limited,Independent learning provider,"12 James Way, Bletchley, Milton Keynes, MK1 1SU",Outstanding,31 March 2022,https://reports.ofsted.gov.uk/provider/33/1278681
2674152,Development Trading (Education) Limited,Independent learning provider,"Unit 306, Fort Dunlop, Fort Parkway, Birmingham, B24 9FD",,,https://reports.ofsted.gov.uk/provider/33/2674152
51540,Devon County Council Adult and Community Learning,Training provider,"The Kennaway Centre, 10-12 Victoria Street, Exmouth, EX8 1DL",Outstanding,31 March 2022,https://reports.ofsted.gov.uk/provider/42/51540
2691303,Devonport Royal Dockyard Limited,Training provider,"H M Dockyard, PLYMOUTH, PL1 4SG",Outstanding,31 March 2022,https://reports.ofsted.gov.uk/provider/30/2691303
2654186,Dexters London Limited,Training provider,"3 Park Road, Teddington, TW11 0AP",Outstanding,31 March 2022,https://reports.ofsted.gov.uk/provider/30/2654186
2539276,DFS Trading Limited,Training provider,"Rockingham Way, Redhouse Interchange, Adwick-Le-Street, Doncaster, DN6 7NA",Outstanding,31 March 2022,https://reports.ofsted.gov.uk/provider/30/2539276
58534,DH Associates,Independent learning provider,"GF1, Hooton Business Centre, Hooton, Cheshire, CH66 7NZ",Outstanding,31 March 2022,https://reports.ofsted.gov.uk/provider/33/58534
2741632,Diamond People (NE) Limited,Independent learning provider,"Tyneside Training Services, Lift Point House, Mylord Crescent, Camperdown Industrial Estate, Killingworth, Newcastle Upon Tyne, NE12 5YD",Outstanding,31 March 2022,https://reports.ofsted.gov.uk/provider/33/2741632
2539236,Dianthas Ltd,Independent learning provider,"Unit 62-64, Woodside Business Centre, Birkenhead, Wirral, CH41 1EL",Outstanding,31 March 2022,https://reports.ofsted.gov.uk/provider/33/2539236
2539282,Dick White Referrals Limited,Independent learning provider,"Station Farm, London Road, Six Mile Bottom, Newmarket, CB8 0UH",Outstanding,31 March 2022,https://reports.ofsted.gov.uk/provider/33/2539282
51550,Didac Limited,Independent learning provider,"Woodwise Academy, Riverside, Crews Hole Rd, Bristol, BS5 8BB",Outstanding,31 March 2022,https://reports.ofsted.gov.uk/provider/33/51550
149248,Digital Advantage,,"Hanover Street, Manchester, M60 0AS",Outstanding,31 March 2022,https://reports.ofsted.gov.uk/provider/39/149248
2554090,Digital Native (UK) Limited,Independent learning provider,"iCentrum, Holt Street, Birmingham, West Midlands, B7 4BP",Outstanding,31 March 2022,https://reports.ofsted.gov.uk/provider/33/2554090
2717161,Digital Peninsula Network Limited,Independent learning provider,"1-2, Brewery Yard, Penzance, TR18 2SL",Outstanding,31 March 2022,https://reports.ofsted.gov.uk/provider/33/2717161
50949,Digital Telecoms Network Academy Limited,Independent learning provider,"DTN Academy,1 Wylam Court, Westland Way, Stockton-On-Tees, Cleveland, TS18 3FB",Outstanding,31 March 2022,https://reports.ofsted.gov.uk/provider/33/50949
51551,Dimensions Training Solutions Limited,Independent learning provider,"32 Eyre Street, Sheffield, S1 4QZ",Outstanding,28 June 2000,https://reports.ofsted.gov.uk/provider/33/51551
51552,dip,Independent learning provider,"Bankfoot Square, Bankfoot Street, BATLEY, Yorkshire, WF17 5LH",Outstanding,31 March 2022,https://reports.ofsted.gov.uk/provider/33/51552
2539274,Discovery Recruitment Limited,Independent learning provider,"Ipsley Court, Berrington Close, Redditch, B98 0TJ",Outstanding,31 March 2022,https://reports.ofsted.gov.uk/provider/33/2539274
143704,"Dixons Sixth Form, Bradford",,"Bowling Old Lane, Bradford, West Yorkshire, BD5 7JR",Outstanding,31 March 2022,https://reports.ofsted.gov.uk/provider/46/143704
2791290,DMR Training and Consultancy Limited,Independent learning provider,"Tarleton Villa, 87-89 Church Street, Leigh, WN7 1AZ",Outstanding,31 March 2022,https://reports.ofsted.gov.uk/provider/33/2791290
130587,DN Colleges Group,Further education college,"Chappell Drive, Doncaster, DN1 2RF",Outstanding,01/11/2017,https://reports.ofsted.gov.uk/provider/31/130587
2654131,DNA Apprenticeships Ltd,Independent learning provider,"3 Russell Street, Leamington Spa, Warwickshire, CV32 5QA",,,https://reports.ofsted.gov.uk/provider/33/2654131
2832202,Doncaster Deaf Trust (trading as Aspire To Be),Independent learning provider,"Leger Way, Doncaster, DN2 6AY",Outstanding,31 March 2022,https://reports.ofsted.gov.uk/provider/33/2832202
51579,Doncaster Rotherham and District Motor Trades Group Training Association Limited,Independent learning provider,"Rands Lane Industrial Estate, Rands Lane, Armthorpe, Doncaster, DN3 3DY",Outstanding,31 March 2022,https://reports.ofsted.gov.uk/provider/33/51579
50701,Doreen Bird College of Performing Arts Ltd.,,"Alma Road, Sidcup, Kent, DA14 4ED",Outstanding,31 March 2022,https://reports.ofsted.gov.uk/provider/38/50701
2691313,Dorset Software Services Limited,Training provider,"Corbiere House, New Quay Road, Poole, BH15 4AF",Outstanding,31 March 2022,https://reports.ofsted.gov.uk/provider/30/2691313
133001,Dorton College of Further Education,,"'The Hub' - 4th Floor, Orpington Campus, Bromley, The Walnuts, Orpington, BR6 0TE",Outstanding,31 March 2022,https://reports.ofsted.gov.uk/provider/39/133001
2556357,Dove Nest Management Training and Development Limited,Independent learning provider,"The Old Corn Mill, Crosthwaite, Staveley, Kendal, LA8 8BS",Outstanding,31 March 2022,https://reports.ofsted.gov.uk/provider/33/2556357
146089,Downs View Life Skills College,,"7 Old London Road, Patcham, Brighton, East Sussex, BN1 8XR",Outstanding,31 March 2022,https://reports.ofsted.gov.uk/provider/39/146089
2868422,Dr Elaine Anne Mustoe,Independent learning provider,"47 Church End, Biddenham, Bedford, MK40 4AS",,,https://reports.ofsted.gov.uk/provider/33/2868422
2626867,DRL Services Ltd,Independent learning provider,"Summit House, Horsecroft Road, Harlow, Essex, CM19 5BN",Outstanding,31 March 2022,https://reports.ofsted.gov.uk/provider/33/2626867
130475,Dudley College of Technology,Further education college,"The Broadway, Dudley, West Midlands, DY1 4AS",Outstanding,31 March 2022,https://reports.ofsted.gov.uk/provider/31/130475
50218,Dudley Metropolitan Borough Council,Training provider,"The Council House, Priory Road, Dudley, DY1 1HF",Outstanding,31 March 2022,https://reports.ofsted.gov.uk/provider/42/50218
2814685,Dulson Training Limited,Independent learning provider,"Unit 1, Rodenhurst Business Park, Rodington, Shrewsbury, SY4 4QU",Outstanding,31 March 2022,https://reports.ofsted.gov.uk/provider/33/2814685
2748171,Duplex Business Services Limited,Independent learning provider,"Lincoln Training Academy, Unit 15 Cardinal Close, Lincoln, Lincolnshire, LN2 4SY",Outstanding,31 March 2022,https://reports.ofsted.gov.uk/provider/33/2748171
50219,Durham County Council,Training provider,"Learning Delivery Team and Learning Support Team (DLR and CREATE), Adult Learning and Skills Service - Education Service, Council Offices, Civic Centre, Crook, DL15 9ES",Outstanding,31 March 2022,https://reports.ofsted.gov.uk/provider/42/50219
70169,Durham SCITT,Training provider,"The Work Place, Heighington Lane, Newton Aycliffe, County Durham, DL5 6AH",,24 October 2007,https://reports.ofsted.gov.uk/provider/41/70169
150012,Durham Sixth Form Centre,,"Providence Row, The Sands, Durham, County Durham, DH1 1SG",Outstanding,31 March 2022,https://reports.ofsted.gov.uk/provider/46/150012
70021,Durham University,Training provider,"Confluence Building, Mountjoy, Stockton Road, Durham, County Durham, DH1 3LE",,05 August 2006,https://reports.ofsted.gov.uk/provider/41/70021
58830,Dynamic Training UK Ltd,Independent learning provider,"Unit 7, Brook Business Centre, Cowley Mill Road, Uxbridge, UB8 2FX",Outstanding,31 March 2022,https://reports.ofsted.gov.uk/provider/33/58830
2626850,Dynamo Healthcare Training Ltd,Independent learning provider,"Unit D, Pattern Shop, Trevoarn, Hayle, TR27 4EZ",Outstanding,31 March 2022,https://reports.ofsted.gov.uk/provider/33/2626850
2691304,Dyson Technical Training Limited,Training provider,"11 Tetbury Hill, Malmesbury, Wiltshire, SN16 0RP",Outstanding,31 March 2022,https://reports.ofsted.gov.uk/provider/30/2691304
51779,E Training,Independent learning provider,"12 Lambarde Square, Greenwich, London, SE10 9GB",Outstanding,31 March 2022,https://reports.ofsted.gov.uk/provider/33/51779
59083,E-Careers Education Limited,Independent learning provider,"Unit 6, Waterside Drive, Langley, Slough, SL3 6EZ",Outstanding,31 March 2022,https://reports.ofsted.gov.uk/provider/33/59083
2748196,E-Careers Limited,Independent learning provider,"Unit 6, Waterside Drive, Langley, Slough, Berkshire, SL3 6EZ",,,https://reports.ofsted.gov.uk/provider/33/2748196
70197,e-Qualitas,Training provider,"US & Co, 11 Burford Road, London, E15 2ST",,24 September 2009,https://reports.ofsted.gov.uk/provider/41/70197
1276509,E.J.Markham & Son Limited,Training provider,"c/o Autowindscreens, Britannia House Storforth Lane, Chesterfield, Derbyshire, S40 2UZ",Outstanding,31 March 2022,https://reports.ofsted.gov.uk/provider/30/1276509
51623,E.Quality Training Limited,Independent learning provider,"27-28 Whitebridge Estate, Whitebridge Lane, Stone, Staffordshire, ST15 8LQ",Outstanding,31 March 2022,https://reports.ofsted.gov.uk/provider/33/51623
2848494,EA Technology Limited,Independent learning provider,"Capenhurst Technology Park, Capenhurst, Chester, CH1 6ES",,,https://reports.ofsted.gov.uk/provider/33/2848494
2674162,Eagle Education and Training Limited,Independent learning provider,"Unit B, Blast Road, Brymbo, Wrexham, LL11 5BT",,,https://reports.ofsted.gov.uk/provider/33/2674162
50162,Ealing London Borough Council,Training provider,"3rd Floor SE, Perceval House, 14-16 Uxbridge Road, W5 2HL",Outstanding,31 March 2022,https://reports.ofsted.gov.uk/provider/42/50162
130408,"Ealing, Hammersmith and West London College",Further education college,"Gliddon Road, Barons Court, London, W14 9BL",Outstanding,31 March 2022,https://reports.ofsted.gov.uk/provider/31/130408
2717163,EAS Mechanical Limited,Independent learning provider,"69 St. James Mill Road, Northampton, Northamptonshire, NN5 5JP",Outstanding,31 March 2022,https://reports.ofsted.gov.uk/provider/33/2717163
51632,EASI Hairdressing Academy Ltd,Independent learning provider,"39a Head Street, Colchester, Essex, CO1 1NH",Good,03 September 2004,https://reports.ofsted.gov.uk/provider/33/51632
51635,East Birmingham Community Forum Ltd,Independent learning provider,"73 Alum Rock Road, Saltley, B8 1LY",Outstanding,31 March 2022,https://reports.ofsted.gov.uk/provider/33/51635
130819,East Coast College,Further education college,"St Peter's Street, Lowestoft, Suffolk, NR32 2NB",Outstanding,31 March 2022,https://reports.ofsted.gov.uk/provider/31/130819
131859,East Durham College,Further education college,"Willerby Grove, Peterlee, County Durham, SR8 2RN",Outstanding,31 March 2022,https://reports.ofsted.gov.uk/provider/31/131859
2654137,East Essex Vocational Training Limited,Independent learning provider,"4 Balls Pond Road, Hackney, London, E8 2BA",Outstanding,31 March 2022,https://reports.ofsted.gov.uk/provider/33/2654137
130738,East Lancashire Learning Group,Further education college,"Scotland Road, Nelson, Lancashire, BB9 7YT",Outstanding,30/11/2018,https://reports.ofsted.gov.uk/provider/31/130738
51646,East London Advanced Technology Training,Independent learning provider,"260 Kingsland Road, London, E8 4DG",Outstanding,31 March 2022,https://reports.ofsted.gov.uk/provider/33/51646
141095,East London Arts & Music,,"Maltings Close, Bromley By Bow, London, E3 3TA",Outstanding,31 March 2022,https://reports.ofsted.gov.uk/provider/46/141095
70302,East Midlands Teacher Training Partnership,Training provider,"EMET, West Bridgford School, Loughborough Road, West Bridgford, Nottingham, Nottinghamshire, NG2 7FA",,29 January 2018,https://reports.ofsted.gov.uk/provider/41/70302
145749,East Norfolk Sixth Form College,,"Church Lane, Gorleston, Great Yarmouth, NR31 7BQ",Outstanding,31 March 2022,https://reports.ofsted.gov.uk/provider/46/145749
51653,East Riding of Yorkshire Council,Training provider,"Continuing Education Service, County Hall, Cross Street, Beverley, HU17 9BA",Outstanding,31 March 2022,https://reports.ofsted.gov.uk/provider/42/51653
2640593,EAST SCITT,Training provider,"C/O Kesgrave High School, Main Road, Kesgrave, Suffolk, IP5 2PB",,06 April 2023,https://reports.ofsted.gov.uk/provider/41/2640593
2717164,East Suffolk And North Essex NHS Foundation Trust,Training provider,"Colchester District General Hospital, Turner Road, Colchester, CO4 5JL",Outstanding,31 March 2022,https://reports.ofsted.gov.uk/provider/30/2717164
130824,East Surrey College,Further education college,"Gatton Point, London Road, Redhill, Surrey, RH1 2JX",Outstanding,01/02/2019,https://reports.ofsted.gov.uk/provider/31/130824
130665,East Sussex College Group,Further education college,"Cross Levels Way, Eastbourne, East Sussex, BN21 2UF",Outstanding,29/03/2018,https://reports.ofsted.gov.uk/provider/31/130665
50120,East Sussex County Council,Training provider,"County Hall, St. Annes Crescent, LEWES, East Sussex, BN7 1UE",Outstanding,31 March 2022,https://reports.ofsted.gov.uk/provider/42/50120
2654158,Eastern Region Roof Training Group Limited,Independent learning provider,"Unit 6, Lower Street, Baylham Business Park, Ipswich, IP6 8JP",Outstanding,31 March 2022,https://reports.ofsted.gov.uk/provider/33/2654158
142909,Eat That Frog C.I.C,,"91 Union Street, TORQUAY, Devon, TQ1 3DG",Outstanding,31 March 2022,https://reports.ofsted.gov.uk/provider/39/142909
2539266,Ebor Academy Trust,Independent learning provider,"Ebor Business and Training Centre, The Leyes, Osbaldswick, York, YO10 3PR",Outstanding,31 March 2022,https://reports.ofsted.gov.uk/provider/33/2539266
2791011,EDA College Ltd,Independent learning provider,"Balfour Business Centre, 390-392 High Road, Ilford, IG1 1BF",,,https://reports.ofsted.gov.uk/provider/33/2791011
150541,Edclass Ltd,,"Aston House, Campbell Way, Dinnington, Rotherham, S25 3QD",,20 May 2024,https://reports.ofsted.gov.uk/provider/100003/150541
58735,Eden College of Human Resource Development and Management Studies Limited,Independent learning provider,"Eden College, 34 Mawney Road, Romford, RM7 7HR",Outstanding,31 March 2022,https://reports.ofsted.gov.uk/provider/33/58735
2674145,Eden Training Academy Limited,Independent learning provider,"Unit 12, Belasis Court, Greenwood Road, Billingham, Teesside, TS23 4AZ",Outstanding,31 March 2022,https://reports.ofsted.gov.uk/provider/33/2674145
59182,Eden Training Solutions Limited,Independent learning provider,"Unit 8 Courtyard Thirty One, Pontefract Road, Normanton, WF6 1JU",Outstanding,31 March 2022,https://reports.ofsted.gov.uk/provider/33/59182
133828,Edge Hill University,Apprenticeship provider,"St Helen's Road, Ormskirk, Lancashire, L39 4QP",Outstanding,31 March 2022,https://reports.ofsted.gov.uk/provider/43/133828
70129,Edge Hill University,Training provider,"St Helens Road, -, Ormskirk, Lancashire, L39 4QP",,18 June 2008,https://reports.ofsted.gov.uk/provider/41/70129
2814697,Educate 2Gether Training,Independent learning provider,"Office 20, Link Spaces, Botanica Ditton Park, Riding Court Rd, Slough, Berkshire, SL3 9LL",Outstanding,31 March 2022,https://reports.ofsted.gov.uk/provider/33/2814697
70195,Educate Group Initial Teacher Training,Training provider,"Educate Group, Unit 5, Business Blackwood Park, Ash Rd Sd, Wrexham, Wrexham, LL13 9UG",,02 October 2009,https://reports.ofsted.gov.uk/provider/41/70195
131872,Education and Services for People with Autism,,"Ferryboat Lane, Sunderland, SR5 3RL",Outstanding,31 March 2022,https://reports.ofsted.gov.uk/provider/39/131872
1278650,Education and Skills Training & Development Limited,Independent learning provider,"Unit F, South Quay, Lakeside Boulevard, Doncaster, DN4 5PL",Outstanding,31 March 2022,https://reports.ofsted.gov.uk/provider/33/1278650
2804836,Education Development Trust,Independent learning provider,"16-18 Duke Street, Reading, RG1 4RU",Outstanding,31 March 2022,https://reports.ofsted.gov.uk/provider/33/2804836
57839,Education for Industry Group,Independent learning provider,"Electra House, 84 Moorgate, London, EC2M 6SE",Outstanding,31 March 2022,https://reports.ofsted.gov.uk/provider/33/57839
2626868,Education Goals Ltd,Independent learning provider,"Room 6, Oak Hall House, 70 Oak Hall Road, Haywards Heath, RH16 3EN",Outstanding,31 March 2022,https://reports.ofsted.gov.uk/provider/33/2626868
2748205,edX Boot Camps (UK) Limited,Independent learning provider,"8 Devonshire Square, London, EC2M 4PL",Outstanding,31 March 2022,https://reports.ofsted.gov.uk/provider/33/2748205
51693,EEF Limited,Independent learning provider,"Aston technology Hub, Noble Way, Birmingham, B6 7EU",Outstanding,31 March 2022,https://reports.ofsted.gov.uk/provider/33/51693
2495296,Eglantine Catering Limited,Independent learning provider,"Storage King, Longfield Road, Tunbridge Wells, Kent, TN2 3EY",Outstanding,31 March 2022,https://reports.ofsted.gov.uk/provider/33/2495296
130728,EKC Group,Further education college,"Ramsgate Road, Broadstairs, Kent, CT10 1PN",Outstanding,31 March 2022,https://reports.ofsted.gov.uk/provider/31/130728
2814672,Electric Mayonnaise Ltd,Independent learning provider,"The Other House, 15-17 Harrington Gardens, South Kensington, London, SW7 4JJ",Outstanding,31 March 2022,https://reports.ofsted.gov.uk/provider/33/2814672
2791012,Electrical Contractors Association Limited,Independent learning provider,"34, Palace Court, London, W2 4HY",,,https://reports.ofsted.gov.uk/provider/33/2791012
2577239,Electrical Testing Limited,Independent learning provider,"The Bridge, Acle, Norwich, Norfolk, NR13 3AT",Outstanding,31 March 2022,https://reports.ofsted.gov.uk/provider/33/2577239
2495044,Elev8 Training Limited,Independent learning provider,"The Courtyard Granary, Standard Street, Crickhowell, NP8 1BP",Outstanding,31 March 2022,https://reports.ofsted.gov.uk/provider/33/2495044
2510885,Elevated Knowledge Ltd,Independent learning provider,"18 Hammond Avenue, Whitehill Industrial Estate, South Reddish, Stockport, SK4 1PQ",Outstanding,31 March 2022,https://reports.ofsted.gov.uk/provider/33/2510885
2791013,Elevation Academy Limited,Independent learning provider,"Unit 8, Howley Park Business Village, Pullan Way, Leeds, Yorkshire and Humberside, LS27 0BZ",Outstanding,31 March 2022,https://reports.ofsted.gov.uk/provider/33/2791013
2791033,Eleven11,Independent learning provider,"133 Sefton Street, Toxteth, Liverpool, L8 4BX",,,https://reports.ofsted.gov.uk/provider/33/2791033
51701,Elfrida Rathbone Camden - Leighton Education Project,,"7 Dowdney Close, London, NW5 2BP",Good,21 March 2003,https://reports.ofsted.gov.uk/provider/39/51701
1278587,Eliesha Training Limited,Independent learning provider,"Newcastle House, Albany Court, Newcastle Business Park, Newcastle Upon Tyne, NE4 7YB",Outstanding,31 March 2022,https://reports.ofsted.gov.uk/provider/33/1278587
2626833,Elite Training European Limited,Independent learning provider,"3 Parkers Place, Ipswich, IP5 3UX",Outstanding,31 March 2022,https://reports.ofsted.gov.uk/provider/33/2626833
2868442,Elite Training Services,Independent learning provider,"Forum House Business Centre, Stirling Road, Chichester, PO19 7DN",,,https://reports.ofsted.gov.uk/provider/33/2868442
2741633,Elizabeth School of London Limited,Independent learning provider,"Moorfoot House, Meridian Gate, Marsh Wall, London, E14 9FJ",,,https://reports.ofsted.gov.uk/provider/33/2741633
141940,Elliott Hudson College,,"The White Rose Office Park, Millshaw Park Lane, Leeds, West Yorkshire, LS11 0LT",Outstanding,31 March 2022,https://reports.ofsted.gov.uk/provider/46/141940
2772949,Ellisons Commercial Training Ltd,Independent learning provider,"Unit 5, Knights Road, Chelston Business Park, Wellington, Somerset, TA21 9GH",Outstanding,31 March 2022,https://reports.ofsted.gov.uk/provider/33/2772949
1236915,Elmhouse Training,Independent learning provider,"Capital Business Centre, Suite 119, 22 Carlton Road, South Croydon, CR2 0BS",Good,29 November 2017,https://reports.ofsted.gov.uk/provider/33/1236915
50032,Elmhurst Ballet School,,"249 Bristol Road, Edgbaston, Edgbaston, Birmingham, West Midlands, B5 7UH",Outstanding,31 March 2022,https://reports.ofsted.gov.uk/provider/38/50032
2691305,EM Skills Limited,Independent learning provider,"Unit 4, Cavendish House, Plumpton Road, HODDESDON, EN11 0LB",Outstanding,31 March 2022,https://reports.ofsted.gov.uk/provider/33/2691305
1278626,EMA Training Limited,Independent learning provider,"Progress House, 4 Siddals Road, Derby, DE7 6DX",Outstanding,31 March 2022,https://reports.ofsted.gov.uk/provider/33/1278626
53774,EMBS Community College Limited,Independent learning provider,"Second Floor, 213b Barns Road, Oxford, OX4 3UT",Outstanding,31 March 2022,https://reports.ofsted.gov.uk/provider/33/53774
1248028,EMD UK CIC,Independent learning provider,"Office G5 Woodhead House, Woodhead Road, Birstall, West Yorkshire, WF17 9TD",Outstanding,31 March 2022,https://reports.ofsted.gov.uk/provider/33/1248028
2626831,Emma Wright (trading as Certs4Care),Independent learning provider,"The Fort Business Centre, Artillery Business Park, Oswestry, Shropshire, SY11 4AD",Outstanding,31 March 2022,https://reports.ofsted.gov.uk/provider/33/2626831
2791035,Empeiria Training,Independent learning provider,"Suite 20, The Technology Centre, Inward Way, Ellesmere Port, CH65 3EN",Outstanding,31 March 2022,https://reports.ofsted.gov.uk/provider/33/2791035
2626883,Empentis Limited,Independent learning provider,"Empentis, 38 Collingwood St, Newcastle Upon Tyne, NE1 1JF",Outstanding,31 March 2022,https://reports.ofsted.gov.uk/provider/33/2626883
145149,Employ My Ability (EMA) Ltd,,"The Walled Garden, Moreton, Dorchester, Dorset, DT2 8RH",Outstanding,31 March 2022,https://reports.ofsted.gov.uk/provider/39/145149
2868423,Employer Training Solutions Limited,Independent learning provider,"The Mclaren Building 46, The Priory Queensway, Birmingham, B4 7LR",,,https://reports.ofsted.gov.uk/provider/33/2868423
2674147,Employment Education Training Group Ltd,Independent learning provider,"4 Balls Pond Road, London, N1 4AU",Outstanding,31 March 2022,https://reports.ofsted.gov.uk/provider/33/2674147
1237113,Encompass Consultancy,Independent learning provider,"Unit 28, K3 Business Park, 200 Cough Road, Hull, HU5 1SN",Outstanding,31 March 2022,https://reports.ofsted.gov.uk/provider/33/1237113
2691308,Endorphins Group Ltd,Independent learning provider,"Sedbergh Community Centre, Huddersfield Road, Bradford, BD6 1DJ",Outstanding,31 March 2022,https://reports.ofsted.gov.uk/provider/33/2691308
53116,Enfield London Borough Council,Training provider,"The Horizon Campus, 67 Lawrence Road, London, N18 2HW",Outstanding,31 March 2022,https://reports.ofsted.gov.uk/provider/42/53116
52540,ENGINEERING TRUST TRAINING LIMITED,Independent learning provider,"2 The Courtyard, Home Farm, Caversfield, Bicester, OX27 8TG",Outstanding,31 March 2022,https://reports.ofsted.gov.uk/provider/33/52540
58178,England and Wales Cricket Board Limited,Independent learning provider,"Lords Cricket Ground, St Johns Wood Road, NW8 8QZ",Good,03 June 2008,https://reports.ofsted.gov.uk/provider/33/58178
51731,English National Ballet School Limited,,"Carlyle Building, Hortensia Road, SW10 0QS",Outstanding,31 March 2022,https://reports.ofsted.gov.uk/provider/38/51731
50124,Enham Trust,Independent learning provider,"Enham Place, Enham Alamein, Andover, Hampshire, SP11 6JS",Outstanding,03 October 2001,https://reports.ofsted.gov.uk/provider/33/50124
1276475,Ensis Solutions Limited,Independent learning provider,"Oakland House, 21 Hope Carr Road, Leigh, Lancashire, WN7 3ET",Outstanding,31 March 2022,https://reports.ofsted.gov.uk/provider/33/1276475
2636441,Enterkey Training Ltd,Independent learning provider,"337-339 Coventry Road, Small Heath, Birmingham, B10 0SN",Outstanding,31 March 2022,https://reports.ofsted.gov.uk/provider/33/2636441
2701030,Enterprise Made Simple Ltd,Independent learning provider,"4 Eggleston Court, Riverside Park, Middlesbrough, TS2 1RU",Outstanding,31 March 2022,https://reports.ofsted.gov.uk/provider/33/2701030
2748172,Enterprise4All (North West) Limited,Independent learning provider,"Unit 313, Daisyfield Mill, Appleby Street, Blackburn, BB1 3BL",Outstanding,31 March 2022,https://reports.ofsted.gov.uk/provider/33/2748172
1248018,Envisage,Independent learning provider,"English Institute of Sport, Coleridge Road, Sheffield, South Yorkshire, S9 5DA",Outstanding,31 March 2022,https://reports.ofsted.gov.uk/provider/33/1248018
2814695,EqualEngineers,Independent learning provider,"71-75 Shelton Street, Covent Garden, London, WC2H 9JQ",,,https://reports.ofsted.gov.uk/provider/33/2814695
2701031,Equals Training Limited,Independent learning provider,"3 Bessemer Suite, Ironworks House, Warton Road, Carnforth, LA5 9EX",Outstanding,31 March 2022,https://reports.ofsted.gov.uk/provider/33/2701031
2510864,Equestrian Training Limited,Independent learning provider,"Bell House, Ainstable, Carlisle, CA4 9RE",Outstanding,31 March 2022,https://reports.ofsted.gov.uk/provider/33/2510864
2643278,Ernst and Young LLP,Training provider,"1 Colmore Square, Birmingham, B4 6HQ",Outstanding,31 March 2022,https://reports.ofsted.gov.uk/provider/30/2643278
2832193,Errigal Contracts Limited,Training provider,"35 Lascars Avenue, Royal Albert Dock, Newham, London, E16 2YP",Outstanding,31 March 2022,https://reports.ofsted.gov.uk/provider/30/2832193
1237116,Escala Training Academy,Independent learning provider,"18 Benfleet Road, Benfleet, Essex, SS7 1QB",Outstanding,31 March 2022,https://reports.ofsted.gov.uk/provider/33/1237116
59163,Escalla TS Limited,Independent learning provider,"1st Floor, Scott House, Westmere Drive, Crewe, CW1 6ZG",Outstanding,31 March 2022,https://reports.ofsted.gov.uk/provider/33/59163
145006,Esher Sixth Form College,,"Weston Green Road, Thames Ditton, Surrey, KT7 0JB",Outstanding,31 March 2022,https://reports.ofsted.gov.uk/provider/46/145006
2654213,Essential Site Skills Ltd,Independent learning provider,"Ground Floor, Monarch House, Eastwood, Nottingham, NG16 3RY",Outstanding,31 March 2022,https://reports.ofsted.gov.uk/provider/33/2654213
70073,Essex and Thames SCITT,Training provider,"Powers Hall Academy, Spa Road, Witham, Essex, CM8 1NA",,05 August 2006,https://reports.ofsted.gov.uk/provider/41/70073
51766,Essex County Council,Training provider,"ACL Witham, Spinks Lane, Witham, Essex, CM8 1EP",Outstanding,31 March 2022,https://reports.ofsted.gov.uk/provider/42/51766
1278579,Essex Partnership University NHS Foundation Trust,Independent learning provider,"Maple Lodge,, St Margaret's Hospital, Epping, Essex, CM16 6TN",Outstanding,31 March 2022,https://reports.ofsted.gov.uk/provider/33/1278579
2765314,Essity UK Limited,Training provider,"Prudhoe Mill, Princess Way, Prudhoe, Northumberland, NE42 6HE",Outstanding,31 March 2022,https://reports.ofsted.gov.uk/provider/30/2765314
1276525,Estio Training Limited,Independent learning provider,"2 City Walk, South Bank, Leeds, LS11 9AR",Outstanding,31 March 2022,https://reports.ofsted.gov.uk/provider/33/1276525
2772957,ESTU Global Ltd,Independent learning provider,"WeWork Moor Place, 1 Fore Street, London, EC2Y 9DT",Outstanding,31 March 2022,https://reports.ofsted.gov.uk/provider/33/2772957
150747,Eton Academy,,"19 Waters Edge Business Park, Modwen Road, Salford, Salford, M5 3EZ",,25 October 2024,https://reports.ofsted.gov.uk/provider/100003/150747
2554075,Euro Garages Limited,Training provider,"Euro Garages, Haslingden Road, Blackburn, BB1 2EE",Outstanding,31 March 2022,https://reports.ofsted.gov.uk/provider/30/2554075
2626842,Evolve Academy Ltd,Independent learning provider,"2 New George Street, Manchester, M4 4AE",Outstanding,31 March 2022,https://reports.ofsted.gov.uk/provider/33/2626842
2526594,Evolve Education Ltd,Independent learning provider,"WeWork, 55 Colmore Row, Birmingham, B3 2AA",Outstanding,31 March 2022,https://reports.ofsted.gov.uk/provider/33/2526594
1280306,Evolve Your Future Limited,Independent learning provider,"25 -27 Church Street, Rushden, NN10 9YU",Outstanding,31 March 2022,https://reports.ofsted.gov.uk/provider/33/1280306
2628995,Exalt Training,Independent learning provider,"Unit 7, Leanne Business Park, Sandford Lane, Dorset, BH20 4DY",Outstanding,31 March 2022,https://reports.ofsted.gov.uk/provider/33/2628995
1247774,Exceed SCITT,Training provider,"Holybrook Primary Academy, Rillington Mead, Bradford, West Yorkshire, BD10 0EF",,04 December 2019,https://reports.ofsted.gov.uk/provider/41/1247774
2654187,Exceed Training Company Limited,Independent learning provider,"13 Crown Street, Halifax, HX1 1TT",Outstanding,31 March 2022,https://reports.ofsted.gov.uk/provider/33/2654187
2510860,Excel Training Limited,Independent learning provider,"Unit 64 Century Business Centre Century Park, Manvers, Rotherham, S63 5DA",Outstanding,31 March 2022,https://reports.ofsted.gov.uk/provider/33/2510860
2654203,Excell for Training Limited,Independent learning provider,"Northern Gateway Enterprise Centre, Room 18, Chesterfield, S40 1UT",Outstanding,31 March 2022,https://reports.ofsted.gov.uk/provider/33/2654203
1270908,Excellence-Solutions Limited,Independent learning provider,"188-190 Hoe Street, London, E17 4QH",Outstanding,31 March 2022,https://reports.ofsted.gov.uk/provider/33/1270908
2626853,Excelsis Training Limited,Independent learning provider,"4th Floor, 64 Broadway, London, E15 1NT",Outstanding,31 March 2022,https://reports.ofsted.gov.uk/provider/33/2626853
2539285,Exertis (UK) Ltd,Training provider,"Technology House, Magnesium Way, Hapton, Burnley, BB12 7BF",Outstanding,31 March 2022,https://reports.ofsted.gov.uk/provider/30/2539285
1274769,Exeter College,,"Exeter College, Hele Road, Exeter, Devon, EX4 4JS",,01 October 2018,https://reports.ofsted.gov.uk/provider/3/1274769
130645,Exeter College,Further education college,"Hele Road, Exeter, Devon, EX4 4JS",Outstanding,31 March 2022,https://reports.ofsted.gov.uk/provider/31/130645
1238047,Exeter Mathematics School,,"Rougemont House, Castle Road, Exeter, Devon, EX4 3PU",,14 May 2016,https://reports.ofsted.gov.uk/provider/3/1238047
140971,Exeter Mathematics School,,"ROUGEMONT HOUSE, CASTLE ROAD, EXETER, DEVON, EX4 3PU",Outstanding,31 March 2022,https://reports.ofsted.gov.uk/provider/46/140971
132001,Exeter Royal Academy for Deaf Education,,"1 Douglas Avenue, Exmouth, Devon, EX8 2AU",Outstanding,31 March 2022,https://reports.ofsted.gov.uk/provider/39/132001
141738,Expanse Learning (Expanse Group Ltd),Independent learning provider,"Leigh Sports Stadium, Sale Way, Leigh Sports Village, Leigh, Greater Manchester, WN7 4JY",Outstanding,31 March 2022,https://reports.ofsted.gov.uk/provider/39/141738
2539239,Extel Limited,Training provider,"The Farm House, Primrose Hill Farm, Meadowsweet Avenue, Kings Norton, Birmingham, West Midlands, B38 9QW",Outstanding,31 March 2022,https://reports.ofsted.gov.uk/provider/30/2539239
2761328,Extraordinary Collective,Independent learning provider,"1 Sherwood Avenue, Crosby, Liverpool, Merseyside, L23 7YG",Outstanding,31 March 2022,https://reports.ofsted.gov.uk/provider/33/2761328
2654154,EYC Global Limited,Independent learning provider,"2-4 Mulgrave Road, Sutton, London, SM2 6LE",,,https://reports.ofsted.gov.uk/provider/33/2654154
1278680,F-Tec Forklift Training Engineering Centre Ltd,Independent learning provider,"Unit 17 Ash, Kembrey Park, Swindon, Wiltshire, SN2 8UN",Outstanding,31 March 2022,https://reports.ofsted.gov.uk/provider/33/1278680
2654138,Faircroft and Meadows Consultancy Ltd,Independent learning provider,"West Link House, 981 Suite G43-G45, Great West Road, London, TW8 9DN",,,https://reports.ofsted.gov.uk/provider/33/2654138
131875,Fairfield Farm College (Fairfield Farm Trust),,"43 High Street, Dilton Marsh, Westbury, Wiltshire, BA13 4DL",Outstanding,31 March 2022,https://reports.ofsted.gov.uk/provider/39/131875
1280343,Fairway Training (Healthcare) Limited,Independent learning provider,"First Floor, 2 Duke Street, Sutton Coldfield, B72 1RJ",Outstanding,31 March 2022,https://reports.ofsted.gov.uk/provider/33/1280343
133250,Falmouth University,,"Woodlane, Falmouth, TR11 4RH",Outstanding,09 April 2013,https://reports.ofsted.gov.uk/provider/43/133250
70348,Fareham and Gosport Primary SCITT,Training provider,"Harrison Primary School, Harrison Road, Fareham, Hampshire, PO16 7EQ",,14 November 2017,https://reports.ofsted.gov.uk/provider/41/70348
51815,Fareport Training Organisation Limited,Independent learning provider,"28a Westfield House, Lower Bath Lane, Fareham, Hampshire, PO16 0DH",Outstanding,31 March 2022,https://reports.ofsted.gov.uk/provider/33/51815
130689,Farnborough College of Technology,Further education college,"Boundary Road, Farnborough, Hampshire, GU14 6SB",Outstanding,31 March 2022,https://reports.ofsted.gov.uk/provider/31/130689
1278584,Fashion - Enter Ltd,Independent learning provider,"Unit 4 Crusader Estate, 167 Hermitage Road, Harringay, London, N4 1LZ",Outstanding,31 March 2022,https://reports.ofsted.gov.uk/provider/33/1278584
152234,Fast Progress Tuition Limited,,"1 Vikings Way, Canvey Island, SS8 0PB",,,https://reports.ofsted.gov.uk/provider/39/152234
2654159,FE Associates Limited,Independent learning provider,"Unit 9 Apex Court, Woodlands, Bristol, BS32 4JT",,,https://reports.ofsted.gov.uk/provider/33/2654159
1278652,FE Business Limited,Independent learning provider,"Gadd House, Arcadia Avenue, London, N3 2JU",Outstanding,31 March 2022,https://reports.ofsted.gov.uk/provider/33/1278652
2832194,Fearless Adventures Academy Limited,Independent learning provider,"Grove Chambers, Basecamp, 36 Green Lane, Wilmslow, SK9 1LD",,,https://reports.ofsted.gov.uk/provider/33/2832194
2761339,Fearless Adventures Limited,Independent learning provider,"Grove Chambers, Basecamp, 36 Green Lane, Wilmslow, SK9 1LD",Outstanding,31 March 2022,https://reports.ofsted.gov.uk/provider/33/2761339
1270873,Feligrace Limited,Independent learning provider,"Unit 22, 33 River Road Business Park, River Road, Barking, IG11 0EA",Good,19 August 2019,https://reports.ofsted.gov.uk/provider/33/1270873
2765315,Fieri Leadership and Development Ltd,Independent learning provider,"The Stanley Building, 7 Pancras Square, London, N1C 4AG",Outstanding,31 March 2022,https://reports.ofsted.gov.uk/provider/33/2765315
2539246,Finance Cover & Training Ltd (Trading as Calibre Group),Independent learning provider,"Fir Tree Mount, Perry Green, Much Hadham, SG10 6EH",Outstanding,31 March 2022,https://reports.ofsted.gov.uk/provider/33/2539246
2626869,Financial Services Training Partners LLP,Independent learning provider,"393 Acorn House, Midsummer Boulevard, Milton Keynes, MK9 3HP",Outstanding,31 March 2022,https://reports.ofsted.gov.uk/provider/33/2626869
2654248,Finchale Training College,Independent learning provider,"Richard Annand V C House, Unit 18, Mandale Park Belmont Industrial Estate, Durham, DH1 1TH",,,https://reports.ofsted.gov.uk/provider/33/2654248
152053,Finding Futures,,"Longfellow Road, Radstock, Somerset, BA3 3AL",,,https://reports.ofsted.gov.uk/provider/39/152053
51835,Finning (UK) Ltd.,Training provider,"Watling Street, Cannock, Staffs, WS11 8LL",Outstanding,31 March 2022,https://reports.ofsted.gov.uk/provider/30/51835
146039,Fir Tree College,,"The Nook, Appley Bridge, Shevington, Wigan, Greater Manchester, WN6 9JB",Outstanding,31 March 2022,https://reports.ofsted.gov.uk/provider/39/146039
130467,Fircroft College of Adult Education,Further education college,"1018 Bristol Road, Selly Oak, Birmingham, West Midlands, B29 6LH",Outstanding,31 March 2022,https://reports.ofsted.gov.uk/provider/31/130467
1278573,Firebrand Training Limited,Independent learning provider,"Firebrand Training Centre, Wyboston Lakes, Great North Road, Wyboston, Bedford, MK44 3AL",Outstanding,31 March 2022,https://reports.ofsted.gov.uk/provider/33/1278573
2654209,First Avenue Training Limited,Independent learning provider,"Raise Business Centre, Tom Pudding Way, Goole, DN14 6BS",Outstanding,31 March 2022,https://reports.ofsted.gov.uk/provider/33/2654209
51841,First College,Independent learning provider,"North Parade, Skegness, Lincolnshire, PE25 1BY",Outstanding,31 March 2022,https://reports.ofsted.gov.uk/provider/33/51841
2636541,First Face To Face Ltd,Independent learning provider,"Gateshead International Business Centre, Mulgrave Terrace, Gateshead, NE8 1AN",Outstanding,31 March 2022,https://reports.ofsted.gov.uk/provider/33/2636541
2577242,First for Apprenticeships Limited,Independent learning provider,"Bizspace Amber Court, Newcastle Business Park, Newcastle, Tyne and Wear, NE4 7YW",Outstanding,31 March 2022,https://reports.ofsted.gov.uk/provider/33/2577242
1278686,First Intuition Bristol Limited,Independent learning provider,"6Th Floor, Citypoint, Temple Gate, Bristol, BS1 6PL",Outstanding,31 March 2022,https://reports.ofsted.gov.uk/provider/33/1278686
1278598,First Intuition Cambridge Limited,Independent learning provider,"35 Hills Road, Cambridge, CB2 1NT",Outstanding,31 March 2022,https://reports.ofsted.gov.uk/provider/33/1278598
1278627,First Intuition Chelmsford Limited,Independent learning provider,"Halford House, 2 Coval Lane, Chelmsford, CM1 1TD",Outstanding,31 March 2022,https://reports.ofsted.gov.uk/provider/33/1278627
2539261,First Intuition Leeds Limited,Independent learning provider,"4th Floor, Aquis House, 12 Greek Street, Leeds, LS1 5RU",Outstanding,31 March 2022,https://reports.ofsted.gov.uk/provider/33/2539261
1278665,First Intuition Limited,Independent learning provider,"160 Drummond Street, London, NW1 2PL",Outstanding,31 March 2022,https://reports.ofsted.gov.uk/provider/33/1278665
2539241,First Intuition Maidstone Limited,Independent learning provider,"89 King Street, MAIDSTONE, ME14 1BG",Outstanding,31 March 2022,https://reports.ofsted.gov.uk/provider/33/2539241
1278620,First Intuition South Limited,Independent learning provider,"Reading Bridge House, Fifth Floor (South Wing), Reading, RG1 8LS",Outstanding,31 March 2022,https://reports.ofsted.gov.uk/provider/33/1278620
51850,First Rung Limited,Independent learning provider,"197-205 High Street, Ponders End, Enfield, EN3 4DZ",Outstanding,31 March 2022,https://reports.ofsted.gov.uk/provider/33/51850
2691306,First Step Education and Training Limited,Independent learning provider,"G8 The Bloc, 38 Springfield Way, Anlaby, Hull, East Yorkshire, HU10 6RJ",Outstanding,31 March 2022,https://reports.ofsted.gov.uk/provider/33/2691306
1278599,Fit UK Training & Education Ltd,Independent learning provider,"Ty COPA, Argyll Road, Llandudno, Conwy, LL30 1DF",Outstanding,31 March 2022,https://reports.ofsted.gov.uk/provider/33/1278599
2539229,Fitch Learning Ltd,Independent learning provider,"The Corn Exchange, 55 Mark Lane, London, EC3R 7NE",Outstanding,31 March 2022,https://reports.ofsted.gov.uk/provider/33/2539229
70362,Five Counties SCITT,Training provider,"CLF Institute, Cabot Learning Federation, Russell Town Avenue, Redfield, Bristol, Bristol, BS5 9JH",,14 January 2019,https://reports.ofsted.gov.uk/provider/41/70362
150617,Five Rivers Virtual Education,,"47 Bedwin Street, Salisbury, SP1 3UT",,06 May 2025,https://reports.ofsted.gov.uk/provider/100003/150617
152247,Fix-It (UK) Ltd,,"Unit 6-7 Rosebridge Industrial Estate, Springview, Wigan, WN3 4TA",,,https://reports.ofsted.gov.uk/provider/39/152247
2701032,Flatworldworks Limited,Independent learning provider,"The Old Rectory, 57 Waterloo Road, Wolverhampton, WV1 4QH",,,https://reports.ofsted.gov.uk/provider/33/2701032
1270812,FLM Training Ltd,Independent learning provider,"Atlas House, Caxton Close, WIGAN, WN3 6XU",Outstanding,31 March 2022,https://reports.ofsted.gov.uk/provider/33/1270812
2654214,Floorskills Limited,Independent learning provider,"Unit 2, Lyndons Farm Poolhead Lane, Earlswood, Solihull, B94 5ES",Outstanding,31 March 2022,https://reports.ofsted.gov.uk/provider/33/2654214
1280318,Floortrain (GB) Limited,Independent learning provider,"Unit 1, Hutton Business Park, Bentley Moor Lane, Carcroft, Doncaster, South Yorkshire, DN6 7BD",Outstanding,31 March 2022,https://reports.ofsted.gov.uk/provider/33/1280318
1247982,Focus Fitness UK Limited,Independent learning provider,"North London Business Park, Oakleigh Road South, London, N11 1GN",Outstanding,31 March 2022,https://reports.ofsted.gov.uk/provider/33/1247982
50126,Focus Training (SW) Limited,Independent learning provider,"63-69 St. Modwen Road, Plymouth, PL6 8LH",Outstanding,31 March 2022,https://reports.ofsted.gov.uk/provider/33/50126
2868424,Foleshill Women's Training Ltd,Independent learning provider,"70-72 Elmsdale Ave, Coventry, CV6 6ES",,,https://reports.ofsted.gov.uk/provider/33/2868424
2510893,Folkestone & Hythe District Council,Independent learning provider,"Civic Centre, Castle Hill Avenue, Folkestone, CT20 2QY",Outstanding,31 March 2022,https://reports.ofsted.gov.uk/provider/33/2510893
147316,Folkestone Beacon Plus,,"16 Bouverie Place, Bouverie House Business Centre, Folkestone, Kent, CT20 1AU",Outstanding,31 March 2022,https://reports.ofsted.gov.uk/provider/39/147316
2626837,Football Family Limited,Independent learning provider,"Unit 11, Enterprise Court, Farfield Park, Rotherham, S63 5DB",Outstanding,31 March 2022,https://reports.ofsted.gov.uk/provider/33/2626837
2577245,Forestry Commission,Training provider,"Technical Training Centre, Birches Valley, Rugeley, WS15 2UQ",Outstanding,31 March 2022,https://reports.ofsted.gov.uk/provider/30/2577245
2626856,Forum For Sustainable New Venture,Independent learning provider,"2 Veridion Way, Erith, Bexley, DA18 4AL",Outstanding,31 March 2022,https://reports.ofsted.gov.uk/provider/33/2626856
147315,FORWARD2 EMPLOYMENT LIMITED,,"Unit E3, Knights Park, Strood, Rochester, Kent, ME2 2LS",Outstanding,31 March 2022,https://reports.ofsted.gov.uk/provider/39/147315
2656257,Founders and Coders CIC,Independent learning provider,"Space4, 2nd Floor, 113-115 Fonthill Road, London, N4 3HH",Outstanding,31 March 2022,https://reports.ofsted.gov.uk/provider/33/2656257
51895,Francesco Group (Holdings) Limited,Independent learning provider,"Woodings Yard, 4 Bailey Street, Stafford, ST17 4BG",Outstanding,31 March 2022,https://reports.ofsted.gov.uk/provider/33/51895
2765316,Franhen Consultancy Ltd,Independent learning provider,"73 Francis Road, Edgbaston, Birmingham, B16 8SP",Outstanding,31 March 2022,https://reports.ofsted.gov.uk/provider/33/2765316
130586,Franklin College,,"Chelmsford Avenue, Grimsby, Lincolnshire, DN34 5BY",Outstanding,31 March 2022,https://reports.ofsted.gov.uk/provider/40/130586
1247987,Free To Learn Ltd,Independent learning provider,"65 Hall Gate, Doncaster, DN1 3PB",Outstanding,31 March 2022,https://reports.ofsted.gov.uk/provider/33/1247987
132002,Freeman College,,"Sterling Works, 88 Arundel Street, Sheffield, South Yorkshire, S1 2NG",Outstanding,31 March 2022,https://reports.ofsted.gov.uk/provider/39/132002
2804849,Freight Transport Association Limited,Independent learning provider,"Hermes House, St. Johns Road, Tunbridge Wells, TN4 9UZ",Outstanding,31 March 2022,https://reports.ofsted.gov.uk/provider/33/2804849
2626834,Fresh Commun-IT Limited,Independent learning provider,"214 Whitby Road, Ruislip, Middlesex, HA4 9DY",Outstanding,31 March 2022,https://reports.ofsted.gov.uk/provider/33/2626834
2761348,FTW,Independent learning provider,"Paddock Business Centre, 2 Paddock Road, Skelmersdale, WN8 9PL",Outstanding,31 March 2022,https://reports.ofsted.gov.uk/provider/33/2761348
1276450,Fuel Learning Limited,Independent learning provider,"Unit 6, Meashm Lodge Business Park, Gallows Lane, Swadlincote, DE12 7HA",Outstanding,31 March 2022,https://reports.ofsted.gov.uk/provider/33/1276450
2730904,Fullagar Construction Skills Centre Ltd,Independent learning provider,"Unit 14, Lea Green Business Park, Eurolink, St. Helens, Merseyside, WA9 4TR",Outstanding,31 March 2022,https://reports.ofsted.gov.uk/provider/33/2730904
2577247,Functional Skills UK Limited,Independent learning provider,"2 Gordon Mews, Gordon Close, Portslade, Brighton, BN41 1HU",Outstanding,31 March 2022,https://reports.ofsted.gov.uk/provider/33/2577247
130633,Furness College,Further education college,"Channelside, Bessemer Way, Channelside, Barrow-in-Furness, Cumbria, LA14 2PJ",Outstanding,31 March 2022,https://reports.ofsted.gov.uk/provider/31/130633
1280346,Further Training Limited,Independent learning provider,"European Business Park, Taylors Lane, Oldbury, West Midlands, B69 2BN",,13 September 2019,https://reports.ofsted.gov.uk/provider/33/1280346
146551,Future Finders Employability College,,"77 Union Street, Oldham, Greater Manchester, OL1 1JZ",Outstanding,31 March 2022,https://reports.ofsted.gov.uk/provider/39/146551
148666,Future Horizons Leeds Ltd,,"Unit 7, Landmark Court, Beeston, Leeds, West Yorkshire, LS11 8JT",Outstanding,31 March 2022,https://reports.ofsted.gov.uk/provider/39/148666
2848481,Future Leap Limited,Independent learning provider,"16 Oakfield Rd, Clifton, Bristol, BS8 2AP",,,https://reports.ofsted.gov.uk/provider/33/2848481
70293,Future Teacher Training,Training provider,"Pimlico Academy, Lupus Street, Pimlico, London, SW1V 3AT",,06 January 2017,https://reports.ofsted.gov.uk/provider/41/70293
2620955,"Futures Advice, Skills and Employment Limited",Independent learning provider,"57 Maid Marion Way, Nottingham, NG1 6GE",Outstanding,31 March 2022,https://reports.ofsted.gov.uk/provider/33/2620955
150013,Futures Autism Unlimited,,"4 Magdalen Lane, Christchurch, BH23 1PH",,,https://reports.ofsted.gov.uk/provider/39/150013
2626887,Futures Training Academy Limited,Independent learning provider,"Unit 2, 1 Wellington Road, Portslade, Brighton, BN41 1DN",Outstanding,31 March 2022,https://reports.ofsted.gov.uk/provider/33/2626887
2791038,Futures Training Group Ltd,Independent learning provider,"192 Allerton Road, Mossley Hill, Liverpool, Merseyside, L18 5HU",Outstanding,31 March 2022,https://reports.ofsted.gov.uk/provider/33/2791038
2814682,G.G.R. Group Ltd,Training provider,"Presentation House, Broadgate Broadway Business Park, Chadderton, Oldham, OL9 0JA",,,https://reports.ofsted.gov.uk/provider/30/2814682
2814687,Gain Training,Independent learning provider,"6 Hollingworth Hall Farm, Hobson Moor Road, Mottram, Hyde, Cheshire, SK14 6SQ",Outstanding,31 March 2022,https://reports.ofsted.gov.uk/provider/33/2814687
2791041,Game Republic,Independent learning provider,"15 Victoria Park, Shipley, BD18 4RL",Outstanding,31 March 2022,https://reports.ofsted.gov.uk/provider/33/2791041
2804850,Game-On Coaching Limited,Independent learning provider,"Office 3, Little Heath Industrial Estate, Old Church Road, Coventry, CV6 7NB",Outstanding,31 March 2022,https://reports.ofsted.gov.uk/provider/33/2804850
2848483,Gas Logic Limited,Independent learning provider,"Unit 2, Rowdell Road, Northolt, Middlesex, UB5 5QR",,,https://reports.ofsted.gov.uk/provider/33/2848483
130551,Gateshead College,Further education college,"BALTIC CAMPUS, QUARRYFIELD ROAD, GATESHEAD, TYNE AND WEAR, NE8 3BE",Outstanding,31 March 2022,https://reports.ofsted.gov.uk/provider/31/130551
51938,Gateshead Council,Training provider,"Civic Centre, Regent Street, Gateshead, Tyne And Wear, NE8 1HH",Outstanding,31 March 2022,https://reports.ofsted.gov.uk/provider/42/51938
2683907,Gateway Education (London) Limited,Independent learning provider,"Crown House, 12th floor, Cambridge Road, Barking, IG11 8HG",,,https://reports.ofsted.gov.uk/provider/33/2683907
147756,Gateway Sixth Form College,,"Colin Grundy Drive, Leicester, Leicestershire, LE5 1GA",Outstanding,31 March 2022,https://reports.ofsted.gov.uk/provider/46/147756
1270872,Gecko Programmes Limited,Independent learning provider,"Newhampton Arts Centre Room 113, Dunkley Street, Wolverhampton, WV1 4AN",Good,01 August 2019,https://reports.ofsted.gov.uk/provider/33/1270872
2510897,Gem Partnership Limited,Independent learning provider,"2 Cook Way North West Ind Est, Peterlee, County Durham, SR8 2HY",Outstanding,31 March 2022,https://reports.ofsted.gov.uk/provider/33/2510897
2691326,Generation You Employed,Independent learning provider,"1 High Street, Egham, TW20 9HJ",Outstanding,31 March 2022,https://reports.ofsted.gov.uk/provider/33/2691326
1270923,Genesis Training Limited,Independent learning provider,"YMCA Beacon Building, College Street, St. Helens, Merseyside, WA10 1TF",Good,23 September 2019,https://reports.ofsted.gov.uk/provider/33/1270923
51952,Genii Engineering & Technology Training Limited,Independent learning provider,"Blackwood Road, Lillyhall Industrial Estate, Workington, Cumbria, CA14 4JW",Outstanding,31 March 2022,https://reports.ofsted.gov.uk/provider/33/51952
2741634,Genius Junction Ltd,Independent learning provider,"95 St. Albans Road, Watford, WD17 1SJ",Outstanding,31 March 2022,https://reports.ofsted.gov.uk/provider/33/2741634
1280339,Genius Software Solutions Limited,Independent learning provider,"1439, CUMBERNAULD ROAD, GLASGOW, G33 1AN",Outstanding,31 March 2022,https://reports.ofsted.gov.uk/provider/33/1280339
70201,George Spencer Academy SCITT,Training provider,"George Spencer Academy, Arthur Mee Road, Stapleford, Nottingham, NG9 7EW",,24 September 2009,https://reports.ofsted.gov.uk/provider/41/70201
2654210,Geoseis Consultant Limited,Independent learning provider,"29 Waterloo Road, 2nd floor, Wolverhampton, WV1 4DJ",Outstanding,31 March 2022,https://reports.ofsted.gov.uk/provider/33/2654210
2654239,Get Skills Employment and Training Ltd (trading as Get Set UK),Independent learning provider,"Quadrant House, 250 Kennington Lane, London, SE11 5RD",Outstanding,31 March 2022,https://reports.ofsted.gov.uk/provider/33/2654239
2765317,GFM Education (Academy Trust),Independent learning provider,"Bay House School, Gomer Lane, Hampshire, Gosport, PO12 2QP",,,https://reports.ofsted.gov.uk/provider/33/2765317
51961,GHQ Training Limited,Independent learning provider,"2 Elizabeth Court, Whimple Street, City Centre, Plymouth, PL1 2DH",Outstanding,31 March 2022,https://reports.ofsted.gov.uk/provider/33/51961
59190,GI Group,Independent learning provider,"Unit A, The Glass Yard, Sheffield Road, Chesterfield, S41 8JY",Outstanding,31 March 2022,https://reports.ofsted.gov.uk/provider/33/59190
1276527,Ginger Nut Media Limited,Independent learning provider,"37 Queen Street, Colchester, CO1 2PQ",Outstanding,31 March 2022,https://reports.ofsted.gov.uk/provider/33/1276527
59236,GK Apprenticeships Limited,Independent learning provider,"1 The Old Dairy, Lower Fyfield, Marlborough, Wiltshire, SN8 1PY",Outstanding,03 July 2017,https://reports.ofsted.gov.uk/provider/33/59236
58551,GK Training Services Limited,Independent learning provider,"89-91 Railway Road, Leigh, WN7 4AD",Outstanding,31 March 2022,https://reports.ofsted.gov.uk/provider/33/58551
59152,GLAS Business Solutions Limited,Independent learning provider,"Unit 14, Business Development Centre, Main Avenue, Treforest Industrial Estate, Pontipridd, Mid Glamorgan, CF37 5UR",Outstanding,31 March 2022,https://reports.ofsted.gov.uk/provider/33/59152
2643266,Glasgow Caledonian University,,"City Campus, 70 Cowcaddens Road, Glasgow, G4 0BA",,,https://reports.ofsted.gov.uk/provider/43/2643266
2626823,Glass and Fenestration Training Solutions Ltd,Independent learning provider,"593 Thornton Road, Bradford, BD13 3NW",Outstanding,31 March 2022,https://reports.ofsted.gov.uk/provider/33/2626823
132004,Glasshouse College,,"Wollaston Road, Amblecote, Stourbridge, West Midlands, DY8 4HF",Outstanding,31 March 2022,https://reports.ofsted.gov.uk/provider/39/132004
58950,Global Skills Training Ltd,Independent learning provider,"Old Acton Library, 1st Floor, High Street, London, W3 6NA",Outstanding,31 March 2022,https://reports.ofsted.gov.uk/provider/33/58950
130683,Gloucestershire College,Further education college,"Llanthony Road, Gloucester, GL2 5JQ",Outstanding,31 March 2022,https://reports.ofsted.gov.uk/provider/31/130683
50129,Gloucestershire Engineering Training Limited,Independent learning provider,"Unit 2-7 Barnwood Point, Corinium Avenue, Gloucester, GL4 3HX",Outstanding,31 March 2022,https://reports.ofsted.gov.uk/provider/33/50129
58505,Gloucestershire Enterprise Limited,Independent learning provider,"Unit 3, Twigworth Court Business Centre, Tewkesbury Road, Gloucester, GL2 9PG",Outstanding,31 March 2022,https://reports.ofsted.gov.uk/provider/33/58505
70026,Gloucestershire Initial Teacher Education Partnership (GITEP),Training provider,"Cheltenham Bournside School, Warden Hill Road, Cheltenham, Gloucestershire, GL51 3EF",,05 August 2006,https://reports.ofsted.gov.uk/provider/41/70026
1276521,GLP Training Ltd,Independent learning provider,"Security House, Barbourne Road, Worcester, Worcestershire, WR1 1RS",Outstanding,31 March 2022,https://reports.ofsted.gov.uk/provider/33/1276521
2674138,GNR Training Limited,Independent learning provider,"GNR Group, 1 Bawtry Gate, Tinsley, Sheffield, S9 1UD",Outstanding,31 March 2022,https://reports.ofsted.gov.uk/provider/33/2674138
2643283,Go Beyond Services Ltd,Independent learning provider,"1st Floor, 44 Great Marlborough Street, London, W1F 7JL",Outstanding,31 March 2022,https://reports.ofsted.gov.uk/provider/33/2643283
145004,Godalming College,,"Tuesley Lane, Godalming, Surrey, GU7 1RS",Outstanding,31 March 2022,https://reports.ofsted.gov.uk/provider/46/145004
2626819,Goddard Veterinary Group Limited,Independent learning provider,"Claygate House, Manor Road, Woodford Green, Essex, IG8 8BZ",Outstanding,31 March 2022,https://reports.ofsted.gov.uk/provider/33/2626819
70122,"Goldsmiths, University of London",Training provider,"Goldsmiths, Margaret McMillan Building, New Cross Road, London, London, SE14 6NW",,05 August 2006,https://reports.ofsted.gov.uk/provider/41/70122
2791014,Goode Tutoring Ltd,Independent learning provider,"Goode Tutoring, Gravel Hill, Wombourne, Wolverhampton, WV5 9HA",Outstanding,31 March 2022,https://reports.ofsted.gov.uk/provider/33/2791014
2626876,Goodwin Engineering Training Company Limited,Training provider,"Goodwin House, Leek Road, Stoke-On-Trent, ST1 3NR",Outstanding,31 March 2022,https://reports.ofsted.gov.uk/provider/30/2626876
70328,GORSE SCITT,Training provider,"Floor 4, Leeds Mathematics School, 105 Albion Street, Leeds, LS1 5AS",,09 January 2018,https://reports.ofsted.gov.uk/provider/41/70328
2626817,Govia Thameslink Railway Limited,Training provider,"Go-Ahead House, 26-28 Addiscombe Road, Croydon, Surrey, CR9 5GA",Outstanding,31 March 2022,https://reports.ofsted.gov.uk/provider/30/2626817
2495062,Gower College Swansea,Independent learning provider,"Unit 1-2, Jubilee Court, Fforestfach, Swansea, SA5 4HB",Outstanding,31 March 2022,https://reports.ofsted.gov.uk/provider/33/2495062
,Grantham College,,"Stonebridge Road, GRANTHAM, Lincolnshire, NG31 9AP",,17 October 2002,https://reports.ofsted.gov.uk/provider/3/SC039105
130759,Grantham College,Further education college,"Stonebridge Road, Grantham, Lincolnshire, NG31 9AP",Outstanding,31 March 2022,https://reports.ofsted.gov.uk/provider/31/130759
147303,Great Oaks Charitable Trust T/A Great Oaks College,,"Gresham Road, Hounslow, Hounslow, Middlesex, TW3 4BX",Outstanding,31 March 2022,https://reports.ofsted.gov.uk/provider/39/147303
2510878,Greater Manchester Combined Authority,Training provider,"Bury Training & Safety Centre, Hinds Lane, Bury, Greater Manchester, BL8 2GN",Outstanding,31 March 2022,https://reports.ofsted.gov.uk/provider/30/2510878
1276256,Greater Manchester Mental Health NHS Foundation Trust,Training provider,"Harrop House, Prestwich Hospital Bury New Road, Prestwich, Prestwich, Manchester, M25 3BL",Good,27 December 2018,https://reports.ofsted.gov.uk/provider/30/1276256
146362,Green Corridor,,"Main Road Nurseries, Stanwell Moor Road, London, TW19 6BS",Outstanding,31 March 2022,https://reports.ofsted.gov.uk/provider/39/146362
59222,Green Inc (EU) Limited,Independent learning provider,"1 Milton Road, Swindon, Wiltshire, SN1 5JE",Outstanding,31 March 2022,https://reports.ofsted.gov.uk/provider/33/59222
52037,Greenbank Project (The),Independent learning provider,"Greenbank College, Greenbank Lane, Liverpool, Merseyside, L17 1AG",Outstanding,31 March 2022,https://reports.ofsted.gov.uk/provider/33/52037
1280308,Greendale Limited,Independent learning provider,"Unit 10, Newby Road Industrial Estate, Hazlegrove, Stockport, Cheshire, SK7 5DA",Outstanding,31 March 2022,https://reports.ofsted.gov.uk/provider/33/1280308
130538,Greenhead College,,"Greenhead Road, Huddersfield, West Yorkshire, HD1 4ES",Outstanding,31 March 2022,https://reports.ofsted.gov.uk/provider/40/130538
2556385,Greenlight Training Limited,Independent learning provider,"Greenlight Safety and Training, Huxley Close, Newnham Industrial Estate, Plymouth, PL7 4JN",Outstanding,31 March 2022,https://reports.ofsted.gov.uk/provider/33/2556385
1278605,Grey Seal Academy Limited,Independent learning provider,"Oakhurst House, 57 Ashbourne Road, DERBY, Derbyshire, DE22 3FS",Outstanding,31 March 2022,https://reports.ofsted.gov.uk/provider/33/1278605
2654176,Groundwork Greater Manchester,Independent learning provider,"Trafford Ecology Park, Lake Road, Stretford, Manchester, M17 1TU",Outstanding,31 March 2022,https://reports.ofsted.gov.uk/provider/33/2654176
141503,Groundwork South and North Tyneside,,"Windmill Way, The Eco Centre, Hebburn, Tyne and Wear, NE31 1SR",Outstanding,31 March 2022,https://reports.ofsted.gov.uk/provider/39/141503
1270874,Group Horizon Limited,Independent learning provider,"G24 The Avenues, Eleventh Avenue North, Team Valley, GATESHEAD, NE11 0NJ",Outstanding,31 March 2022,https://reports.ofsted.gov.uk/provider/33/1270874
147314,Grow 19 LTD,,"Wolfe Building, Malling Road, Snodland, Kent, ME6 5HS",Outstanding,31 March 2022,https://reports.ofsted.gov.uk/provider/39/147314
1278597,GTG Training Limited,Independent learning provider,"1 Bearing Drive, Steelpark Business Park, Wolverhampton, WV11 3SZ",Outstanding,31 March 2022,https://reports.ofsted.gov.uk/provider/33/1278597
2539275,Guard Business Solutions Limited,Independent learning provider,"Markham House 4th Floor, Markham Road, Chesterfield, Derbyshire, S40 1TG",Good,14 November 2019,https://reports.ofsted.gov.uk/provider/33/2539275
1276385,Guy's and St Thomas' NHS Foundation Trust,Independent learning provider,"Education Centre, 75 York Road, London, SE1 7NY",Outstanding,31 March 2022,https://reports.ofsted.gov.uk/provider/33/1276385
2643280,H.L. Hutchinson Limited,Training provider,"Weasenham Lane, Wisbech, PE13 2RN",,,https://reports.ofsted.gov.uk/provider/30/2643280
59204,Hackney London Borough Council,Training provider,"Hackney Town Hall, Mare Street, London, E8 1EA",Outstanding,31 March 2022,https://reports.ofsted.gov.uk/provider/42/59204
52093,Haddon Training Limited,Independent learning provider,"Brinkworth House, Brinkworth, Chippenham, Wiltshire, SN15 5DF",Outstanding,31 March 2022,https://reports.ofsted.gov.uk/provider/33/52093
2730905,Haha Training Ltd,Independent learning provider,"12 London Road, Portsmouth, PO2 0LH",Outstanding,31 March 2022,https://reports.ofsted.gov.uk/provider/33/2730905
52095,Hair Academy South West Limited,Independent learning provider,"120 East Reach, Taunton, TA1 3HL",Outstanding,31 March 2022,https://reports.ofsted.gov.uk/provider/33/52095
130476,Halesowen College,Further education college,"Whittingham Road, Halesowen, West Midlands, B63 3NA",Outstanding,31 March 2022,https://reports.ofsted.gov.uk/provider/31/130476
58139,Halifax Opportunities Trust,Independent learning provider,"Hanson Lane Enterprise Centre, Hanson Lane, Halifax, West Yorkshire, HX1 5PG",Outstanding,31 March 2022,https://reports.ofsted.gov.uk/provider/33/58139
2654182,Halls of Ivy Beauty Academy Limited,Independent learning provider,"191, South Street, Romford, RM1 1QA",Outstanding,31 March 2022,https://reports.ofsted.gov.uk/provider/33/2654182
52104,Halton Borough Council,Training provider,"Room 21 Kingsway Learning Centre, Victoria Road, Widnes, WA8 7QY",Outstanding,31 March 2022,https://reports.ofsted.gov.uk/provider/42/52104
53121,Hammersmith and Fulham Adult Learning and Skills Service,Training provider,"Macbeth Centre, Macbeth Street, Hammersmith, London, W6 9JJ",Outstanding,31 March 2022,https://reports.ofsted.gov.uk/provider/42/53121
52116,Hampshire County Council,Training provider,"Hampshire Achieves, Children's Services Directorate, Hampshire County Council, First Floor, EII Court West, The Castle, Winchester, SO23 8UG",Outstanding,31 March 2022,https://reports.ofsted.gov.uk/provider/42/52116
2539243,Hampshire Hospitals NHS Foundation Trust,Independent learning provider,"Apprenticeship Team, Education Centre, Royal Hampshire County Hospital, Romsey Road, Winchester, SO22 5DG",Outstanding,31 March 2022,https://reports.ofsted.gov.uk/provider/33/2539243
2804863,Hands On Skills Training Ltd,Independent learning provider,"Sandy Lane Farm, Sandy Lane, Aveley, South Ockendon, Essex, RM15 4XP",Outstanding,31 March 2022,https://reports.ofsted.gov.uk/provider/33/2804863
58502,Happy Computers,Independent learning provider,"3rd Floor Robert Dolan House, 9 Alie Street, London, E1 8DE",Outstanding,31 March 2022,https://reports.ofsted.gov.uk/provider/33/58502
53124,Haringey London Borough Council,Training provider,"Po Box 264, N22 8LE",Outstanding,31 March 2022,https://reports.ofsted.gov.uk/provider/42/53124
139363,Haringey Sixth Form College,,"White Hart Lane, TOTTENHAM, London, N17 8HR",Outstanding,31 March 2022,https://reports.ofsted.gov.uk/provider/46/139363
141965,Harington School,,"Huntsmans Drive, Catmose Campus, Oakham, Rutland, LE15 6RP",Outstanding,31 March 2022,https://reports.ofsted.gov.uk/provider/46/141965
130676,Harlow College,Further education college,"Velizy Avenue, Harlow, Essex, CM20 3LH",Outstanding,31 March 2022,https://reports.ofsted.gov.uk/provider/31/130676
133891,Harper Adams University,Apprenticeship provider,"[Postcode TF10 8NB], Newport, Shropshire, TF10 8NB",Outstanding,31 March 2022,https://reports.ofsted.gov.uk/provider/43/133891
2654215,Harper Craven Associates Limited,Independent learning provider,"Linley House, Dickinson Street, Manchester, M1 4LF",Outstanding,31 March 2022,https://reports.ofsted.gov.uk/provider/33/2654215
1280328,Harriet Ellis Training Solutions Limited,Independent learning provider,"103 North Street, Harriet Ellis Recruitment, ROMFORD, RM1 1EU",Outstanding,31 March 2022,https://reports.ofsted.gov.uk/provider/33/1280328
148555,Harris Clapham Sixth Form,,"73 Kings Avenue, London, SW4 8DX",Outstanding,31 March 2022,https://reports.ofsted.gov.uk/provider/46/148555
2630966,Harris Federation,Independent learning provider,"4th Floor, Norfolk House, 15 Wellesley Road, Croydon, CR0 1LH",Outstanding,31 March 2022,https://reports.ofsted.gov.uk/provider/33/2630966
145197,Harris Professional Skills Sixth Form,,"11 Oliver Grove, London, SE25 6EJ",Outstanding,31 March 2022,https://reports.ofsted.gov.uk/provider/46/145197
143759,Harris Rainham Sixth Form,,"217 Wennington Road, Rainham, RM13 9XA",Outstanding,31 March 2022,https://reports.ofsted.gov.uk/provider/46/143759
140939,Harris Westminster Sixth Form,,"Steel House, 11 Tothill Street, Westminster, London, SW1H 9LH",Outstanding,31 March 2022,https://reports.ofsted.gov.uk/provider/46/140939
50227,Harrow London Borough Council,Training provider,"3rd Floor, South Wing, Civic Centre, Station Road, Harrow, HA1 2XY",Outstanding,31 March 2022,https://reports.ofsted.gov.uk/provider/42/50227
2539227,Hart Learning & Development Ltd,Independent learning provider,"Stevenage Centre, Monkswood Way, Stevenage, SG1 1LA",Outstanding,31 March 2022,https://reports.ofsted.gov.uk/provider/33/2539227
52137,Hartlepool Borough Council,Training provider,"Hartlepool Learning and Skills service, Community Hub Central, 124 York Road, Hartlepool, TS26 9DE",Outstanding,31 March 2022,https://reports.ofsted.gov.uk/provider/42/52137
130567,Hartlepool College of Further Education,Further education college,"Stockton Street, Hartlepool, TS24 7NT",Outstanding,31 March 2022,https://reports.ofsted.gov.uk/provider/31/130567
146555,Hartpury College,Further education college,"Hartpury University and Hartpury College, Hartpury House, Gloucester, GL19 3BE",Outstanding,31 March 2022,https://reports.ofsted.gov.uk/provider/31/146555
,Hartpury College,,"Hartpury College, Hartpury House, Hartpury, GLOUCESTER, GL19 3BE",,13 May 2003,https://reports.ofsted.gov.uk/provider/3/SC046577
130695,Havant and South Downs College,Further education college,"College Road, Waterlooville, Hampshire, PO7 8AA",Outstanding,31 March 2022,https://reports.ofsted.gov.uk/provider/31/130695
53127,Havering London Borough Council,Training provider,"HAC Bower Park Centre, 472 Havering Road, Romford, Essex, RM1 4HR",Outstanding,31 March 2022,https://reports.ofsted.gov.uk/provider/42/53127
52147,Hawk Management (UK) Limited,Independent learning provider,"Hawk Training, Regal House, 70 London Road, TWICKENHAM, TW1 3QS",Outstanding,31 March 2022,https://reports.ofsted.gov.uk/provider/33/52147
70368,Haybridge SCITT,Training provider,"Haybridge High School and Sixth Form, Brake Lane, Hagley, Worcestershire, DY8 2XS",,29 November 2018,https://reports.ofsted.gov.uk/provider/41/70368
59066,Hays Travel Limited,Training provider,"Gilbridge House, High Street West, Sunderland, SR1 3HA",Outstanding,31 March 2022,https://reports.ofsted.gov.uk/provider/30/59066
2691307,HCF Catch Limited,Independent learning provider,"HCF Catch Ltd, Redwood Park Estate, Stallingborough, Grimsby, DN41 8TH",Outstanding,31 March 2022,https://reports.ofsted.gov.uk/provider/33/2691307
1278613,HCRG Care Services Limited,Independent learning provider,"Progressive House, The Heath Business Park, RUNCORN, Cheshire, WA7 4QX",Outstanding,31 March 2022,https://reports.ofsted.gov.uk/provider/33/1278613
58219,Health & Safety Training Limited,Independent learning provider,"Unit 6, Wesley Way, Benton Square Industial Estate, Newcastle Upon Tyne, Tyne and Wear, NE12 9TA",Outstanding,31 March 2022,https://reports.ofsted.gov.uk/provider/33/58219
2804847,Health Sciences University,Independent learning provider,"13-15, Parkwood Road, Bournemouth, BH5 2DF",Outstanding,31 March 2022,https://reports.ofsted.gov.uk/provider/33/2804847
141435,Heart of Birmingham Vocational College,,"328 - 332 Bromford Lane, Birmingham, West Midlands, B8 2SD",Outstanding,31 March 2022,https://reports.ofsted.gov.uk/provider/39/141435
52163,Heart of England Training Limited,Independent learning provider,"Suite One, Eleven Arches House, 125 Yates Avenue, Rugby, CV21 1FD",Outstanding,31 March 2022,https://reports.ofsted.gov.uk/provider/33/52163
130713,Heart of Worcestershire College,Further education college,"Peakman Campus, Peakman Street, Redditch, Worcestershire, B98 8DW",Outstanding,31 March 2022,https://reports.ofsted.gov.uk/provider/31/130713
130549,Heart of Yorkshire Education Group,Further education college,"Margaret Street, Wakefield, West Yorkshire, WF1 2DH",Outstanding,01/03/2022,https://reports.ofsted.gov.uk/provider/31/130549
52165,Heathercroft Training Services Limited,Independent learning provider,"1-3 Robertson Street, Hastings, East Sussex, TN34 1HN",Outstanding,31 March 2022,https://reports.ofsted.gov.uk/provider/33/52165
2868429,Helen Williams (trading as M.I.Y Aesthetics and Training),Independent learning provider,"Cholmondley House, Dee Hills Park, Chester, CH3 5AR",,,https://reports.ofsted.gov.uk/provider/33/2868429
121777,Henshaws College,,"Bogs Lane, Harrogate, North Yorkshire, HG1 4ED",Outstanding,31 March 2022,https://reports.ofsted.gov.uk/provider/39/121777
130714,Hereford College of Arts,Further education college,"Folly Lane, Hereford, Herefordshire, HR1 1LT",Outstanding,31 March 2022,https://reports.ofsted.gov.uk/provider/31/130714
143929,Hereford Sixth Form College,,"Folly Lane, Hereford, Herefordshire, HR1 1LU",Outstanding,31 March 2022,https://reports.ofsted.gov.uk/provider/46/143929
52179,Herefordshire and Worcestershire Group Training Association Limited,Independent learning provider,"Holmer Road, Hereford, HR4 9SX",Outstanding,31 March 2022,https://reports.ofsted.gov.uk/provider/33/52179
50221,Herefordshire Council,Training provider,"Plough Lane Offices, Plough Lane, Hereford, HR4 0LE",Outstanding,31 March 2022,https://reports.ofsted.gov.uk/provider/42/50221
2509968,"Herefordshire, Ludlow and North Shropshire College",,"Folly Lane, HEREFORD, Herefordshire, HR1 1LS",,16 November 2018,https://reports.ofsted.gov.uk/provider/3/2509968
130710,"Herefordshire, Ludlow and North Shropshire College",Further education college,"Folly Lane, Hereford, Herefordshire, HR1 1LS",Outstanding,01/11/2018,https://reports.ofsted.gov.uk/provider/31/130710
130474,Hereward College of Further Education,Further education college,"Bramston Crescent, Tile Hill Lane, Tile Hill, Coventry, West Midlands, CV4 9SW",Outstanding,31 March 2022,https://reports.ofsted.gov.uk/provider/31/130474
2577253,Heritage Skills Academy Limited,Independent learning provider,"HeritageSkills Academy, Building 90, Buckingham Road, Bicester, OX26 5HA",Outstanding,31 March 2022,https://reports.ofsted.gov.uk/provider/33/2577253
130722,Hertford Regional College,Further education college,"Scotts Road, Ware, Hertfordshire, SG12 9JF",Outstanding,31 March 2022,https://reports.ofsted.gov.uk/provider/31/130722
50133,Hertfordshire County Council (trading as Step2Skills),Training provider,"Room 325, County Hall, Pegs Lane, Hertford, Hertfordshire, SG13 8DF",Outstanding,31 March 2022,https://reports.ofsted.gov.uk/provider/42/50133
2772946,HGV Training Services Limited,Independent learning provider,"Unit 5, Apollo Studios, Charlton King's Road, Kentish Town, London, NW5 2SB",Outstanding,31 March 2022,https://reports.ofsted.gov.uk/provider/33/2772946
2791015,Hidden Hearing Limited,Training provider,"Dalton House Training Centre, 18 Broad walk, Buxton, Derbyshire, SK17 6JR",Outstanding,31 March 2022,https://reports.ofsted.gov.uk/provider/30/2791015
2510875,High Ridge Training Ltd,Independent learning provider,"26 Station Road, Gloucester, GL1 1EW",Outstanding,31 March 2022,https://reports.ofsted.gov.uk/provider/33/2510875
52210,Hill Holt Wood,Independent learning provider,"Hill Holt Wood, Norton Disney, Lincoln, LN6 9JP",Outstanding,31 March 2022,https://reports.ofsted.gov.uk/provider/33/52210
2730906,Hillier Nurseries Limited,Training provider,"Ampfield House, Winchester Road, Ampfield, Romsey, SO51 9PA",,,https://reports.ofsted.gov.uk/provider/30/2730906
53129,Hillingdon London Borough Council,Training provider,"Adult and Community Learning - Hillingdon London Borough Council, Park Road, Uxbridge, UB8 1NP",Outstanding,31 March 2022,https://reports.ofsted.gov.uk/provider/42/53129
152061,Hills Road Sixth Form College,,"Hills Road, Cambridge, Cambridgeshire, CB2 8PE",,,https://reports.ofsted.gov.uk/provider/46/152061
2814673,Hipster Group Limited,Independent learning provider,"2a Darwall Street, Walsall, WS1 1DA",Outstanding,31 March 2022,https://reports.ofsted.gov.uk/provider/33/2814673
2510851,His Majesty's Revenue and Customs (HMRC),Training provider,"1 Unity Square, Nottingham, NG2 1AW",Outstanding,31 March 2022,https://reports.ofsted.gov.uk/provider/30/2510851
57860,HIT Training Ltd,Independent learning provider,"24 Cecil Pashley Way, SHOREHAM-BY-SEA, West Sussex, BN43 5FF",Outstanding,31 March 2022,https://reports.ofsted.gov.uk/provider/33/57860
2526591,HMPPS Learning Centre,Training provider,"Newbold Revel, Stretton under Fosse, RUGBY, Warwickshire, CV23 0TH",Outstanding,31 March 2022,https://reports.ofsted.gov.uk/provider/30/2526591
59233,HOB Salons Limited,Independent learning provider,"HOB Apprentice Academy, Unit 3b, 28 Jamestown Road, Camden, London, NW1 7BY",Outstanding,31 March 2022,https://reports.ofsted.gov.uk/provider/33/59233
2654216,Holland and Barrett Retail Limited,Training provider,"Samuel Ryder House, 7 Barling Way, Nuneaton, CV10 7RH",Outstanding,31 March 2022,https://reports.ofsted.gov.uk/provider/30/2654216
1278638,Holt Green Training Ltd,Independent learning provider,"First Floor, Discovery House, Crossley Road, Stockport, Greater Manchester, SK4 5BH",Outstanding,31 March 2022,https://reports.ofsted.gov.uk/provider/33/1278638
130499,Holy Cross College,,"169 Manchester Road, Bury, Greater Manchester, BL9 9BB",Outstanding,31 March 2022,https://reports.ofsted.gov.uk/provider/40/130499
131893,Homefield College,,"217 Loughborough Road, Mountsorrel, Leicestershire, LE12 7AR",Outstanding,31 March 2022,https://reports.ofsted.gov.uk/provider/39/131893
2654140,Homeserve Membership Limited,Independent learning provider,"Aspect Business Park, Bennerley Road, Nottingham, NG6 8WR",Outstanding,31 March 2022,https://reports.ofsted.gov.uk/provider/33/2654140
56201,Hoople Ltd,Independent learning provider,"Churchill House, Venns Lane, Hereford, HR1 1DE",Outstanding,31 March 2022,https://reports.ofsted.gov.uk/provider/33/56201
130507,Hopwood Hall College,Further education college,"Middleton Campus, Rochdale Road, Middleton, Manchester, Greater Manchester, M24 6XH",Outstanding,31 March 2022,https://reports.ofsted.gov.uk/provider/31/130507
147610,Horizons College,,"Bincknoll Lane, Unit 5, Interface Business Park, Royal Wootton Bassett, Wiltshire, SN4 8QQ",Outstanding,31 March 2022,https://reports.ofsted.gov.uk/provider/39/147610
53132,Hounslow Adult and Community Education,Training provider,"Civic Centre, Lampton Road, Hounslow, TW3 4DN",Outstanding,31 March 2022,https://reports.ofsted.gov.uk/provider/42/53132
2748174,House Builder XL Limited (HBXL),Independent learning provider,"HERE, Bath Road, Bristol, BS4 3AP",Outstanding,31 March 2022,https://reports.ofsted.gov.uk/provider/33/2748174
54096,House of Clive (Hair and Beauty) Ltd,Independent learning provider,"15a Colston Street, Bristol, BS1 5AP",Outstanding,31 March 2022,https://reports.ofsted.gov.uk/provider/33/54096
130446,"HRUC (Harrow, Richmond & Uxbridge Colleges)",Further education college,"Park Road, Uxbridge, UB8 1NQ",Outstanding,04/01/2023,https://reports.ofsted.gov.uk/provider/31/130446
1278661,HTFT Partnership Limited,Independent learning provider,"1st Floor, 12 The Pavilions, Cranmore Drive, Shirley, SOLIHULL, B90 4SB",Outstanding,31 March 2022,https://reports.ofsted.gov.uk/provider/33/1278661
52386,HTP Apprenticeship College LTD,Independent learning provider,"118–119 St James Street, Newport, PO30 5HE",Outstanding,31 March 2022,https://reports.ofsted.gov.uk/provider/33/52386
1253919,Huddersfield Horizon SCITT,Training provider,"Huddersfield Horizon SCITT, The Gateway, Lowfields Close, Lowfields Business Park, Elland, Halifax, West Yorkshire, HX5 9DX",,15 January 2020,https://reports.ofsted.gov.uk/provider/41/1253919
130539,Huddersfield New College,,"New Hey Road, Huddersfield, West Yorkshire, HD3 4GL",Outstanding,31 March 2022,https://reports.ofsted.gov.uk/provider/40/130539
52395,Huddersfield Textile Training Limited,Independent learning provider,"The Old School, New Hey Road, Huddersfield, HD3 3YJ",Outstanding,31 March 2022,https://reports.ofsted.gov.uk/provider/33/52395
130490,Hugh Baird College,Further education college,"Balliol Road, Bootle, Merseyside, L20 7EW",Outstanding,31 March 2022,https://reports.ofsted.gov.uk/provider/31/130490
2717165,Hughes Driver Training Limited,Independent learning provider,"1 Mountsorrel Lane, Rothley, Leicester, LE7 7PS",Outstanding,31 March 2022,https://reports.ofsted.gov.uk/provider/33/2717165
2748175,Hull and Humber Chamber of Commerce Industry and Shipping,Independent learning provider,"34-38 Beverley Road, Hull, HU3 1YE",Outstanding,31 March 2022,https://reports.ofsted.gov.uk/provider/33/2748175
52402,Hull Business Training Centre Limited,Independent learning provider,"2 Charlotte Street Mews, Hull, Yorkshire, HU1 3BP",Outstanding,31 March 2022,https://reports.ofsted.gov.uk/provider/33/52402
130579,Hull College,Further education college,"Queen's Gardens, Wilberforce Drive, Kingston-upon-Hull, HU1 3DG",Outstanding,31 March 2022,https://reports.ofsted.gov.uk/provider/31/130579
2814691,Hull Culture and Leisure Ltd,Training provider,"Hull Central Library, Albion Street, Hull, HU1 3TF",Outstanding,31 March 2022,https://reports.ofsted.gov.uk/provider/30/2814691
51535,Humankind (Trading as Waythrough Education Services),Independent learning provider,"Sapphire House, Unit 2 IES centre, Horndale Avenue, Newton Aycliffe, DL5 6DS",Outstanding,31 March 2022,https://reports.ofsted.gov.uk/provider/33/51535
58700,Humber Learning Consortium,Independent learning provider,"63-71 Anlaby Road, Hull, HU3 2LL",Outstanding,31 March 2022,https://reports.ofsted.gov.uk/provider/33/58700
52410,Humberside Engineering Training Association Limited,Independent learning provider,"27-31 Dansom Lane South, Hull, HU8 7LA",Outstanding,31 March 2022,https://reports.ofsted.gov.uk/provider/33/52410
52418,HYA Training Limited,Independent learning provider,"Hi-Tech House, Hi-Tech Park, Goulton Street, Hull, HU3 4DD",Good,28 June 2000,https://reports.ofsted.gov.uk/provider/33/52418
1280317,Hybrid Technical Services Limited,Independent learning provider,"Unit 3 Box Works, Heysham Road, BOOTLE, MERSEYSIDE, L30 6UR",Outstanding,31 March 2022,https://reports.ofsted.gov.uk/provider/33/1280317
2654217,Hyper Island Limited,Independent learning provider,"Jactin House, 24 Hood Street, Manchester, M4 6WX",Outstanding,31 March 2022,https://reports.ofsted.gov.uk/provider/33/2654217
1276469,I & F Limited (trading as Skills4 Group),Independent learning provider,"Unit 6, Cable Court, Pitman Way, Preston, PR2 9YW",Outstanding,31 March 2022,https://reports.ofsted.gov.uk/provider/33/1276469
2791016,I.V.S. Training and Assessment Ltd,Independent learning provider,"Stockport Business and Innovation Centre, Room 330, Third Floor, Broadstone Mill, Stockport, SK5 7DL",,,https://reports.ofsted.gov.uk/provider/33/2791016
70316,i2i Teaching Partnership,Training provider,"Weydon School, Weydon Lane, Farnham, Surrey, GU9 8UG",,25 January 2018,https://reports.ofsted.gov.uk/provider/41/70316
2814708,IBIS Consultancy Ltd,Independent learning provider,"39 Maidstone Innovation Centre, Gidds Pond Way, Weavering, Maidstone, ME14 5FY",Outstanding,31 March 2022,https://reports.ofsted.gov.uk/provider/33/2814708
2494963,IBM United Kingdom Limited,Training provider,"Ibm Mp098, Hursley Park, Hursley, Winchester, SO21 2JN",Outstanding,31 March 2022,https://reports.ofsted.gov.uk/provider/30/2494963
2748173,Ideal Boilers Limited (Groupe Atlantic),Independent learning provider,"Ideal Heating Expert Academy, Meadow Road, Hessle, HU13 0DG",Outstanding,31 March 2022,https://reports.ofsted.gov.uk/provider/33/2748173
1280319,Ignite Sport UK Limited,Independent learning provider,"The Community Arena Oxford City FC, Marsh Lane, Marston, Oxford, OX3 0NQ",Outstanding,31 March 2022,https://reports.ofsted.gov.uk/provider/33/1280319
2554086,Ignite Training Ltd,Independent learning provider,"5 Larch Court, Elm Road, West Chirton North Industrial Estate, North Shields, NE29 8SG",Outstanding,31 March 2022,https://reports.ofsted.gov.uk/provider/33/2554086
2791017,Imeta Training and Solutions Ltd,Independent learning provider,"Hagley House, 93a Hagley Road, Edgbaston, Birmingham, West Midlands, B16 8LA",Outstanding,31 March 2022,https://reports.ofsted.gov.uk/provider/33/2791017
1276401,Impact Futures Training Limited,Independent learning provider,"156 Great Charles Street, Queensway, Birmingham, B3 3HN",Outstanding,31 March 2022,https://reports.ofsted.gov.uk/provider/33/1276401
149733,Imperial College London Mathematics School,,"C/O Woodhouse College, Woodhouse Road, London, N12 9EY",Outstanding,31 March 2022,https://reports.ofsted.gov.uk/provider/46/149733
59237,In-Comm Training and Business Services Limited,Independent learning provider,"12 Vigo Place, Aldridge, Walsall, West Midlands, WS9 8UG",Outstanding,31 March 2022,https://reports.ofsted.gov.uk/provider/33/59237
2748176,IN4.0 Group Limited (Skills City),Independent learning provider,"HOST Salford, Blue Tower, Media City Uk, Salford, M50 2ST",Outstanding,31 March 2022,https://reports.ofsted.gov.uk/provider/33/2748176
147588,Inclusion Hampshire,,"Meridian Office Park, Osborn Way, Hook, Hampshire, RG27 9HY",Outstanding,31 March 2022,https://reports.ofsted.gov.uk/provider/39/147588
59124,Inclusive Training Solutions Ltd,Independent learning provider,"1056 Deer Park Road, Moulton Park Industrial Estate, Northampton, Northamptonshire, NN3 6RX",Outstanding,31 March 2022,https://reports.ofsted.gov.uk/provider/33/59124
2625232,Independent Training and Education Consultants Limited,Independent learning provider,"The Business Village@BarnsleyBIC, Innovation Way, Wilthorpe, Barnsley, S75 1JL",Outstanding,31 March 2022,https://reports.ofsted.gov.uk/provider/33/2625232
52459,Independent Training Services Limited,Independent learning provider,"Unit 4, Queens Court, Regent Street, Barnsley, S70 2EG",Outstanding,31 March 2022,https://reports.ofsted.gov.uk/provider/33/52459
132042,Infocus College,,"Topsham Road, Countess Wear, Exeter, Devon, EX2 6HA",Outstanding,31 March 2022,https://reports.ofsted.gov.uk/provider/39/132042
2654192,Infra Skills,Independent learning provider,"Tech Block, Gee Business Centre, Holborn Hill, Birmingham, B7 5JR",Outstanding,31 March 2022,https://reports.ofsted.gov.uk/provider/33/2654192
2625243,Innersummit Ltd,Independent learning provider,"7 & 8 Delta Drive Road, Gateshead, NE11 9DJ",Outstanding,31 March 2022,https://reports.ofsted.gov.uk/provider/33/2625243
2790996,Inspira (01),Independent learning provider,"Unit 1, Castle View, Gillan Way, Penrith, CA11 9BP",Outstanding,31 March 2022,https://reports.ofsted.gov.uk/provider/33/2790996
1272917,Inspiration Teacher Training,Training provider,"Inspiration Curriculum Centre, 256 Hall Road, Norwich, NR2 1LG",,15 September 2021,https://reports.ofsted.gov.uk/provider/41/1272917
130613,Inspire Education Group,Further education college,"Park Crescent, Peterborough, Cambridgeshire, PE1 4DZ",Outstanding,10/10/2020,https://reports.ofsted.gov.uk/provider/31/130613
2510863,Inspire Middlesex College Ltd,Independent learning provider,"Suites 4 & 5, 2 Bath Road, HOUNSLOW, Middlesex, TW3 3HJ",Outstanding,31 March 2022,https://reports.ofsted.gov.uk/provider/33/2510863
2814690,Inspire Skills Training Ltd,Independent learning provider,"Unit 5, Phoenix House, Sandall Carr Road, Kirk Sandall, Doncaster, South Yorkshire, DN3 1QL",,,https://reports.ofsted.gov.uk/provider/33/2814690
70296,Inspiring Leaders - Teacher Training,Training provider,"Discovery Trust, NSPCC Centre, 3 Gilmour Close, Leicester, Leics, LE4 1EZ",,18 December 2017,https://reports.ofsted.gov.uk/provider/41/70296
51859,Inspiro Learning Limited,Independent learning provider,"Inspiro Learning Centre, Rands Lane, Armthorpe, Doncaster, South Yorkshire, DN3 3EW",Outstanding,31 March 2022,https://reports.ofsted.gov.uk/provider/33/51859
2526587,Instep UK Limited,Independent learning provider,"St James Business Centre, Wilderspool Causeway, Warrington, WA4 6PS",Outstanding,31 March 2022,https://reports.ofsted.gov.uk/provider/33/2526587
52487,Intec Business Colleges Limited,Independent learning provider,"Old School, Pennington Court, Rugby, Warwickshire, CV21 2BB",Outstanding,31 March 2022,https://reports.ofsted.gov.uk/provider/33/52487
58315,Integer Training Limited,Independent learning provider,"9 Bude Business Centre, Kings Hill Industrial Estate, Bude, Cornwall, EX23 8QN",Outstanding,31 March 2022,https://reports.ofsted.gov.uk/provider/33/58315
1276511,Intelligencia Training Limited,Independent learning provider,"3 Appley Court, Haynes, Bedford, MK45 3QQ",Outstanding,31 March 2022,https://reports.ofsted.gov.uk/provider/33/1276511
150164,International British Online School,,"156 Clapham Park Road, London, SW4 7DE",,03 May 2024,https://reports.ofsted.gov.uk/provider/100003/150164
1278602,Intertrain UK Ltd,Independent learning provider,"Balby Court, Carr Hill, Doncaster, South Yorkshire, DN4 8DE",Outstanding,31 March 2022,https://reports.ofsted.gov.uk/provider/33/1278602
2868450,Into Games C.I.C,Independent learning provider,"Preston Park House, South Road, BRIGHTON, BN1 6SB",,,https://reports.ofsted.gov.uk/provider/33/2868450
1280298,Introtrain & Forum Limited,Independent learning provider,"Suite H, Kidlington Centre, Kidlington, Oxfordshire, OX5 2DL",Outstanding,31 March 2022,https://reports.ofsted.gov.uk/provider/33/1280298
2625238,Involve Selection Limited,Independent learning provider,"1-2 Middle Street, Shoreham-By-Sea, West Sussex, BN43 5DP",Outstanding,31 March 2022,https://reports.ofsted.gov.uk/provider/33/2625238
2804864,Involved Social Impact Projects Limited,Independent learning provider,"The Capel Building, 57 Burton Street, Sheffield, South Yorkshire, S6 2HH",,,https://reports.ofsted.gov.uk/provider/33/2804864
2510888,Ioda Limited,Independent learning provider,"Ioda House, 4 Grimston Grange Offices, Grimston Park, Tadcaster, LS24 9BX",Outstanding,31 March 2022,https://reports.ofsted.gov.uk/provider/33/2510888
2804865,IOEX Ltd,Independent learning provider,"Export House, Lynch Wood, Minerva Business Park, Peterborough, PE2 6FT",Outstanding,31 March 2022,https://reports.ofsted.gov.uk/provider/33/2804865
52533,IPS International Limited,Independent learning provider,"Northbank House, Sir Thomas Longley Road, Medway City Estate, ROCHESTER, ME2 4DU",Outstanding,31 March 2022,https://reports.ofsted.gov.uk/provider/33/52533
2772958,Isales Academy Limited,Independent learning provider,"X M A Head Office, Unit 7 Handley Way, St. Albans, Hertfordshire, AL2 3QF",Outstanding,31 March 2022,https://reports.ofsted.gov.uk/provider/33/2772958
2523454,Italia Conti Arts Centre Limited,,"221 Epsom Road, Guildford, GU1 2RE",Outstanding,31 March 2022,https://reports.ofsted.gov.uk/provider/38/2523454
130704,Itchen College,,"Middle Road, Bitterne, Southampton, Hampshire, SO19 7TB",Outstanding,31 March 2022,https://reports.ofsted.gov.uk/provider/40/130704
52563,ITEC North East Limited,Independent learning provider,"Itec House, Hilton Road, Aycliffe Business Park, Newton Aycliffe, DL5 6EN",Outstanding,31 March 2022,https://reports.ofsted.gov.uk/provider/33/52563
2554025,Itec Training Solutions Ltd,Independent learning provider,"ITEC Skills, The Centre, 140 Old St, London, EC1V 9BJ",Outstanding,31 March 2022,https://reports.ofsted.gov.uk/provider/33/2554025
2772954,iungo Solutions Limited,Independent learning provider,"30 Queen Charlotte St, Bristol, BS1 4HJ",Outstanding,31 March 2022,https://reports.ofsted.gov.uk/provider/33/2772954
58521,IXION Holdings (Contracts) Limited,Independent learning provider,"Black Country House, Rounds Green Road, Oldbury, B69 2DG",Outstanding,31 March 2022,https://reports.ofsted.gov.uk/provider/33/58521
52566,J & E Training Consultants Limited,Independent learning provider,"Unit 1, The Gloucesters, Crompton Close, Basildon, Essex, SS14 3AY",Outstanding,31 March 2022,https://reports.ofsted.gov.uk/provider/33/52566
2635900,J and K Training Ltd,Independent learning provider,"71 Cockton Hill Road, Bishop Auckland, DL14 6HS",Outstanding,31 March 2022,https://reports.ofsted.gov.uk/provider/33/2635900
2804866,J.N. Bentley Limited,Independent learning provider,"Snaygill Industrial Estate, Keighley Road, Skipton, BD23 2QR",Outstanding,31 March 2022,https://reports.ofsted.gov.uk/provider/33/2804866
2494996,JAG Training Limited,Independent learning provider,"12a Newmarket Green, London, SE9 5ER",Outstanding,31 March 2022,https://reports.ofsted.gov.uk/provider/33/2494996
2741635,James Education Ltd,Independent learning provider,"537 Norwood Road, West Norwood, London, SE27 9DL",Outstanding,31 March 2022,https://reports.ofsted.gov.uk/provider/33/2741635
52794,Jancett Childcare & Jace Training Limited,Independent learning provider,"Old Town Hall, Woodcote Road, Wallington, Surrey, SM6 0NB",Outstanding,31 March 2022,https://reports.ofsted.gov.uk/provider/33/52794
2526588,Jarrold & Sons Limited,Independent learning provider,"St. James Mill, 12-20 Whitefriars, Norwich, NR3 1SH",Outstanding,31 March 2022,https://reports.ofsted.gov.uk/provider/33/2526588
52587,Jarvis Training Management Limited,Independent learning provider,"23-25 Goodlass Road, Liverpool, Merseyside, L24 9HJ",Outstanding,31 March 2022,https://reports.ofsted.gov.uk/provider/33/52587
2761329,Jayne Moore Media,Independent learning provider,"4th Floor, Yorkshire House, 18 Chapel Street, Liverpool, L3 9AG",,,https://reports.ofsted.gov.uk/provider/33/2761329
59153,JBC Skills Training Limited,Independent learning provider,"Stoneleigh House, 66-70 Earlsdon Street, Coventry, CV5 6EJ",Outstanding,31 March 2022,https://reports.ofsted.gov.uk/provider/33/59153
2626847,JC Training & Consultancy Ltd,Independent learning provider,"Unit F10, Ransom Hall, Southwell Road West, Mansfield, NG21 0HJ",Outstanding,31 March 2022,https://reports.ofsted.gov.uk/provider/33/2626847
2527510,JCB Academy,Independent learning provider,"Mill Street, Rocester, Uttoxeter, Staffordshire, ST14 5JX",Outstanding,31 March 2022,https://reports.ofsted.gov.uk/provider/33/2527510
2868425,JCL Skills Solutions Limited,Independent learning provider,"1 Lupus Way, Great Sutton, Ellesmere Port, CH66 2RE",,,https://reports.ofsted.gov.uk/provider/33/2868425
2510892,Jet2.com Limited,Training provider,"Hangar 5, Western Maintenance Area, Manchester Airport, Manchester, M90 5AE",Outstanding,31 March 2022,https://reports.ofsted.gov.uk/provider/30/2510892
1236904,JFC Training College Ltd,Independent learning provider,"12-14 Wellington Street, Woolwich, London, SE18 6PE",Outstanding,31 March 2022,https://reports.ofsted.gov.uk/provider/33/1236904
1270877,JGW Training Limited,Independent learning provider,"2 Dronfield Court, Wards Yard, Dronfield, Derbyshire, S18 1NQ",Outstanding,31 March 2022,https://reports.ofsted.gov.uk/provider/33/1270877
2761330,JHA Training Ltd,Independent learning provider,"3rd Floor Office, 207 Regent Street, London, W1B 3HH",,,https://reports.ofsted.gov.uk/provider/33/2761330
2654211,JLMS Management Ltd.,Independent learning provider,"46a Leigh Road, Eastleigh, Hampshire, SO50 9DT",Outstanding,31 March 2022,https://reports.ofsted.gov.uk/provider/33/2654211
1270897,JM Excellence in Training,Independent learning provider,"Gibralter House, 40 Kelvin Road, Wallasey, CH44 7JW",Good,28 January 2019,https://reports.ofsted.gov.uk/provider/33/1270897
2868426,Job Change 2007,Independent learning provider,"10, Red Lion Street, Wolverhampton, WV1 4HL",,,https://reports.ofsted.gov.uk/provider/33/2868426
2804867,John Henry Group Limited,Training provider,"The Sidings, Station Road, Longstanton, Cambridge, CB24 3DS",,,https://reports.ofsted.gov.uk/provider/30/2804867
,John Leggott College,,"John Leggott College, West Common Lane, Scunthorpe, Lincolnshire, DN17 1DS",,01 September 2004,https://reports.ofsted.gov.uk/provider/3/SC062448
130588,John Leggott Sixth Form College,,"West Common Lane, Scunthorpe, Lincolnshire, DN17 1DS",Outstanding,31 March 2022,https://reports.ofsted.gov.uk/provider/40/130588
2868441,Jollofe Ltd,Independent learning provider,"London Rd, Rainham, Gillingham, ME8 8PT",,,https://reports.ofsted.gov.uk/provider/33/2868441
2748197,Jon Mitchell Associates Limited (trading as JMA Training),Independent learning provider,"Kammac (Logistics) Warrington, Dallam Lane, Warrington, WA2 7NT",Outstanding,31 March 2022,https://reports.ofsted.gov.uk/provider/33/2748197
130468,Joseph Chamberlain Sixth Form College,,"Belgrave Road, Highgate, Birmingham, West Midlands, B12 9FF",Outstanding,31 March 2022,https://reports.ofsted.gov.uk/provider/40/130468
2674156,JS Consult Limited,Independent learning provider,"G30b Expressway, 1 Dock Road, London, E16 1AH",Outstanding,31 March 2022,https://reports.ofsted.gov.uk/provider/33/2674156
52804,JTL,Independent learning provider,"Stafford House, 120/122 High Street, Orpington, BR6 0JS",Outstanding,31 March 2022,https://reports.ofsted.gov.uk/provider/33/52804
1278691,Juice Talent Development Limited,Independent learning provider,"13 Copse Avenue, Caversham, Reading, RG4 6LX",Outstanding,31 March 2022,https://reports.ofsted.gov.uk/provider/33/1278691
52805,Juniper Training Limited,Independent learning provider,"05 Element Court, Hilton Cross Business Park, Wolverhampton, WV10 7QZ",Outstanding,31 March 2022,https://reports.ofsted.gov.uk/provider/33/52805
1270881,Just IT Training Limited,Independent learning provider,"2nd Floor, St Clare House, 30-33 Minories, London, EC3N 1DD",Outstanding,31 March 2022,https://reports.ofsted.gov.uk/provider/33/1270881
2868427,Just Straight Talk Community Interest Company,Independent learning provider,"The Hub E B C 30, Ebenezer Street, Bilston, WV14 9LJ",,,https://reports.ofsted.gov.uk/provider/33/2868427
2868447,Justelle Marketing and Media,Independent learning provider,"51 St. Michaels Avenue, Yeovil, BA21 4LF",,,https://reports.ofsted.gov.uk/provider/33/2868447
54838,Kaplan Financial Limited,Independent learning provider,"Baskerville House, 2 Centenary Square, Birmingham, B1 2ND",Outstanding,31 March 2022,https://reports.ofsted.gov.uk/provider/33/54838
2674155,KBM Training and Recruitment Ltd,Independent learning provider,"Unit 1A, Concord Business Centre, Concord Road, London, W3 0TJ",Outstanding,31 March 2022,https://reports.ofsted.gov.uk/provider/33/2674155
70312,Keele and North Staffordshire Teacher Education,Training provider,"Shaw Education Trust, Kidsgrove Secondary School, Gloucester Road, Kidsgrove, Stoke, ST7 4DL",,16 January 2017,https://reports.ofsted.gov.uk/provider/41/70312
2765318,Keibra Ltd,Independent learning provider,"Shaw Business Centre, 84 Beal Lane, Oldham, Manchester, OL2 8PH",Outstanding,31 March 2022,https://reports.ofsted.gov.uk/provider/33/2765318
2674142,Keir Training and Recruitment Limited,Independent learning provider,"712 London Road, Grays, RM20 3JT",Outstanding,31 March 2022,https://reports.ofsted.gov.uk/provider/33/2674142
52838,Keits Training Services Ltd,Independent learning provider,"PO BOX, 529, HATFIELD, AL10 1JS",Outstanding,31 March 2022,https://reports.ofsted.gov.uk/provider/33/52838
130631,Kendal College,Further education college,"Milnthorpe Road, Kendal, Cumbria, LA9 5AY",Outstanding,31 March 2022,https://reports.ofsted.gov.uk/provider/31/130631
70055,Kent and Medway Training,Training provider,"Leigh Academies Trust, Strood Academy, Carnation Rd, Rochester, Kent, ME2 2SX",,05 August 2006,https://reports.ofsted.gov.uk/provider/41/70055
52836,Kent Community Learning and Skills,Training provider,"Unit A-B London Road Trading Estate, Sittingbourne, ME10 1SX",Outstanding,31 March 2022,https://reports.ofsted.gov.uk/provider/42/52836
2654205,Kent School of Veterinary Nursing Limited,Independent learning provider,"Ground floor unit 13, Jubilee Way, Faversham, ME13 8GD",Outstanding,31 March 2022,https://reports.ofsted.gov.uk/provider/33/2654205
2765319,KEY 2 CARE LIMITED (trading as Derbyshire Care Services),Training provider,"Unit 1, Derwent Park, 214 - 216 London Road, Derby, DE1 2SX",Outstanding,31 March 2022,https://reports.ofsted.gov.uk/provider/30/2765319
52847,Key Training Limited,Independent learning provider,"4th Floor, Collingwood Buildings, 38 Collingwood Street, Newcastle Upon Tyne, Tyne and Wear, NE1 1JF",Outstanding,11 November 2005,https://reports.ofsted.gov.uk/provider/33/52847
2539234,Keyturn Training Limited,Independent learning provider,"Unit 3, Coventry Innovation Village, Cheetah Road, Coventry, CV1 2TL",Outstanding,31 March 2022,https://reports.ofsted.gov.uk/provider/33/2539234
2804868,KH Plant Training Ltd,Independent learning provider,"Unit 14, West Stockworth Business Park, Gainsborough, DN10 4ES",,,https://reports.ofsted.gov.uk/provider/33/2804868
2626870,Kids Planet Day Nurseries Limited,Independent learning provider,"Kids Planet Training Academy, Mobberley Road, Knutsford, WA16 8HY",Outstanding,31 March 2022,https://reports.ofsted.gov.uk/provider/33/2626870
2701033,Kidz Zone Club Ltd,Independent learning provider,"5 Leck House, 2 - 4 Lake Street, Leighton Buzzard, Bedfordshire, MK17 8JY",Outstanding,31 March 2022,https://reports.ofsted.gov.uk/provider/33/2701033
139798,Kimberley 16 - 19 Stem College,,"Green Lane, Stewartby, Bedford, Bedfordshire, MK43 9LY",Outstanding,31 March 2022,https://reports.ofsted.gov.uk/provider/46/139798
145174,King Edward VI College,,"King Edward Road, Nuneaton, Warwickshire, CV11 4BE",Outstanding,31 March 2022,https://reports.ofsted.gov.uk/provider/46/145174
148142,King Edward VI College Stourbridge,,"Lower High Street, Stourbridge, West Midlands, DY8 1TD",Outstanding,31 March 2022,https://reports.ofsted.gov.uk/provider/46/148142
70209,King Edward's Consortium,Training provider,"King Edward's Consortium, King Edward VI Camp Hill School for Girls, Vicarage Road, Kings Heath, Birmingham, B14 7QJ",,29 June 2009,https://reports.ofsted.gov.uk/provider/41/70209
133874,King's College London,,"James Clark Maxwell Building, 57 Waterloo Road, London, SE1 8WA",Outstanding,31 March 2022,https://reports.ofsted.gov.uk/provider/43/133874
70035,King's College London,Training provider,"Room 1/1, Waterloo Bridge Wing, Franklin Wilkins Building, 2 Stamford Street, London, Greater London, SE1 9NH",,05 August 2006,https://reports.ofsted.gov.uk/provider/41/70035
140564,King's College London Maths School,,"80 Kennington Road, London, SE11 6NJ",Outstanding,31 March 2022,https://reports.ofsted.gov.uk/provider/46/140564
1276426,Kingdom Academy Limited,Independent learning provider,"Kingdom House, 1 Woodlands Park, Ashton Road, Newton-Le-Willows, WA12 0HF",Outstanding,31 March 2022,https://reports.ofsted.gov.uk/provider/33/1276426
2741636,Kingdom College Limited,Independent learning provider,"Suite 1 Ealing House, 33 Hanger Lane, Ealing, London, Middlesex, W5 3HJ",Outstanding,31 March 2022,https://reports.ofsted.gov.uk/provider/33/2741636
70213,Kingsbridge EIP SCITT,Training provider,"Unit 11-12, South Preston Office Village, Cuerden Way, Preston, PR5 6BL",,10 October 2009,https://reports.ofsted.gov.uk/provider/41/70213
133825,Kingston University,Apprenticeship provider,"River House, 53 - 57 High Street, Surbiton Road, Kingston upon Thames, Surrey, KT1 1LQ",Outstanding,31 March 2022,https://reports.ofsted.gov.uk/provider/43/133825
70036,Kingston University,Training provider,"School of Education, Midwifery and Social Work, Kingston University, Kingston Hill, Kingston Upon Thames, KT2 7LB",,05 August 2006,https://reports.ofsted.gov.uk/provider/41/70036
52403,Kingston Upon Hull City Council,Training provider,"Adult Education Centre, Park Avenue, Hull, HU5 4DA",Outstanding,31 March 2022,https://reports.ofsted.gov.uk/provider/42/52403
130537,Kirklees College,Further education college,"Manchester Road, Huddersfield, West Yorkshire, HD1 3LD",Outstanding,31 March 2022,https://reports.ofsted.gov.uk/provider/31/130537
52870,Kirklees Council Adult and Community Learning,Training provider,"Kirkgate Buildings, Byram Street, Huddersfield, Yorkshire, HD1 1BY",Outstanding,31 March 2022,https://reports.ofsted.gov.uk/provider/42/52870
131899,Kisharon College,Further education college,"54 Parson Street, Hendon, London, NW4 1TP",Outstanding,09 May 2005,https://reports.ofsted.gov.uk/provider/31/131899
150043,KITE College,Training provider,"Unit 1 Eurolink Business Park, Bonham Drive, Sittingbourne, Kent, ME10 3RY",Outstanding,31 March 2022,https://reports.ofsted.gov.uk/provider/39/150043
2554081,KIWI & YUZU LTD,Independent learning provider,"Burlington House, 23-25 Portland Terrace, Southampton, Hampshire, SO14 7ED",Outstanding,31 March 2022,https://reports.ofsted.gov.uk/provider/33/2554081
1280349,Kiwi Education Ltd,Independent learning provider,"Burlington House, 23-25 Portland Terrace, Southampton, Hampshire, SO14 7ED",Good,20 November 2019,https://reports.ofsted.gov.uk/provider/33/1280349
54248,Kleek Apprenticeships Limited,Independent learning provider,"55 Duke Street, Darlington, DL3 7SD",Outstanding,31 March 2022,https://reports.ofsted.gov.uk/provider/33/54248
2791018,KLM UK Engineering Limited,Independent learning provider,"International Aviation Academy, 5 Anson Road, Norwich, Norfolk, NR6 6ED",Outstanding,31 March 2022,https://reports.ofsted.gov.uk/provider/33/2791018
2528803,KMF Precision Sheet Metal Limited,Training provider,"Millennium Way, High Carr Business Park, Newcastle, ST5 7UF",Outstanding,31 March 2022,https://reports.ofsted.gov.uk/provider/30/2528803
1276254,Knights Training Academy Limited,Independent learning provider,"Unit 21 Trafalgar Way, Camberley, Surrey, GU15 3BN",Outstanding,31 March 2022,https://reports.ofsted.gov.uk/provider/33/1276254
1278615,Knowledgebrief Limited,Independent learning provider,"85 Great Portland Street, London, W1W 7LT",Outstanding,31 March 2022,https://reports.ofsted.gov.uk/provider/33/1278615
52883,Knowsley Metropolitan Borough Council,Training provider,"New Hutte Neighbourhood Centre, Lichfield Road, Halewood, Knowsley, Liverpool, L26 1TT",Outstanding,31 March 2022,https://reports.ofsted.gov.uk/provider/42/52883
1278676,Kreston Reeves LLP,Training provider,"37 St. Margarets Street, Canterbury, Kent, CT1 2TU",Outstanding,31 March 2022,https://reports.ofsted.gov.uk/provider/30/1278676
1216526,KS Dance,,"Unit 9a, Centre 21, Bridge Lane, Warrington, Lancashire, WA1 4AW",Outstanding,31 March 2022,https://reports.ofsted.gov.uk/provider/38/1216526
52896,Kwik-Fit (GB) Limited,Training provider,"ETEL Automotive Academy, 20 Cranmer Road, West Meadows Industrial estate, Derby, DE21 6JL",Outstanding,31 March 2022,https://reports.ofsted.gov.uk/provider/30/52896
2625233,KYP Know Your Potential Consultancy Ltd,Independent learning provider,"Anglo House, Worcester Road, Stourport-On-Severn, Worcestershire, DY13 9AW",Outstanding,31 March 2022,https://reports.ofsted.gov.uk/provider/33/2625233
2654212,L&F Training Ltd.,Independent learning provider,"3-9 Balaam Street, Plaistow, London, E13 8EB",Outstanding,31 March 2022,https://reports.ofsted.gov.uk/provider/33/2654212
53069,L.I.T.S. Limited,Independent learning provider,"19 Fairway, ORPINGTON, BR5 1EF",Outstanding,31 March 2022,https://reports.ofsted.gov.uk/provider/33/53069
52902,LAGAT Limited,Independent learning provider,"2nd Floor, 3 Low Moor Road, Lincoln, LN6 3JY",Outstanding,31 March 2022,https://reports.ofsted.gov.uk/provider/33/52902
50012,Laine Theatre Arts Limited,,"The Studios, East Street, KT17 1HH",Outstanding,31 March 2022,https://reports.ofsted.gov.uk/provider/38/50012
130632,Lakes College - West Cumbria,Further education college,"Hallwood Road, Lillyhall Business Park, Lillyhall, Workington, Cumbria, CA14 4JN",Outstanding,31 March 2022,https://reports.ofsted.gov.uk/provider/31/130632
53135,Lambeth London Borough Council,Training provider,"Civic Centre, 6 Brixton Hill, London, SW2 1EG",Outstanding,31 March 2022,https://reports.ofsted.gov.uk/provider/42/53135
2625226,Lancashire Combined Fire Authority,Training provider,"Fire Station, Garstang Road Fulwood, Preston, PR2 3LH",Outstanding,31 March 2022,https://reports.ofsted.gov.uk/provider/30/2625226
2691309,Lancashire Football Association Limited,Independent learning provider,"County Ground, Thurston Road, Leyland, PR25 2LF",Outstanding,31 March 2022,https://reports.ofsted.gov.uk/provider/33/2691309
52919,Lancashire Teaching Hospitals NHS Foundation Trust,Independent learning provider,"Health academy centre, Royal Preston Hospital, Sharoe Green Lane, Preston, Lancashire, PR2 9HT",Outstanding,31 March 2022,https://reports.ofsted.gov.uk/provider/33/52919
130737,Lancaster and Morecambe College,Further education college,"Morecambe Road, Lancaster, Lancashire, LA1 2TY",Outstanding,31 March 2022,https://reports.ofsted.gov.uk/provider/31/130737
2691904,Lancaster Girls' Grammar School,Independent learning provider,"Regent Street, Lancaster, LA1 1SF",Outstanding,31 March 2022,https://reports.ofsted.gov.uk/provider/33/2691904
52923,Lancaster Training Services Limited,Independent learning provider,"5 Penrod Way, Heysham, Morecambe, LA3 2UZ",Outstanding,31 March 2022,https://reports.ofsted.gov.uk/provider/33/52923
149099,Lancaster University School of Mathematics,,"67-69 London Road, Preston, Lancashire, PR1 4BA",Outstanding,31 March 2022,https://reports.ofsted.gov.uk/provider/46/149099
141491,Landau Forte Academy Tamworth Sixth Form,,"Ashby Road, Tamworth, Staffordshire, B79 8AA",Outstanding,31 March 2022,https://reports.ofsted.gov.uk/provider/46/141491
131900,Landmarks,,"Littlemoor House, Littlemoor, Eckington, Sheffield, South Yorkshire, S21 4EF",Outstanding,31 March 2022,https://reports.ofsted.gov.uk/provider/39/131900
131910,Langdon College,,"Jack Block House, Rectory Lane, 333 Edgware Road, London, HA8 7LF",Outstanding,31 March 2022,https://reports.ofsted.gov.uk/provider/39/131910
2765320,Langley Waterproofing Systems Limited,Independent learning provider,"Langley House, Lamport Drive, Heartlands Business Park, Daventry, NN11 8YH",Outstanding,31 March 2022,https://reports.ofsted.gov.uk/provider/33/2765320
2765321,Lasercare Clinics (Harrogate) Limited,Training provider,"2 Bromwich Court, Gorsey Lane, Coleshill, Birmingham, B46 1JU",,,https://reports.ofsted.gov.uk/provider/30/2765321
2791019,Lavender International NDT Consultancy Services Limited,Independent learning provider,"Technology Centre Advanced Manufacturing Park, Brunel Way, Rotherham, South Yorkshire, S60 5WG",Outstanding,31 March 2022,https://reports.ofsted.gov.uk/provider/33/2791019
2546827,Lawtonash Training Services Ltd,Independent learning provider,"Lawtonash Training Services, Canterbury Road, Boughton-Under-Blean, Kent, ME13 9AA",Outstanding,31 March 2022,https://reports.ofsted.gov.uk/provider/33/2546827
1276252,LDN Apprenticeships Ltd,Independent learning provider,"278-280 South Lambeth Road, London, SW8 1UJ",Outstanding,31 March 2022,https://reports.ofsted.gov.uk/provider/33/1276252
2804869,LE Wagon UK Limited,Independent learning provider,"Unit 13 Shoreditch Stables (North), 138 Kingsland Road, London, E2 8DY",Outstanding,31 March 2022,https://reports.ofsted.gov.uk/provider/33/2804869
2539294,Leaders In Business Ltd,Independent learning provider,"3 Russell Street, Leamington Spa, Warwickshire, CV32 5QA",Outstanding,31 March 2022,https://reports.ofsted.gov.uk/provider/33/2539294
52949,League Football Education,Independent learning provider,"EFL House, 10 – 12 West Cliff, Preston, PR1 8HU",Outstanding,31 March 2022,https://reports.ofsted.gov.uk/provider/33/52949
2701034,Lean Enabled Group Ltd,Independent learning provider,"5th Floor, Tabard House, Talbot Yard, Southwark, London, SE1 1XT",Outstanding,31 March 2022,https://reports.ofsted.gov.uk/provider/33/2701034
2804851,Learn 2 Print Limited,Independent learning provider,"Learn2print HQ, Home Barn Farm, Winkburn, Newark, Nottinghamshire, NG22 8PQ",Outstanding,31 March 2022,https://reports.ofsted.gov.uk/provider/33/2804851
2868428,Learning Academies Trust,Training provider,"Embankment Road, Plymouth, PL4 9JF",,,https://reports.ofsted.gov.uk/provider/30/2868428
2526606,Learning and Development Bureau Ltd,Independent learning provider,"5 New Road Avenue, Chatham, ME4 6AR",Outstanding,31 March 2022,https://reports.ofsted.gov.uk/provider/33/2526606
57881,Learning Curve Group Limited,Independent learning provider,"Dunelm Rise, Durham Gate, Spennymoor, Durham, DL16 6FS",Outstanding,31 March 2022,https://reports.ofsted.gov.uk/provider/33/57881
2539286,Learning For Excellence Ltd,Independent learning provider,"3 Cookson House, River Drive, South Shields, NE33 1TL",Outstanding,31 March 2022,https://reports.ofsted.gov.uk/provider/33/2539286
2654119,Learning for Futures Ltd,Independent learning provider,"22 St. Georges Way, Leicester, LE1 1SH",Outstanding,31 March 2022,https://reports.ofsted.gov.uk/provider/33/2654119
149249,Learning for Life,Independent learning provider,"Herbert Street, Consett, County Durham, DH8 6AE",Outstanding,31 March 2022,https://reports.ofsted.gov.uk/provider/39/149249
2674139,Learning Into Employment Academy Ltd,Independent learning provider,"Lombard Street, Birmingham, B12 0QR",Outstanding,31 March 2022,https://reports.ofsted.gov.uk/provider/33/2674139
59154,Learning Skills Partnership Ltd,Independent learning provider,"16 Waterside Business Park, Livingstone Road, Hessle, HU13 0EG",Outstanding,31 March 2022,https://reports.ofsted.gov.uk/provider/33/59154
2526605,Learnmore Network Limited,Independent learning provider,"Met Building Floor 12, 22 Percy St, London, W1T 2BU",Outstanding,31 March 2022,https://reports.ofsted.gov.uk/provider/33/2526605
53611,Learnmore Skills Ltd,Independent learning provider,"Maggie O'Neill Community Centre, 433 Liverpool Road, Huyton, Liverpool, L36 8HT",Outstanding,31 March 2022,https://reports.ofsted.gov.uk/provider/33/53611
2765322,LearnPlay Foundation,Independent learning provider,"Chubb Buildings Units K2 & K7, Fryer Street, Wolverhampton, WV1 1HT",,,https://reports.ofsted.gov.uk/provider/33/2765322
130547,Leeds Arts University,,"Blenheim Walk, Leeds, West Yorkshire, LS2 9AQ",Outstanding,31 March 2022,https://reports.ofsted.gov.uk/provider/43/130547
133837,Leeds Beckett University,Apprenticeship provider,"City Campus, Calverley Street, Leeds, West Yorkshire, LS6 3QS",Outstanding,31 March 2022,https://reports.ofsted.gov.uk/provider/43/133837
70038,Leeds Beckett University,Training provider,"Carnegie School of Education, Leeds Beckett University, Headingley, Leeds, West Yorkshire, LS6 3QQ",,05 August 2006,https://reports.ofsted.gov.uk/provider/41/70038
52985,Leeds City Council,Training provider,"Employment and Skills Service, Floor 10 (West), Merrion House, Leeds, LS2 8BB",Outstanding,31 March 2022,https://reports.ofsted.gov.uk/provider/42/52985
130542,Leeds College of Building,Further education college,"North Street, Leeds, West Yorkshire, LS2 7QT",Outstanding,31 March 2022,https://reports.ofsted.gov.uk/provider/31/130542
130545,Leeds College of Music,,"3 Quarry Hill, Leeds, West Yorkshire, LS2 7PD",Outstanding,17 October 2006,https://reports.ofsted.gov.uk/provider/43/130545
149755,Leeds Mathematics School,,"105 Albion Street, Leeds, LS1 5AS",Outstanding,31 March 2022,https://reports.ofsted.gov.uk/provider/46/149755
52988,Leeds Teaching Hospitals NHS Trust,Training provider,"Leeds Dental Institute, Clarendon Way, Leeds, LS2 9LU",Outstanding,31 March 2022,https://reports.ofsted.gov.uk/provider/30/52988
133838,Leeds Trinity University,Apprenticeship provider,"Brownberrie Lane, Horsforth, Leeds, West Yorkshire, LS18 5HD",Outstanding,31 March 2022,https://reports.ofsted.gov.uk/provider/43/133838
70127,Leeds Trinity University,Training provider,"Room 43, Shrewsbury Building, Leeds Trinity University, Horsforth, Yorkshire, LS18 5HD",,05 August 2006,https://reports.ofsted.gov.uk/provider/41/70127
2868443,Legends Learning Centre,Independent learning provider,"124 City Rd, London, EC1V 2NX",,,https://reports.ofsted.gov.uk/provider/33/2868443
70283,Leicester & Leicestershire SCITT,Training provider,"343 Gipsy Lane, Leicester, LE4 9DD",,25 January 2016,https://reports.ofsted.gov.uk/provider/41/70283
52994,Leicester City Council,Training provider,"2 Wellington Street, Leicester, LE1 6HL",Outstanding,31 March 2022,https://reports.ofsted.gov.uk/provider/42/52994
1264441,Leicester College,Training provider,"Teacher Education & Staff Development, St Margaret's Campus - Leicester College, St John Street, Leicester, LE1 3WL",,14 July 2021,https://reports.ofsted.gov.uk/provider/41/1264441
131863,Leicester College,Further education college,"Welford Road, Leicester, Leicestershire, LE2 7LW",Outstanding,31 March 2022,https://reports.ofsted.gov.uk/provider/31/131863
52998,Leicestershire County Council,Training provider,"Room 500, County Hall, Leicester Road, Glenfield, Leicester, LE3 8RF",Outstanding,31 March 2022,https://reports.ofsted.gov.uk/provider/42/52998
2627055,Leigh Academies Trust,Independent learning provider,"Apprenticeships Centre, Strood Academy, Carnation Road, Rochester, ME2 2SX",Outstanding,31 March 2022,https://reports.ofsted.gov.uk/provider/33/2627055
53010,Leslie Frances (Hair Fashions) Limited,Independent learning provider,"58 Eldon Street, Barnsley, South Yorkshire, S70 2JL",Outstanding,31 March 2022,https://reports.ofsted.gov.uk/provider/33/53010
1276422,Let Me Play Limited,Independent learning provider,"LMP Group, Supporting Education Group, 98 Theobalds Road, London, WC1X 8WB",Outstanding,31 March 2022,https://reports.ofsted.gov.uk/provider/33/1276422
53137,Lewisham London Borough Council,Training provider,"1st Floor,Laurence House, 1 Catford Road,Catford, LONDON, SE6 4RU",Outstanding,31 March 2022,https://reports.ofsted.gov.uk/provider/42/53137
1278632,Lewtay Training Limited,Independent learning provider,"Unit 9 Swan Court, Forder Way, Hampton, Peterborough, Cambridgeshire, PE7 8GX",Outstanding,31 March 2022,https://reports.ofsted.gov.uk/provider/33/1278632
130457,Leyton Sixth Form College,,"Essex Road, Leyton, London, E10 6EQ",Outstanding,31 March 2022,https://reports.ofsted.gov.uk/provider/40/130457
2741637,LI Europe Ltd,Independent learning provider,"Unit 4 The Stables, Newby Hall, Ripon, HG4 5AE",Outstanding,31 March 2022,https://reports.ofsted.gov.uk/provider/33/2741637
144785,Liberty College,Independent learning provider,"Enterprise Road, Westwood Industrial Estate, Margate, Kent, CT9 4JA",Outstanding,31 March 2022,https://reports.ofsted.gov.uk/provider/39/144785
2578275,Libra Europe Consulting Ltd,Independent learning provider,"Colony, 5 Piccadilly Place, Manchester, M1 3BR",Outstanding,31 March 2022,https://reports.ofsted.gov.uk/provider/33/2578275
2814696,Life Skills Centres Ltd,Independent learning provider,"LifeSKILLS Centres Limited, 56 Shoreham Street, Sheffield, S1 4SP",Outstanding,31 March 2022,https://reports.ofsted.gov.uk/provider/33/2814696
142922,LifeBridge ASEND,,"Armadale Road, Ladybridge, Bolton, Greater Manchester, BL3 4TP",Outstanding,31 March 2022,https://reports.ofsted.gov.uk/provider/39/142922
51856,Lifetime Training Group Limited,Independent learning provider,"Eleventh Floor, Clifton Heights, Triangle west, BS8 1EJ",Outstanding,31 March 2022,https://reports.ofsted.gov.uk/provider/33/51856
142065,Lifeworks College,,"Lescaze, Shinners Bridge, Dartington, Totnes, Devon, TQ9 6JD",Outstanding,31 March 2022,https://reports.ofsted.gov.uk/provider/39/142065
1280357,Lighthouse (Training And Development) Ltd,Independent learning provider,"Unit 10, Station Road, Melton, Woodbridge, Suffolk, IP12 1QT",Outstanding,31 March 2022,https://reports.ofsted.gov.uk/provider/33/1280357
146090,Lighthouse Futures Trust,,"Carlton House, 3-5 Alma Road, Leeds, LS6 2AH",Outstanding,31 March 2022,https://reports.ofsted.gov.uk/provider/39/146090
2539253,Limm Skills Academy Limited,Independent learning provider,"Suite 17, 11 - 12 Church lane, Church Lane Chambers, Leytonstone, London, E11 1HG",Outstanding,31 March 2022,https://reports.ofsted.gov.uk/provider/33/2539253
70004,Lincoln Bishop University,Training provider,"Bishop Grosseteste University, Longdales Road, Lincoln, Lincolnshire, LN1 3DY",,05 August 2006,https://reports.ofsted.gov.uk/provider/41/70004
130762,Lincoln College,Further education college,"Monks Road, Lincoln, Lincolnshire, LN2 5HQ",Outstanding,31 March 2022,https://reports.ofsted.gov.uk/provider/31/130762
70336,Lincolnshire ITT,Training provider,"The Priory Federation of Academies Trust, Clayton Road, Lincoln, Lincolnshire, LN5 8RE",,03 January 2018,https://reports.ofsted.gov.uk/provider/41/70336
1276445,Lincolnshire Community Health Services Nhs Trust,Independent learning provider,"Beech House, Witham Park, Waterside South, Lincoln, Lincolnshire, LN5 7JH",Outstanding,31 March 2022,https://reports.ofsted.gov.uk/provider/33/1276445
53042,Lincolnshire County Council,Training provider,"County Offices, Newland, LN1 1YL",Outstanding,31 March 2022,https://reports.ofsted.gov.uk/provider/42/53042
1278590,Linden Management (UK) Limited,Independent learning provider,"1 Darwin Court, Sherwood Energy Village, New Ollerton, Newark, NG22 9FE",Outstanding,31 March 2022,https://reports.ofsted.gov.uk/provider/33/1278590
146040,LINK19 College,,"LINK Centre, Block H, Dering Way, Gravesend, Kent, DA12 2DP",Outstanding,31 March 2022,https://reports.ofsted.gov.uk/provider/39/146040
131913,Linkage College,,"Weelsby Campus, Weelsby Road, Grimsby, North East Lincolnshire, DN32 9RU",Outstanding,31 March 2022,https://reports.ofsted.gov.uk/provider/39/131913
1237135,Lionheart in the Community Limited,Independent learning provider,"233-243 Stockwell Road, Brixton, SW9 9SP",Outstanding,31 March 2022,https://reports.ofsted.gov.uk/provider/33/1237135
142891,LIPA Sixth Form College,,"41 Upper Duke Street, Liverpool, L1 9DY",Outstanding,31 March 2022,https://reports.ofsted.gov.uk/provider/46/142891
53068,Lite (Stockport) Limited,Independent learning provider,"23 Fletcher Street, Stockport, Cheshire, SK1 1DY",Outstanding,31 March 2022,https://reports.ofsted.gov.uk/provider/33/53068
150997,Little Gate College,,"Horseshoe Lane, Beckley, Rye, East Sussex, TN31 6RZ",,,https://reports.ofsted.gov.uk/provider/39/150997
2626878,Little Learners Montessori Ltd,Independent learning provider,"58-60 Merton Road, Watford, WD18 0WY",Outstanding,31 March 2022,https://reports.ofsted.gov.uk/provider/33/2626878
2654223,Live Better Locations Limited,Independent learning provider,"Office 2-4, 46-50 Rutherford Drive, Park Farm Industrial Estate, Wellingborough, NN8 6AX",Outstanding,31 March 2022,https://reports.ofsted.gov.uk/provider/33/2654223
53073,Liverpool City Council,Training provider,"Liverpool Adult Learning Service, Park Road Adult Learning Centre, 155-163 Park Road, Liverpool, L8 6SE",Outstanding,31 March 2022,https://reports.ofsted.gov.uk/provider/42/53073
70130,Liverpool Hope University,Training provider,"Liverpool University, Hope Park, Liverpool, Liverpool, L16 9JD",,05 August 2006,https://reports.ofsted.gov.uk/provider/41/70130
133827,Liverpool John Moores University,Apprenticeship provider,"Egerton Court, 2 Rodney Street, Liverpool, Merseyside, L3 5UX",Outstanding,31 March 2022,https://reports.ofsted.gov.uk/provider/43/133827
70032,Liverpool John Moores University,Training provider,"Maryland Street, -, Liverpool, Merseyside, L1 9DE",,05 August 2006,https://reports.ofsted.gov.uk/provider/41/70032
50010,Liverpool Theatre School & College Limited,,"35 Sefton Street, Liverpool, L8 5SL",Outstanding,31 March 2022,https://reports.ofsted.gov.uk/provider/38/50010
2656268,Local Education and Development (LEAD),Independent learning provider,"Townend House, Floor 5, Room 5b, Park Street, Walsall, West Midlands, WS1 1NS",Outstanding,31 March 2022,https://reports.ofsted.gov.uk/provider/33/2656268
53094,Locomotivation Ltd,Independent learning provider,"3 Parkstone Road, Poole, BH15 2NN",Outstanding,31 March 2022,https://reports.ofsted.gov.uk/provider/33/53094
1280336,Logistica Training and Consultancy Ltd,Independent learning provider,"Acacia House, Unit C1, Trentham Business Quarter, Stoke on Trent, ST4 8GB",Outstanding,31 March 2022,https://reports.ofsted.gov.uk/provider/33/1280336
2674143,Logistics Skills and Consultancy Ltd,Independent learning provider,"Unit C24, Tromso Close, Tyne Tunnel Trading Estate, North Shields, NE29 7XH",Outstanding,31 March 2022,https://reports.ofsted.gov.uk/provider/33/2674143
2848484,Lokman Training Ltd,Independent learning provider,"Novus Business Centre, Judson Road, Peterlee, SR8 2QJ",,,https://reports.ofsted.gov.uk/provider/33/2848484
57907,Lomax Training Services Limited,Independent learning provider,"Old Gas Depot, Howdon Lane, WALLSEND, Tyne & Wear, NE28 0BD",Outstanding,31 March 2022,https://reports.ofsted.gov.uk/provider/33/57907
2741638,London Academy for Applied Technology Ltd,Independent learning provider,"Aldgate Beaufort House, 15 St. Botolph Street, London, EC3A 7BB",Outstanding,31 March 2022,https://reports.ofsted.gov.uk/provider/33/2741638
138403,London Academy of Excellence,,"Broadway House, 322 High Street, Stratford, London, E15 1AJ",Outstanding,31 March 2022,https://reports.ofsted.gov.uk/provider/46/138403
144753,London Academy of Excellence Tottenham,,"Lilywhite House, 780 High Road, Tottenham, London, N17 0BX",Outstanding,31 March 2022,https://reports.ofsted.gov.uk/provider/46/144753
2510867,London Ambulance Service NHS Trust,Training provider,"Dockside Education Centre, 1000 Dockside Road, London, E16 2QU",Outstanding,31 March 2022,https://reports.ofsted.gov.uk/provider/30/2510867
2626861,London and South Eastern Railway Limited,Training provider,"2nd Floor, 4 More London, London, SE1 2AU",Outstanding,31 March 2022,https://reports.ofsted.gov.uk/provider/30/2626861
53139,London Borough of Newham: Adult Learning Service,Training provider,"Beckton Globe, 1 Kingsford Way, Beckton, London, E6 5JQ",Outstanding,31 March 2022,https://reports.ofsted.gov.uk/provider/42/53139
1237111,London Cactus Limited,Independent learning provider,"1st Floor, Spectra House, 10 Spring Villa Park, London, HA8 7EB",Outstanding,31 March 2022,https://reports.ofsted.gov.uk/provider/33/1237111
2741639,London College of Management and Technology London Limited,Independent learning provider,"27-37 Station Road, Hayes, UB3 4DX",,,https://reports.ofsted.gov.uk/provider/33/2741639
133167,London College of Printing & Distributive Trades,Further education college,"Elephant and Castle, London, SE1 6SB",,,https://reports.ofsted.gov.uk/provider/31/133167
2527508,London Design and Engineering UTC,Independent learning provider,"Docklands Campus, University Way, London, E16 2RD",Outstanding,31 March 2022,https://reports.ofsted.gov.uk/provider/33/2527508
70324,London East Teacher Training Alliance,Training provider,"Bygrove Primary School, Bygrove Street, London, London, E14 6DN",,25 January 2018,https://reports.ofsted.gov.uk/provider/41/70324
2643276,London Examinations Board Limited,Independent learning provider,"11 Regent Gate, 83 High Street, Waltham Cross, EN8 7AF",Outstanding,31 March 2022,https://reports.ofsted.gov.uk/provider/33/2643276
2626858,London General Transport Services Limited,Training provider,"GO AHEAD LONDON, 1 Warner Road, LONDON, SE5 9LU",Outstanding,31 March 2022,https://reports.ofsted.gov.uk/provider/30/2626858
58611,London Learning Consortium Community Interest Company,Independent learning provider,"Christopher Wren Yard, 119 High Street, Croydon, CR0 1QG",Outstanding,31 March 2022,https://reports.ofsted.gov.uk/provider/33/58611
2539284,London Metropolitan College Limited,Independent learning provider,"30-32 St George's Road, Wimbledon, London, SW19 4BD",Outstanding,31 March 2022,https://reports.ofsted.gov.uk/provider/33/2539284
133816,London Metropolitan University,Apprenticeship provider,"166 - 220 Holloway Road, London, N7 8DB",Outstanding,31 March 2022,https://reports.ofsted.gov.uk/provider/43/133816
70052,London Metropolitan University,Training provider,"166-220 Holloway Road, -, London, London, N7 8DB",,05 August 2006,https://reports.ofsted.gov.uk/provider/41/70052
2626839,London North Eastern Railway Limited,Independent learning provider,"The Academy, York Station, York, YO24 1AB",Outstanding,31 March 2022,https://reports.ofsted.gov.uk/provider/33/2626839
1247994,London Professional College Ltd,Independent learning provider,"5 Limeharbour, London, E14 9RH",Outstanding,31 March 2022,https://reports.ofsted.gov.uk/provider/33/1247994
2714630,London School of Commerce & IT Limited,Training provider,"59-66 Greenfield Road, London, E1 1EJ",,24 March 2023,https://reports.ofsted.gov.uk/provider/41/2714630
2654199,London School of Education and Management Limited,Independent learning provider,"4th floor, Crown House, 421 North Circular Road, London, NW10 7PN",Outstanding,31 March 2022,https://reports.ofsted.gov.uk/provider/33/2654199
70090,London School of Jewish Studies (LSJS),Training provider,"London School of Jewish Studies, 44a Albert Road, London, London, NW4 2SJ",,05 August 2006,https://reports.ofsted.gov.uk/provider/41/70090
2770686,London School of Management Education,Training provider,"508 – 511 Cranbrook Road, Gants Hill, IG2 6EY",,08 July 2024,https://reports.ofsted.gov.uk/provider/41/2770686
2814824,London School of Science and Technology (LSST),Independent learning provider,"London School of Science and Technology 1st Floor, Memo House, London, W3 0XA",Outstanding,31 March 2022,https://reports.ofsted.gov.uk/provider/33/2814824
58729,London Skills & Development Network Limited,Independent learning provider,"Second Floor, Suffolk House, East Entrance, George Street, Croydon, CR0 0YN",Outstanding,31 March 2022,https://reports.ofsted.gov.uk/provider/33/58729
70064,London South Bank University,Training provider,"103 Borough Road, -, London, London, SE1 0AA",,05 August 2006,https://reports.ofsted.gov.uk/provider/41/70064
133873,London South Bank University,Apprenticeship provider,"103 Borough Road, London, SE1 0AA",Outstanding,31 March 2022,https://reports.ofsted.gov.uk/provider/43/133873
130430,London South East Colleges,Further education college,"Rookery Lane, Bromley, Kent, BR2 8HE",Outstanding,31 March 2022,https://reports.ofsted.gov.uk/provider/31/130430
2526593,London Underground Ltd,Training provider,"Engineering Skills Academy Acton Town AC11, 123 Gunnersbury Lane, Acton, London, W3 8JR",Outstanding,31 March 2022,https://reports.ofsted.gov.uk/provider/30/2526593
59157,London Vesta College Limited,Independent learning provider,"Montefiore Centre, Hanbury Street, London, E1 5HZ",Outstanding,31 March 2022,https://reports.ofsted.gov.uk/provider/33/59157
2625236,London Vocational College Limited,Independent learning provider,"London Vocational College, 2nd Floor Heraldic House, 160-162 Cranbrook Road, Ilford, IG1 4PE",Outstanding,31 March 2022,https://reports.ofsted.gov.uk/provider/33/2625236
151132,Long Road Sixth Form College,,"Long Road, Long Road, Cambridge, Cambridgeshire, CB2 8PX",Outstanding,31 March 2022,https://reports.ofsted.gov.uk/provider/46/151132
144886,Longley Park Sixth Form Academy,,"Horninglow Road, Sheffield, South Yorkshire, S5 6SG",Outstanding,31 March 2022,https://reports.ofsted.gov.uk/provider/46/144886
53697,Lookfantastic Training Limited,Independent learning provider,"231 Mocatta House, Trafalgar Place, Brighton, East Sussex, BN1 4DU",Outstanding,31 March 2022,https://reports.ofsted.gov.uk/provider/33/53697
130503,Loreto College,,"Chichester Road, Hulme, Manchester, M15 5PB",Outstanding,31 March 2022,https://reports.ofsted.gov.uk/provider/40/130503
1270890,Lorraine Michaels,Independent learning provider,"Ground floor, St Hughs House, Trinity Road, Bootle, L20 3QQ",Outstanding,31 March 2022,https://reports.ofsted.gov.uk/provider/33/1270890
2654139,Lotus Education Ltd,Independent learning provider,"71 Wilbury Way, Knowl Piece, Hitchin, SG4 0TY",Outstanding,31 March 2022,https://reports.ofsted.gov.uk/provider/33/2654139
,Loughborough College,,"Loughborough College of Further Education, Radmoor Road, LOUGHBOROUGH, Leicestershire, LE11 3BT",,04 March 2003,https://reports.ofsted.gov.uk/provider/3/SC043659
130748,Loughborough College Group,Further education college,"Radmoor Road, Loughborough, Leicestershire, LE11 3BT",Outstanding,31 March 2022,https://reports.ofsted.gov.uk/provider/31/130748
70042,Loughborough University,Training provider,"Epinal Way, Loughborough, Epinal Way, LE11 3TU",,18 June 2008,https://reports.ofsted.gov.uk/provider/41/70042
133834,Loughborough University,Apprenticeship provider,"Ashby Road, Loughborough, Leicestershire, LE11 3TU",Outstanding,31 March 2022,https://reports.ofsted.gov.uk/provider/43/133834
2626875,Love and Tate Limited,Independent learning provider,"First floor, Boardman House, 64 Broadway, Stratford, London, E15 1NT",Outstanding,31 March 2022,https://reports.ofsted.gov.uk/provider/33/2626875
1278577,LRTT Limited,Independent learning provider,"K4 Cotswold Airport Kemble, Cirencester, Gloucestershire, GL7 6BA",Outstanding,31 March 2022,https://reports.ofsted.gov.uk/provider/33/1278577
135524,LTE Group,Further education college,"Whitworth House, Whitworth St, Openshaw, Manchester, Greater Manchester, M11 2WH",Outstanding,31 March 2022,https://reports.ofsted.gov.uk/provider/31/135524
2580190,Luminate Education Group,Training provider,"University Centre, Park Lane, Leeds, West Yorkshire, LS3 1AA",,14 March 2023,https://reports.ofsted.gov.uk/provider/41/2580190
135771,Luminate Education Group,Further education college,"Park Lane, Leeds City College, College House, Leeds, West Yorkshire, LS3 1AA",Outstanding,31 March 2022,https://reports.ofsted.gov.uk/provider/31/135771
53201,Luton Borough Council,Training provider,"2nd Floor, The Mall, Arndale House, Luton, LU1 2LJ",Outstanding,31 March 2022,https://reports.ofsted.gov.uk/provider/42/53201
2654224,Luton International College Limited,Independent learning provider,"Suite 9, 4 Connaught House, 15-17 Upper George Street, Luton, LU1 2RD",Outstanding,31 March 2022,https://reports.ofsted.gov.uk/provider/33/2654224
130600,Luton Sixth Form College,,"Bradgers Hill Road, Luton, Bedfordshire, LU2 7EW",Outstanding,31 March 2022,https://reports.ofsted.gov.uk/provider/40/130600
2539251,Lynher Training Limited,Independent learning provider,"Oakleigh House, Hoopers Lane, Gunnislake, PL18 9NN",Outstanding,31 March 2022,https://reports.ofsted.gov.uk/provider/33/2539251
1278657,Lynwood Vets Limited,Independent learning provider,"Lynwood School Of Vet Nursing, Hampton Farm, Higher Bockhampton, Dorchester, Dorset, DT2 8QH",Outstanding,31 March 2022,https://reports.ofsted.gov.uk/provider/33/1278657
2804852,M and J Group (Construction and Roofing) Ltd,Training provider,"Hammond Road, Elms Farm Industrial Estate, Bedford, MK41 0UD",Outstanding,31 March 2022,https://reports.ofsted.gov.uk/provider/30/2804852
130621,Macclesfield College,Further education college,"Park Lane, Macclesfield, Cheshire, SK11 8LF",Outstanding,31 March 2022,https://reports.ofsted.gov.uk/provider/31/130621
2804853,Made Tech Limited,Independent learning provider,"4 O'Meara Street, London, SE1 1TE",Outstanding,31 March 2022,https://reports.ofsted.gov.uk/provider/33/2804853
2848491,Maersk Training UK Limited,Independent learning provider,"29 Stockbridge House, Stockbridge, Newcastle Upon Tyne, NE1 2HJ",Outstanding,31 March 2022,https://reports.ofsted.gov.uk/provider/33/2848491
58362,Mainstream Training Limited,Independent learning provider,"Mainstream House, Bonham Drive Eurolink Business Park, Sittingbourne, ME10 3RY",Outstanding,31 March 2022,https://reports.ofsted.gov.uk/provider/33/58362
2539248,Makers Academy Limited,Independent learning provider,"Zetland House, 5 - 25 Scrutton Street, London, EC2A 4HJ",Outstanding,31 March 2022,https://reports.ofsted.gov.uk/provider/33/2539248
2654225,Management Training and Development Ltd,Independent learning provider,"5 Orchard Court, Harry Weston Road, Binley Business Park, Coventry, CV3 2TQ",Outstanding,31 March 2022,https://reports.ofsted.gov.uk/provider/33/2654225
53230,Manchester City Council,Training provider,"PO Box 532, Manchester, M60 2LA",Outstanding,31 March 2022,https://reports.ofsted.gov.uk/provider/42/53230
2730907,Manchester Digital Limited,Independent learning provider,"Manchester Technology Centre, Oxford Road, Manchester, M1 7ED",Outstanding,31 March 2022,https://reports.ofsted.gov.uk/provider/33/2730907
70049,Manchester Metropolitan University,Training provider,"Faculty Of Health & Education (Manchester Met University) - Birley Fields Campus 53 Bonsall Street, -, Manchester, Lancashire, M15 6GX",,05 August 2006,https://reports.ofsted.gov.uk/provider/41/70049
1246901,Manchester Nexus SCITT,Training provider,"Manchester Nexus SCITT, c/o The Blue Coat School, Oldham, Greater Manchester, OL1 3SQ",,20 December 2019,https://reports.ofsted.gov.uk/provider/41/1246901
1244878,Manchester University NHS Foundation Trust,Independent learning provider,"Cobbett House, Trust Headquarters, Oxford Rd, MANCHESTER, M13 9WL",Outstanding,31 March 2022,https://reports.ofsted.gov.uk/provider/33/1244878
2868430,Manor Farm Community Association,Independent learning provider,"King George Crescent, Walsall, WS4 1EG",,,https://reports.ofsted.gov.uk/provider/33/2868430
2691906,Manor Green School,Independent learning provider,"Elizabeth Hawkes Way, Maidenhead, SL6 3EQ",Outstanding,31 March 2022,https://reports.ofsted.gov.uk/provider/33/2691906
53237,Mantra Learning Limited,Independent learning provider,"Greengate, Middleton, M24 1RU",Outstanding,31 March 2022,https://reports.ofsted.gov.uk/provider/33/53237
54873,Maritime and Engineering College North West,Independent learning provider,"Monks Ferry, CH41 5LH",Outstanding,31 March 2022,https://reports.ofsted.gov.uk/provider/33/54873
2654141,Mark Betts Hair Education Limited,Independent learning provider,"18, Commercial Street, Batley, WF17 5HH",Outstanding,31 March 2022,https://reports.ofsted.gov.uk/provider/33/2654141
53257,Marshall Of Cambridge (Holdings) Limited,Independent learning provider,"The Airport, Newmarket Road, CAMBRIDGE, CB5 8RX",Outstanding,31 March 2022,https://reports.ofsted.gov.uk/provider/33/53257
53259,Martec Training,Independent learning provider,"London Road, Newcastle, ST5 1LZ",Outstanding,31 March 2022,https://reports.ofsted.gov.uk/provider/33/53259
2654226,Mary P's Ltd,Independent learning provider,"Mary P's Ltd, Ashchurch Parkway, Tewkesbury, GL20 8TU",Outstanding,31 March 2022,https://reports.ofsted.gov.uk/provider/33/2654226
2654245,Master Cutters Limited,Independent learning provider,"The Clergy House, Churchyard, Ashford, TN23 1QG",Outstanding,31 March 2022,https://reports.ofsted.gov.uk/provider/33/2654245
2748154,Mastered Studios Ltd,Independent learning provider,"Good Place, Poolhead Lane, Stratford-Upon-Avon, Warwickshire, B94 5EH",Outstanding,31 March 2022,https://reports.ofsted.gov.uk/provider/33/2748154
55449,Maximus UK Services Limited,Independent learning provider,"Quayside Tower, 252-260 Broad Street, Birmingham, B1 2HF",Outstanding,31 March 2022,https://reports.ofsted.gov.uk/provider/33/55449
2691310,Maybird Training Ltd,Independent learning provider,"32 B Basepoint Business Centre, Sheerway Business Park, Folkestone, Kent, CT19 4RH",Outstanding,31 March 2022,https://reports.ofsted.gov.uk/provider/33/2691310
2791044,Mayden House Limited,Independent learning provider,"1 Widcombe Crescent, Bath, BA2 6AH",,,https://reports.ofsted.gov.uk/provider/33/2791044
2539301,Mayer Environmental Ltd,Independent learning provider,"MET Academy, 4 Barling Way, Nuneaton, CV10 7RH",Outstanding,31 March 2022,https://reports.ofsted.gov.uk/provider/33/2539301
1270933,MBKB Ltd,Independent learning provider,"Trading Office, 4 Parsons Street, Dudley, DY1 1JJ",Outstanding,31 March 2022,https://reports.ofsted.gov.uk/provider/33/1270933
53280,McArthur Dean Training Limited,Independent learning provider,"Old Custom House, Market Place, Hull, HU1 1RS",Outstanding,31 March 2022,https://reports.ofsted.gov.uk/provider/33/53280
2636532,McCrory Training Limited,Independent learning provider,"Royal Station Hotel, Neville Street, Newcastle Upon Tyne, NE1 5DH",Outstanding,31 March 2022,https://reports.ofsted.gov.uk/provider/33/2636532
2741640,Mcfarlane Telfer Limited,Training provider,"Unit B5, Westacott Way, Westacott Business Centre,Littlewick Green, Maidenhead, SL6 3RT",Outstanding,31 March 2022,https://reports.ofsted.gov.uk/provider/30/2741640
59216,Meadowhall Training Limited,Independent learning provider,"The Source Skills Academy, 300 Meadowhall Way, Sheffield, S9 1EA",Good,08 August 2015,https://reports.ofsted.gov.uk/provider/33/59216
53290,Meat East Anglia Trades (Ipswich) Limited,Independent learning provider,"11a Hillview Business Park, Old Ipswich Road, Claydon, Ipswich, Suffolk, IP6 0AJ",Outstanding,31 March 2022,https://reports.ofsted.gov.uk/provider/33/53290
2717166,Med Learn Training Limited,Independent learning provider,"Gibson House, Gibson Road Caenby Corner Estate, Hemswell Cliff, Gainsborough, DN21 5TL",Outstanding,31 March 2022,https://reports.ofsted.gov.uk/provider/33/2717166
2791042,Medex Group Ltd,Independent learning provider,"Botanical Gardens Business Centre, 3 Southbourne Road, Sheffield, S10 2QN",Outstanding,31 March 2022,https://reports.ofsted.gov.uk/provider/33/2791042
2848485,Medicare EMS Group UK Limited,Independent learning provider,"Executive Suite, Park View Baddow Industrial Estate, Great Baddow, Chelmsford, CM2 7SY",,,https://reports.ofsted.gov.uk/provider/33/2848485
2626848,Medipro Limited,Independent learning provider,"Viking House, Falcon Court, Preston Farm Business Park, Stockton-On-Tees, TS18 3TX",Outstanding,31 March 2022,https://reports.ofsted.gov.uk/provider/33/2626848
1237137,Mediprospects,Independent learning provider,"Hawley House, 5-7 High Street, Plaistow, London, E13 0AD",Outstanding,31 March 2022,https://reports.ofsted.gov.uk/provider/33/1237137
53295,Medway Council,Training provider,"Adult Education Centre & Rochester Library, High Street, Rochester, ME1 1EW",Outstanding,31 March 2022,https://reports.ofsted.gov.uk/provider/42/53295
2625254,Medway NHS Foundation Trust Charitable Fund,Training provider,"Medway Hospital, Windmill Road, Gillingham, ME7 5NY",Outstanding,31 March 2022,https://reports.ofsted.gov.uk/provider/30/2625254
2539280,Melanie Martin,Independent learning provider,"California House,112-120 Coombe Lane, London, SW20 0BA",Outstanding,31 March 2022,https://reports.ofsted.gov.uk/provider/33/2539280
145158,Melton Vale Sixth Form College,,"Burton Road, Melton Mowbray, Leicestershire, LE13 1DN",Outstanding,31 March 2022,https://reports.ofsted.gov.uk/provider/46/145158
58456,Mercedes-Benz UK Limited,Independent learning provider,"Delaware Drive, Tongwell, Milton Keynes, MK15 8BA",Outstanding,31 March 2022,https://reports.ofsted.gov.uk/provider/33/58456
2654206,Mercia Training Ltd,Independent learning provider,"3000 Hillswood Drive, Hillswood Business Park, Chertsey, KT16 0RS",Outstanding,31 March 2022,https://reports.ofsted.gov.uk/provider/33/2654206
2625231,Mercuri International (UK) Limited,Independent learning provider,"Unit 16, Shottery Brook Office Park, Timothy's Bridge Road, Stratford-Upon-Avon, CV37 9NQ",Outstanding,31 March 2022,https://reports.ofsted.gov.uk/provider/33/2625231
152229,Mercury College,,"Tickhill Square, Denaby, Doncaster Dn12 4ar",,,https://reports.ofsted.gov.uk/provider/39/152229
1270899,Mercury Training Services Ltd,Independent learning provider,"Office 112, Dudley Court South, The Waterfront, Brierley Hill, DY5 1XN",Outstanding,31 March 2022,https://reports.ofsted.gov.uk/provider/33/1270899
2654238,Meridian Centre,Independent learning provider,"St. Pauls Road, Manningham, Bradford, BD8 7LS",Outstanding,31 March 2022,https://reports.ofsted.gov.uk/provider/33/2654238
1276423,Merit Skills Limited,Independent learning provider,"9 Broadway Business Park, Broadway, Yaxley, Peterborough, PE7 3EN",Outstanding,31 March 2022,https://reports.ofsted.gov.uk/provider/33/1276423
1280363,Merlin Supply Chain Solutions Limited,Independent learning provider,"KETTERING PARKWAY, KETTERING VENTURE PARK, KETTERING, NORTHAMPTONSHIRE, NN15 6XU",Good,10 December 2019,https://reports.ofsted.gov.uk/provider/33/1280363
70298,Mersey Boroughs ITT Partnership,Training provider,"St Mary & St Pauls CE Primary School, Bryer Road, Prescot, Merseyside, L35 5DN",,13 January 2017,https://reports.ofsted.gov.uk/provider/41/70298
2625228,Merseyside Fire and Rescue Authority,Training provider,"Training and Development Academy, Storrington Avenue, Croxteth, Liverpool, L11 9AP",Outstanding,31 March 2022,https://reports.ofsted.gov.uk/provider/30/2625228
53325,Merton Adult Education,Training provider,"Merton Adult Learning, Merton Civic Centre, London Road, Morden, SM4 5DX",Outstanding,31 March 2022,https://reports.ofsted.gov.uk/provider/42/53325
2539235,Metadata Limited,Independent learning provider,"2-6 Cropley Street, London, N1 7GF",Outstanding,31 March 2022,https://reports.ofsted.gov.uk/provider/33/2539235
2626864,Metagedu Apprenticeships Ltd,Independent learning provider,"Norfolk House, Smallbrook, Queensway, Birmingham, B5 4EG",Outstanding,31 March 2022,https://reports.ofsted.gov.uk/provider/33/2626864
2510884,Metro Bank PLC,Training provider,"1 Southampton Row, LONDON, WC1B 5HA",Outstanding,31 March 2022,https://reports.ofsted.gov.uk/provider/30/2510884
58370,MI ComputSolutions Incorporated,Independent learning provider,"47A Bellefields Road, LONDON, SW9 9UH",Outstanding,31 March 2022,https://reports.ofsted.gov.uk/provider/33/58370
2654227,Michael D Akers Management Consulting,Independent learning provider,"Chapel Lane, Blean, Canterbury, CT2 9HA",Outstanding,31 March 2022,https://reports.ofsted.gov.uk/provider/33/2654227
53349,Michael John Training Manchester,Independent learning provider,"77 - 83 Oldham Street, Manchester, M4 1LW",Outstanding,31 March 2022,https://reports.ofsted.gov.uk/provider/33/53349
2765323,MICHAEL STREETE FOUNDATION T/A MSFDN,Independent learning provider,"48 Collier Street, London, N1 9QZ",Outstanding,31 March 2022,https://reports.ofsted.gov.uk/provider/33/2765323
70086,Mid Essex Initial Teacher Training,Training provider,"Notley High School & Braintree Sixth Form, Notley Road, -, Braintree, Essex, CM7 1WY",,05 August 2006,https://reports.ofsted.gov.uk/provider/41/70086
70231,Mid Somerset Consortium for Teacher Training,Training provider,"Crispin School Academy, Church Road, Street, Somerset, BA16 0AD",,25 July 2009,https://reports.ofsted.gov.uk/provider/41/70231
2580203,Middlesbrough College,Training provider,"Middlehaven, Dock Street, Middlesbrough, TS2 1AD",,14 July 2021,https://reports.ofsted.gov.uk/provider/41/2580203
130570,Middlesbrough College,Further education college,"Middlehaven, Dock Street, Middlesbrough, TS2 1AD",Outstanding,31 March 2022,https://reports.ofsted.gov.uk/provider/31/130570
50168,Middlesbrough Council,Training provider,"Middlesbrough Community Learning Service, Lodore Grove, Acklam, TS5 8PB",Outstanding,31 March 2022,https://reports.ofsted.gov.uk/provider/42/50168
133850,Middlesex University,Apprenticeship provider,"The Burroughs, Hendon, London, NW4 4BT",Outstanding,31 March 2022,https://reports.ofsted.gov.uk/provider/43/133850
70048,Middlesex University,Training provider,"Middlesex University, The Boroughs, London, London, NW4 4BT",,05 August 2006,https://reports.ofsted.gov.uk/provider/41/70048
130726,MidKent College,Further education college,"Medway Road, Gillingham, Kent, ME7 1FN",Outstanding,31 March 2022,https://reports.ofsted.gov.uk/provider/31/130726
53373,Midland Group Training Services Limited,Independent learning provider,"MGTS, Gulson Road, Coventry, CV1 2JG",Outstanding,31 March 2022,https://reports.ofsted.gov.uk/provider/33/53373
2577257,Mighty Oak Training Ltd,Independent learning provider,"4 Parkside, North Leigh, WITNEY, Oxfordshire, OX29 6SG",Outstanding,31 March 2022,https://reports.ofsted.gov.uk/provider/33/2577257
2730908,Mike Taylor Education,Independent learning provider,"MTE Hair and Barbering Academy, 8 Tatnam Crescent Poole Dorset B, Poole, Dorset, BH15 2HG",Outstanding,31 March 2022,https://reports.ofsted.gov.uk/provider/33/2730908
150357,Millie College,,"Holton Lee, Holton Heath, Dorset, BH16 6JN",,,https://reports.ofsted.gov.uk/provider/39/150357
53392,Milton Keynes Christian Foundation Limited,Independent learning provider,"Foundation House, The Square, Aylesbury Street, Wolverton, MK12 5HX",Outstanding,31 March 2022,https://reports.ofsted.gov.uk/provider/33/53392
50169,Milton Keynes City Council,Training provider,"Milton Keynes Central Library, 555 Silbury Blvd, Milton Keynes, MK9 3HL",Outstanding,31 March 2022,https://reports.ofsted.gov.uk/provider/42/50169
130609,Milton Keynes College,Further education college,"Chaffron Way Centre, Woughton Campus West, Leadenhall, Milton Keynes, Buckinghamshire, MK6 5LP",Outstanding,31 March 2022,https://reports.ofsted.gov.uk/provider/31/130609
2627064,Mineral Products Qualifications Council,Independent learning provider,"MP House, 4a Meadowbank Way, Nottingham, NG16 3SB",Outstanding,31 March 2022,https://reports.ofsted.gov.uk/provider/33/2627064
150780,Minerva’s Virtual Academy,,"3 Space International House, London, SW9 7QD",,24 July 2024,https://reports.ofsted.gov.uk/provider/100003/150780
58403,Ministry of Defence (Navy),Training provider,"Naval Service Apprenticeship HQ, Ramsay Building, HMS Collingwood, FAREHAM, PO14 1AS",Outstanding,31 March 2022,https://reports.ofsted.gov.uk/provider/30/58403
54191,Ministry of Defence (RAF),Training provider,"RAF Apprenticeship Management Team, RAF Cosford, Wolverhampton, WV7 3EX",Outstanding,31 March 2022,https://reports.ofsted.gov.uk/provider/30/54191
2730909,Ministry of Defence Police,Training provider,"Defence School of Police and Guarding, Southwick Park, Portsmouth, Hampshire, PO17 6EJ",Outstanding,31 March 2022,https://reports.ofsted.gov.uk/provider/30/2730909
2814683,Mission Accomplished Limited,Independent learning provider,"Unit 319, Zellig Building, Gibb Street, Birmingham, B9 4AL",Outstanding,31 March 2022,https://reports.ofsted.gov.uk/provider/33/2814683
53429,MIT Skills Limited,Independent learning provider,"Unit 12-13 Camphill Industrial Estate, Camphill Road, West Byfleet, Surrey, KT14 6EW",Outstanding,31 March 2022,https://reports.ofsted.gov.uk/provider/33/53429
2626852,Mobius Partners Limited,Independent learning provider,"3 Grooms Court, Parbrook, BILLINGSHURST, RH14 9EU",Outstanding,31 March 2022,https://reports.ofsted.gov.uk/provider/33/2626852
53411,Mode Training Ltd,Independent learning provider,"Ground Floor, The Secret Warehouse, Syren Street, Liverpool, L20 8HN",Outstanding,31 March 2022,https://reports.ofsted.gov.uk/provider/33/53411
2674175,Momentum Recruitment Limited,Training provider,"Unit 5, Metis, Scotland Street, Sheffield, S3 7AT",Outstanding,31 March 2022,https://reports.ofsted.gov.uk/provider/30/2674175
59234,Momentum Training and Consultancy,Independent learning provider,"Falltrick Hairdressing Academy, 13 Western Road, Romford, RM1 3LD",Outstanding,31 March 2022,https://reports.ofsted.gov.uk/provider/33/59234
2814674,Monks Training Services Limited,Independent learning provider,"Avant Gardens, Wigan Road, Leyland, PR25 5XW",Outstanding,31 March 2022,https://reports.ofsted.gov.uk/provider/33/2814674
2714616,Mont Rose College of Management & Sciences,Training provider,"Montrose House 412-416, Eastern Avenue, Ilford, IG2 6NQ",,11 August 2023,https://reports.ofsted.gov.uk/provider/41/2714616
2730910,Montebello Training Ltd,Independent learning provider,"25, Broad Green Road, Liverpool, L13 5SD",Outstanding,31 March 2022,https://reports.ofsted.gov.uk/provider/33/2730910
2495242,Moor Training Limited,Independent learning provider,"Unit 1 Barowe House, Beardown Road, Exeter Road Industrial Estate, Okehampton, EX20 1UA",Outstanding,05 April 2019,https://reports.ofsted.gov.uk/provider/33/2495242
130412,Morley College London,Further education college,"61 Westminster Bridge Road, Waterloo, 61 Westminster Bridge Rd, London, SE1 7HT",Outstanding,31/01/2020,https://reports.ofsted.gov.uk/provider/31/130412
53422,Morthyng Group Limited,Independent learning provider,"North Grove House, South Grove, Rotherham, South Yorkshire, S60 2AF",Outstanding,31 March 2022,https://reports.ofsted.gov.uk/provider/33/53422
2848492,Morton Training Ltd,Independent learning provider,"Plumb Bungalow, Drain Lane, Holme-On-Spalding-Moor, York, YO43 4DG",,,https://reports.ofsted.gov.uk/provider/33/2848492
,Moulton College,,"Moulton College, West Street, Moulton, NORTHAMPTON, NN3 7RR",,17 January 2003,https://reports.ofsted.gov.uk/provider/3/SC042117
130772,Moulton College,Further education college,"West Street, Moulton, Northampton, Northamptonshire, NN3 7RR",Outstanding,31 March 2022,https://reports.ofsted.gov.uk/provider/31/130772
53432,Mountview Academy of Theatre Arts Limited,,"Kingfisher Place, Clarendon Road, N22 6XF",Outstanding,31 March 2022,https://reports.ofsted.gov.uk/provider/38/53432
59187,MPower Training Solutions Ltd,Independent learning provider,"114-116 Brooker Road, Waltham Abbey, EN9 1JH",Outstanding,10 July 2015,https://reports.ofsted.gov.uk/provider/33/59187
2510877,MTC (Manufacturing Technology Centre),Independent learning provider,"Unit 5, Ansty Park, Pilot Way, Ansty, Coventry, CV7 9JU",Outstanding,31 March 2022,https://reports.ofsted.gov.uk/provider/33/2510877
2674148,MTC Limited,Independent learning provider,"1st Floor, Alison House, 638 High Road, London, E11 3DA",Outstanding,31 March 2022,https://reports.ofsted.gov.uk/provider/33/2674148
2654228,Multi Trades Training Ltd,Independent learning provider,"Unit 8, Moniton Trading Estate, West Ham Lane, Basingstoke, RG22 6NQ",Outstanding,31 March 2022,https://reports.ofsted.gov.uk/provider/33/2654228
1276443,Multiverse Group Limited,Independent learning provider,"Floors 5/6, 2 Eastbourne Terrace, London, W2 6LG",Outstanding,31 March 2022,https://reports.ofsted.gov.uk/provider/33/1276443
2868431,Murray Hall Community Trust,Independent learning provider,"The Bridge, St. Marks Road, Tipton, DY4 0SL",,,https://reports.ofsted.gov.uk/provider/33/2868431
2761344,Musically Ltd,Independent learning provider,"Artspace2, 4 Coburg Road, Wood Green, London, N22 6UJ",Outstanding,31 March 2022,https://reports.ofsted.gov.uk/provider/33/2761344
2848480,Muti Immersive Ltd,Independent learning provider,"Gather Round, 15-16 Brunswick Square, St Paul's, Bristol, BS2 8NX",,,https://reports.ofsted.gov.uk/provider/33/2848480
2578335,MVRRS Training Limited,Independent learning provider,"36 Charles Street, Newport, NP20 1JT",Outstanding,31 March 2022,https://reports.ofsted.gov.uk/provider/33/2578335
146045,My Life Learning,Independent learning provider,"C/O Thompson House, Pepper Lane, Standish, Wigan, Greater Manchester, WN6 0PP",Outstanding,31 March 2022,https://reports.ofsted.gov.uk/provider/39/146045
2654218,MYBE Awards Ltd,Independent learning provider,"5a, West Lane, Chester Le Street, DH3 3HJ",Outstanding,31 March 2022,https://reports.ofsted.gov.uk/provider/33/2654218
130743,Myerscough College,Further education college,"St Michael's Road, Bilsborrow, Preston, Lancashire, PR3 0RY",Outstanding,31 March 2022,https://reports.ofsted.gov.uk/provider/31/130743
,Myerscough College,,"Myerscough College, Myerscough Hall, St. Michaels Road, Bilsborrow, PRESTON, PR3 0RY",,26 January 2004,https://reports.ofsted.gov.uk/provider/3/SC059709
2510858,MYF Training Limited,Independent learning provider,"78-82 Victoria Road, Aldershot, GU11 1SS",Outstanding,31 March 2022,https://reports.ofsted.gov.uk/provider/33/2510858
1270869,NA College Trust Limited,Independent learning provider,"Unit 1, Spire Road, Washington, Tyne and Wear, NE37 3ES",Outstanding,16 August 2018,https://reports.ofsted.gov.uk/provider/33/1270869
50170,NACRO,Independent learning provider,"Edmund House, 5th Floor, 12-22 Newhall Street, Birmingham, B3 3EW",Outstanding,31 March 2022,https://reports.ofsted.gov.uk/provider/33/50170
53451,National Business College Limited,Independent learning provider,"1 Greenhead Road, Huddersfield, West Yorkshire, HD1 4EN",Outstanding,31 March 2022,https://reports.ofsted.gov.uk/provider/33/53451
2814675,National Film And Television School(The),,"NFTS, Station Road, Beaconsfield, HP9 1LG",Outstanding,31 March 2022,https://reports.ofsted.gov.uk/provider/43/2814675
55347,National Grid Electricity Distribution (South West) PLC,Training provider,"Western Power Distribution, Toll End Road, Tipton, West Midlands, DY4 0HH",Outstanding,31 March 2022,https://reports.ofsted.gov.uk/provider/30/55347
53457,National Grid PLC,Training provider,"Eakring Training Centre, Kirklington Road, Eakring, Newark, NG22 0DA",Outstanding,31 March 2022,https://reports.ofsted.gov.uk/provider/30/53457
54505,National Horseracing College,Independent learning provider,"The Stables, Great North Road, Rossington, Doncaster, DN11 0HN",Outstanding,31 March 2022,https://reports.ofsted.gov.uk/provider/33/54505
2848486,National Infrastructure Solutions Ltd,Independent learning provider,"The Very Light Rail National Innovation Centre, Zoological Drive, Dudley, DY1 4AW",,,https://reports.ofsted.gov.uk/provider/33/2848486
131944,National Star College,Apprenticeship provider,"Ullenwood Manor, Ullenwood Lane, Cheltenham, GL53 9QU",Outstanding,31 March 2022,https://reports.ofsted.gov.uk/provider/39/131944
1280365,National Training & Skills Ltd,Independent learning provider,"205-207, Crown House, North Circular Road, London, NW10 7PN",Outstanding,31 March 2022,https://reports.ofsted.gov.uk/provider/33/1280365
2814676,National Upskill Limited,Independent learning provider,"163 Welcomes Road, Kenley, CR8 5HB",Outstanding,31 March 2022,https://reports.ofsted.gov.uk/provider/33/2814676
2554078,Nationwide Energy Training Services Ltd,Independent learning provider,"Europa House, 310 Europa Boulevard, Warrington, Cheshire, WA5 7XR",Outstanding,31 March 2022,https://reports.ofsted.gov.uk/provider/33/2554078
2791020,NATS (En Route) PLC,Training provider,"4000, Parkway, Whiteley, Fareham, PO15 7FL",Outstanding,31 March 2022,https://reports.ofsted.gov.uk/provider/30/2791020
2741641,NC Group Ltd,Independent learning provider,"Unit 3 & 4, Parsons Court, Welbury Way, Newton Aycliffe, Durham, DL5 6ZE",Outstanding,31 March 2022,https://reports.ofsted.gov.uk/provider/33/2741641
130552,NCG,Further education college,"Rye Hill Campus, Scotswood Road, Newcastle-upon-Tyne, Tyne and Wear, NE4 7SA",Outstanding,31 March 2022,https://reports.ofsted.gov.uk/provider/31/130552
1247998,NDA Foundation Limited,Independent learning provider,"Rufford Hall, Waterside Way, (Off Racecourse Road), Trent Park, Nottingham, NG2 4DP",Outstanding,31 March 2022,https://reports.ofsted.gov.uk/provider/33/1247998
70317,NELTA,Training provider,"Woodford Bridge Road, -, Ilford, Essex, IG1 4HA",,16 January 2018,https://reports.ofsted.gov.uk/provider/41/70317
2765324,Nerams,Independent learning provider,"The Old Gp Surgery, Durham Road, Chilton, Durham, DL17 0EW",Outstanding,31 March 2022,https://reports.ofsted.gov.uk/provider/33/2765324
1270919,Netcom Training Ltd,Independent learning provider,"Icentrum, Holt Street, Birmingham, B7 4BB",Outstanding,31 March 2022,https://reports.ofsted.gov.uk/provider/33/1270919
2748177,Netmatters Limited,Independent learning provider,"Unit 11, Penfold Drive, Wymondham, Norfolk, NR18 0WZ",,,https://reports.ofsted.gov.uk/provider/33/2748177
2674168,Network Rail Infrastructure Limited,Training provider,"York Training Centre, Network Rail, Cinder Lane, York, YO26 4ZD",Outstanding,31 March 2022,https://reports.ofsted.gov.uk/provider/30/2674168
2814688,Netzer0 solutions,Training provider,"Drake House, Gadbrook Park, Gadbrook Way, Northwich, CW9 7RA",,,https://reports.ofsted.gov.uk/provider/30/2814688
130418,New City College,Further education college,"Poplar High Street, Poplar, London, E14 0AF",Outstanding,01/08/2019,https://reports.ofsted.gov.uk/provider/31/130418
143689,New College Bradford,,"Nelson Street, Bradford, West Yorkshire, BD5 0DX",Outstanding,31 March 2022,https://reports.ofsted.gov.uk/provider/46/143689
144714,New College Doncaster,,"Hurst Lane, Auckley, Doncaster, South Yorkshire, DN9 3HG",Outstanding,31 March 2022,https://reports.ofsted.gov.uk/provider/46/144714
2580204,New College Durham,Training provider,"New College Durham, Framwellgate Moor Campus, Durham, DH1 5ES",,14 July 2021,https://reports.ofsted.gov.uk/provider/41/2580204
130659,New College Durham,Further education college,"Framwellgate Moor Centre, Framwellgate Moor, Durham, DH1 5ES",Outstanding,31 March 2022,https://reports.ofsted.gov.uk/provider/31/130659
144732,New College Pontefract,,"Park Lane, Pontefract, West Yorkshire, WF8 4QR",Outstanding,31 March 2022,https://reports.ofsted.gov.uk/provider/46/144732
130851,New College Swindon,Further education college,"New College Drive, Swindon, Wiltshire, SN3 1AH",Outstanding,10/10/2020,https://reports.ofsted.gov.uk/provider/31/130851
139323,New College Worcester (ISP),,"Whittingham Road, Worcester, Worcestershire, WR5 2JX",,09 March 2007,https://reports.ofsted.gov.uk/provider/39/139323
54075,New Directions - The Learning and Employment Service for Reading,Training provider,"330 Northumberland Avenue, Reading, RG2 8DH",Outstanding,31 March 2022,https://reports.ofsted.gov.uk/provider/42/54075
1280314,New Generation Training and Consultancy Limited,Independent learning provider,"Dorbcrest House, 20 Lowe Mill Lane, Hindley, WIGAN, LANCASHIRE, WN2 3AF",Outstanding,31 March 2022,https://reports.ofsted.gov.uk/provider/33/1280314
2691311,New Meaning Foundation,Independent learning provider,"Rubb Building, Waterbeach Barracks, Denny End Road, Cambridge, CB25 9GU",Outstanding,31 March 2022,https://reports.ofsted.gov.uk/provider/33/2691311
2848707,New Start,Independent learning provider,"179 Townsend Lane, Clubmoor, Liverpool, L13 9DY",Outstanding,31 March 2022,https://reports.ofsted.gov.uk/provider/33/2848707
130602,Newbury College,Further education college,"Monks Lane, Newbury, Berkshire, RG14 7TD",Outstanding,31 March 2022,https://reports.ofsted.gov.uk/provider/31/130602
130812,Newcastle and Stafford Colleges Group,Further education college,"Knutton Lane, Newcastle-under-Lyme, Staffordshire, ST5 2GB",Outstanding,31 March 2022,https://reports.ofsted.gov.uk/provider/31/130812
70126,Newcastle University,Training provider,"King George VI Building, Queen Victoria Rd, Newcastle upon Tyne, Tyne and Wear, NE1 7RU",,05 August 2006,https://reports.ofsted.gov.uk/provider/41/70126
53504,Newcastle upon Tyne City Council,Training provider,"Westgate Community College, West Road, Newcastle Upon Tyne, NE4 9LU",Outstanding,31 March 2022,https://reports.ofsted.gov.uk/provider/42/53504
146526,Newfriars College,,"Castle Grove, Newhouse Road, Bucknall, Stoke-on-Trent, Staffordshire, ST2 8BH",Outstanding,31 March 2022,https://reports.ofsted.gov.uk/provider/39/146526
130451,Newham College of Further Education,Further education college,"East Ham Campus, High Street South, East Ham, London, E6 6ER",Outstanding,31 March 2022,https://reports.ofsted.gov.uk/provider/31/130451
144511,"Newham Collegiate Sixth Form Centre, City of London Academy",,"326 Barking Road, East Ham, London, E6 2BB",Outstanding,31 March 2022,https://reports.ofsted.gov.uk/provider/46/144511
2832201,Next Gen Skills Limited,Independent learning provider,"25 Gras Lawn, Exeter, EX2 4RZ",Outstanding,31 March 2022,https://reports.ofsted.gov.uk/provider/33/2832201
2654160,Next Level Impact Limited,Independent learning provider,"The Mount Business Centre, 2 Woodstock Link, Belfast, BT6 8DD",Outstanding,31 March 2022,https://reports.ofsted.gov.uk/provider/33/2654160
2626838,Nextstep Training Limited,Independent learning provider,"Unit A2, 1b Mentmore Terrace, London, E8 3DQ",Outstanding,31 March 2022,https://reports.ofsted.gov.uk/provider/33/2626838
2654229,NHBC Services Limited,Independent learning provider,"Milton Keynes (Head office and Examination Centre), Davy Avenue, Milton Keynes, Buckinghamshire, MK5 8FP",Outstanding,31 March 2022,https://reports.ofsted.gov.uk/provider/33/2654229
144813,NHS England (Choices College),,"The Grainger Suite, Dobson House, Regent Centre, Newcastle-upon-Tyne, Tyne and Wear, NE3 3PF",Outstanding,31 March 2022,https://reports.ofsted.gov.uk/provider/39/144813
59195,NHS England North East and Yorkshire,Independent learning provider,"Stella House, Goldcrest Way, Newcastle Upon Tyne, NE15 8NY",Outstanding,31 March 2022,https://reports.ofsted.gov.uk/provider/33/59195
53671,NHTA Limited,Independent learning provider,"18 Pelham Road, Sherwood Rise, Nottingham, NG5 1AP",Outstanding,31 March 2022,https://reports.ofsted.gov.uk/provider/33/53671
2832195,NIC Services Group Limited,Training provider,"Spencer House, Viaduct Road, Leeds, West Yorkshire, LS4 2AP",Outstanding,31 March 2022,https://reports.ofsted.gov.uk/provider/30/2832195
2625244,Nine Dots Development Limited,Independent learning provider,"Gleneagles House, Vernon Gate, Derby, DE1 1UP",Outstanding,31 March 2022,https://reports.ofsted.gov.uk/provider/33/2625244
141311,Nisai Virtual Academy Ltd,,"4th Floor, 28 Clarendon Road, Watford, WD17 1JJ",Outstanding,15 December 2017,https://reports.ofsted.gov.uk/provider/39/141311
2674182,Nishkam Civic Association,Independent learning provider,"Soho Road, Birmingham, B21 9BH",Outstanding,31 March 2022,https://reports.ofsted.gov.uk/provider/33/2674182
2748198,Niyo Group Ltd. (trading as Niyo Enterprise),Independent learning provider,"Zellig Building The Custard Factory, Gibb Street, Birmingham, B9 4AT",Outstanding,31 March 2022,https://reports.ofsted.gov.uk/provider/33/2748198
2761331,Nobody Left Behind,Independent learning provider,"18-22 Atlantic House, Hamilton Street, Birkenhead, Wirral, CH41 1AL",Outstanding,31 March 2022,https://reports.ofsted.gov.uk/provider/33/2761331
2761346,Nordic Products and Services,Independent learning provider,"Church Road, Stockton-On-Tees, TS18 2HN",Outstanding,31 March 2022,https://reports.ofsted.gov.uk/provider/33/2761346
53545,Norfolk County Council Adult Learning,Training provider,"County Hall, Martineau Lane, Norwich, NR1 2DH",Outstanding,31 March 2022,https://reports.ofsted.gov.uk/provider/42/53545
70287,Norfolk Teacher Training Centre,Training provider,"City College Norwich, Ipswich Road, Norwich, Norfolk, NR2 2LJ",,19 January 2017,https://reports.ofsted.gov.uk/provider/41/70287
70147,"Norfolk, Essex and Suffolk Teacher Training (NESTT)",Training provider,"120 Star Lane, -, Ipswich, Suffolk, IP4 1JN",,05 August 2006,https://reports.ofsted.gov.uk/provider/41/70147
2814702,North & Western Chambers of Commerce,Independent learning provider,"Unit 9-10, Eastway Business Village, Olivers Place, Preston, PR2 9WT",Outstanding,31 March 2022,https://reports.ofsted.gov.uk/provider/33/2814702
2691312,North Bristol National Health Service Trust,Independent learning provider,"North Bristol Trust Learning And Research Centre, Southmead Hospital, Southmead Road, Westbury-on-Trym, Bristol, BS10 5NB",Outstanding,31 March 2022,https://reports.ofsted.gov.uk/provider/33/2691312
1278640,North East Ambulance Service NHS Foundation Trust,Training provider,"NEAS, Education Centre, 1A Dukesway Court, Gateshead, Tyne and Wear, NE11 0PJ",Outstanding,31 March 2022,https://reports.ofsted.gov.uk/provider/30/1278640
2761337,North East Business and Innovation Centre Limited (trading as Sunderland Software City - NE BIC),Independent learning provider,"Sunderland Software City, Sunderland Software Centre, Tavistock Place, Sunderland, SR1 1PB",Outstanding,31 March 2022,https://reports.ofsted.gov.uk/provider/33/2761337
130822,North East Surrey College of Technology,Further education college,"Reigate Road, Ewell, Epsom, Surrey, KT17 3DS",Outstanding,31 March 2022,https://reports.ofsted.gov.uk/provider/31/130822
130721,North Hertfordshire College,Further education college,"Monkswood Way, Stevenage, Hertfordshire, SG1 1LA",Outstanding,31 March 2022,https://reports.ofsted.gov.uk/provider/31/130721
53586,North Humberside Motor Trades GTA,Independent learning provider,"12 Henry Boot Way, Priory Park East, Kingston Upon Hull, HULL, HU4 7DY",Outstanding,31 March 2022,https://reports.ofsted.gov.uk/provider/33/53586
130725,North Kent College,Further education college,"Oakfield Lane, Dartford, Kent, DA1 2JT",Outstanding,31 March 2022,https://reports.ofsted.gov.uk/provider/31/130725
2711352,North Kent College,,"Hadlow College, Tonbridge Road, Hadlow, Tonbridge, Kent, TN11 0AL",,22 January 2024,https://reports.ofsted.gov.uk/provider/3/2711352
53588,North Lancs. Training Group C.I.C.,Independent learning provider,"Bradshawgate House, 1 Oak Street, Accrington, Lancashire, BB5 1EQ",Outstanding,31 March 2022,https://reports.ofsted.gov.uk/provider/33/53588
53589,North Lincolnshire Council,Training provider,"Ashby Community Hall, Ashby High Street, Scunthorpe, DN16 2UT",Outstanding,31 March 2022,https://reports.ofsted.gov.uk/provider/42/53589
70234,North Lincolnshire SCITT Partnership,Training provider,"Church Square House, 30-40 High Street, Scunthorpe, North Lincolnshire, DN15 6NL",,08 August 2009,https://reports.ofsted.gov.uk/provider/41/70234
53591,North London Garages GTA,Independent learning provider,"Redburn Industrial Estate, 39 Woodhall Road, Ponders End, Enfield, EN3 4LQ",Outstanding,31 March 2022,https://reports.ofsted.gov.uk/provider/33/53591
50178,North Northamptonshire Council,Training provider,"41 Meadow Road, Kettering, NN16 8TL",Outstanding,31 March 2022,https://reports.ofsted.gov.uk/provider/42/50178
2526600,North of England Training Limited,Independent learning provider,"Room 6, 2 Queens Road, Chorley, PR7 1JU",Outstanding,31 March 2022,https://reports.ofsted.gov.uk/provider/33/2526600
2654230,North Staffordshire Engineering Group Training Association Limited,Independent learning provider,"151-153 Marsh Street North, Stoke-On-Trent, ST1 5HR",Outstanding,31 March 2022,https://reports.ofsted.gov.uk/provider/33/2654230
53603,North Tyneside Metropolitan Borough Council,Training provider,"Quadrant, 16 The Silverlink North, Cobalt Business Park, NE27 0BY",Outstanding,31 March 2022,https://reports.ofsted.gov.uk/provider/42/53603
70162,North Tyneside SCITT,Training provider,"Langdale Centre, Langdale Gardens, Howdon, North Tyneside, NE28 0HG",,04 November 2006,https://reports.ofsted.gov.uk/provider/41/70162
2654183,North Wales Training Ltd.,Independent learning provider,"Ty Copa, Argyll Road, Llandudno, LL30 1DF",Outstanding,31 March 2022,https://reports.ofsted.gov.uk/provider/33/2654183
130836,North Warwickshire and South Leicestershire College,Further education college,"Hinckley Road, Nuneaton, Warwickshire, CV11 6BH",Outstanding,31 March 2022,https://reports.ofsted.gov.uk/provider/31/130836
1276402,North West Ambulance Service NHS Trust,Training provider,"North West Ambulance Service Headquarters, Ladybridge Hall, 399 Chorley New Road, Bolton, BL1 5DD",Outstanding,31 March 2022,https://reports.ofsted.gov.uk/provider/30/1276402
53615,North West Training Council,Independent learning provider,"Unit 33 Dunes Way, Wellington Employment Park, Sandhills, Liverpool, Merseyside, L5 9RJ",Outstanding,31 March 2022,https://reports.ofsted.gov.uk/provider/33/53615
2761349,North West Training Solutions & Consultancy Limited,Independent learning provider,"2 Sefton Road, Litherland, Liverpool, L21 7PG",,,https://reports.ofsted.gov.uk/provider/33/2761349
50229,North Yorkshire Council,Training provider,"County Hall, Racecourse Lane, Northallerton, DL7 8AD",Outstanding,31 March 2022,https://reports.ofsted.gov.uk/provider/42/50229
130769,Northampton College,Further education college,"Main Campus, Booth Lane, Northampton, Northamptonshire, NN3 3RF",Outstanding,31 March 2022,https://reports.ofsted.gov.uk/provider/31/130769
70054,Northampton Teacher Training Partnership,Training provider,"Billing Road, Northampton, -, Northampton, Northants, NN1 5RT",,05 August 2006,https://reports.ofsted.gov.uk/provider/41/70054
2656426,Northcoders Limited,Independent learning provider,"17 Marble Street, Manchester, M2 3AW",Outstanding,31 March 2022,https://reports.ofsted.gov.uk/provider/33/2656426
2654145,Northcoders Teched Limited,Independent learning provider,"Manchester Technology Centre, 103 Oxford Rd, Manchester, M1 7ED",Outstanding,31 March 2022,https://reports.ofsted.gov.uk/provider/33/2654145
2643277,Northeastern University - London,Apprenticeship provider,"Devon House, 58 St Katharine's Way, London, E1W 1LP",Outstanding,31 March 2022,https://reports.ofsted.gov.uk/provider/43/2643277
53634,Northern Ballet School,,"10 Oxford Road, Manchester, M1 5QA",Outstanding,31 March 2022,https://reports.ofsted.gov.uk/provider/38/53634
2495144,Northern Care Alliance NHS Trust,Training provider,"3rd Floor, Mayo Building, Stott Lane, Salford, M6 8HD",Outstanding,31 March 2022,https://reports.ofsted.gov.uk/provider/30/2495144
57942,Northern Care Training Limited,Independent learning provider,"Dunelm Rise, Durham Gate, Spennymoor, Durham, DL16 6FS",Outstanding,31 March 2022,https://reports.ofsted.gov.uk/provider/33/57942
130525,Northern College for Residential Adult Education Limited,Further education college,"Wentworth Castle, Stainborough, Barnsley, South Yorkshire, S75 3ET",Outstanding,31 March 2022,https://reports.ofsted.gov.uk/provider/31/130525
2495222,Northern Powergrid (Yorkshire) Plc,Training provider,"Kepier Training Centre, Kepier Farm, Durham, DH1 1LB",Outstanding,31 March 2022,https://reports.ofsted.gov.uk/provider/30/2495222
2626884,Northern Regeneration CIC,Independent learning provider,"Scarborough Construction Skills Village, Musham Bank Road, Eastfield, Scarborough, YO11 3XU",Outstanding,31 March 2022,https://reports.ofsted.gov.uk/provider/33/2626884
133840,Northern School of Contemporary Dance,,"98 Chapeltown Road, Leeds, West Yorkshire, LS7 4BH",Outstanding,17 December 2014,https://reports.ofsted.gov.uk/provider/43/133840
2526608,Northern Training Academy Limited,Independent learning provider,"Eagley House, 10b Deakins Park, Egerton, Bolton, Greater Manchester, BL7 9RP",Outstanding,31 March 2022,https://reports.ofsted.gov.uk/provider/33/2526608
2654200,Northern Trains Limited,Independent learning provider,"4th Floor Boulton House, Chorlton Street, Manchester, M1 3HY",Outstanding,31 March 2022,https://reports.ofsted.gov.uk/provider/33/2654200
2636422,Northumberland Business Service Ltd,Independent learning provider,"6 Esther Court, Wansbeck Business Park, Ashington, Northumberland, NE63 8AP",Outstanding,31 March 2022,https://reports.ofsted.gov.uk/provider/33/2636422
1276531,Northumbria Healthcare Nhs Foundation Trust,Training provider,"7-8 Silver Fox Way, Cobalt Business Park, Newcastle Upon Tyne, NE27 0QJ",Outstanding,31 March 2022,https://reports.ofsted.gov.uk/provider/30/1276531
70125,Northumbria University,Training provider,"Northumbria University, Ellison Place, Newcastle Upon Tyne, NE1 8ST",,05 August 2006,https://reports.ofsted.gov.uk/provider/41/70125
2791021,Northumbrian Citizens Advice Bureau,Independent learning provider,"Unit 6, Sovereign House, Sovereign Business Park, Ashington, Northumberland, NE63 8UG",Outstanding,31 March 2022,https://reports.ofsted.gov.uk/provider/33/2791021
1270901,Northwest Education And Training Limited,Independent learning provider,"Unit 9, 100 Sefton Lane, Liverpool, L31 8BT",Outstanding,31 March 2022,https://reports.ofsted.gov.uk/provider/33/1270901
2495246,Norton Webb Limited,Independent learning provider,"Kingswood House, 80, Richardshaw Lane, Stanningley, Pudsey, West Yorkshire, LS28 6BN",Outstanding,31 March 2022,https://reports.ofsted.gov.uk/provider/33/2495246
130764,Norwich City College of Further and Higher Education,Further education college,"Ipswich Road, Norwich, Norfolk, NR2 2LJ",Outstanding,31 March 2022,https://reports.ofsted.gov.uk/provider/31/130764
130548,Notre Dame Catholic Sixth Form College,,"St Mark's Avenue, Leeds, West Yorkshire, LS2 9BL",Outstanding,31 March 2022,https://reports.ofsted.gov.uk/provider/40/130548
53664,Nottingham City Council,Training provider,"Loxley House, Station Street, Nottingham, NG2 3NG",Outstanding,31 March 2022,https://reports.ofsted.gov.uk/provider/42/53664
1251774,Nottingham College,,"Ruddington Fields Business Park, Ruddington, NG11 6JZ",,03 January 2017,https://reports.ofsted.gov.uk/provider/3/1251774
130776,Nottingham College,Further education college,"Adams Building, Stoney Street, Nottingham, Nottinghamshire, NG1 1NG",Outstanding,31 March 2022,https://reports.ofsted.gov.uk/provider/31/130776
70124,Nottingham Trent University,Training provider,"School of Social Sciences, Nottingham Trent University, Clifton Lane, Nottingham, Nottinghamshire, NG11 8NS",,05 August 2006,https://reports.ofsted.gov.uk/provider/41/70124
2625253,Nottinghamshire Combined Fire and Rescue Authority,Training provider,"Service Development Centre, Dukeries Complex, Ollerton, Nottingham, Nottinghamshire, NG22 9JE",Outstanding,31 March 2022,https://reports.ofsted.gov.uk/provider/30/2625253
53674,Nottinghamshire County Council,Training provider,"Eastbourne House, Station Road, Sutton-in-Ashfield, Nottinghamshire, NG17 5JA",Outstanding,31 March 2022,https://reports.ofsted.gov.uk/provider/42/53674
70320,Nottinghamshire Torch SCITT,Training provider,"Nottinghamshire Torch SCITT training centre, Toot Hill School, The Banks, Bingham, Nottinghamshire, NG13 8BL",,18 January 2018,https://reports.ofsted.gov.uk/provider/41/70320
54810,Nottinghamshire Training Group,Independent learning provider,"Cheapside, Worksop, Nottinghamshire, S80 2HX",Outstanding,31 March 2022,https://reports.ofsted.gov.uk/provider/33/54810
53682,Nova Training,Independent learning provider,"Nova Training, Bushbury Lane, WOLVERHAMPTON, WV10 9TT",Outstanding,31 March 2022,https://reports.ofsted.gov.uk/provider/33/53682
1280342,NowSkills Limited,Independent learning provider,"1st Floor, Churchgate House, 12-34 Churchgate, Bolton, Greater Manchester, BL1 1HL",Outstanding,31 March 2022,https://reports.ofsted.gov.uk/provider/33/1280342
2539256,NPL Management Limited,Independent learning provider,"National Physical Laboratory, Hampton Road, Teddington, Middlesex, TW11 0LW",Outstanding,31 March 2022,https://reports.ofsted.gov.uk/provider/33/2539256
2832196,NSPP Vocational Training Limited,Independent learning provider,"Suite 4, Bowden Hall, Bowden Lane, Marple, Stockport, SK6 6ND",Outstanding,31 March 2022,https://reports.ofsted.gov.uk/provider/33/2832196
1270863,NTG Training Ltd,Independent learning provider,"Offices 3&4, The Meadows, Church Road, Chester, CH4 9NG",Outstanding,31 March 2022,https://reports.ofsted.gov.uk/provider/33/1270863
2765325,O.S.A.T Ltd,Independent learning provider,"85 Great Portland Street, London, W1W 7LT, London, London, W1W 7LT",Outstanding,31 March 2022,https://reports.ofsted.gov.uk/provider/33/2765325
146552,Oakbridge Special Education,,"30 High Street, Edgware, HA8 7EQ",Outstanding,31 March 2022,https://reports.ofsted.gov.uk/provider/39/146552
130723,Oaklands College,Further education college,"Oaklands Campus, Hatfield Road, St Albans, Hertfordshire, AL4 0JA",Outstanding,31 March 2022,https://reports.ofsted.gov.uk/provider/31/130723
,Oaklands College,,"Oaklands College, Smallford Campus, Oaklands, ST. ALBANS, Hertfordshire, AL4 0JA",,27 February 2004,https://reports.ofsted.gov.uk/provider/3/SC059818
131947,Oakwood Specialist College,,"7/9 Oak Park Villas, 7/9 Oak Park Villas, Dawlish, Devon, EX7 0DE",Outstanding,31 March 2022,https://reports.ofsted.gov.uk/provider/39/131947
150316,Oarsome Chance,,"The Boathouse, St Vincent College, Mill Lane, Gosport, Hampshire, PO12 4QA",,,https://reports.ofsted.gov.uk/provider/39/150316
1271308,Oasis Care And Training Agency (Octa),Independent learning provider,"24-32 Murdock Street, Peckham, London, SE15 1LW",Outstanding,31 March 2022,https://reports.ofsted.gov.uk/provider/33/1271308
2765326,Oasis Community Learning (Academy Trust),Training provider,"Oasis Academy Temple, Smedley Lane, Cheetham Hill, Manchester, Greater Manchester, M8 8SA",Outstanding,31 March 2022,https://reports.ofsted.gov.uk/provider/30/2765326
2813620,Oasis Restore,Training provider,"Oasis Restore, Sir Evelyn Road, Rochester, Kent, ME1 3YB",Outstanding,31 March 2022,https://reports.ofsted.gov.uk/provider/46/2813620
2654149,OCS Integrated Solutions Limited,Independent learning provider,"Vicon House, Western Way, Bury St. Edmunds, Suffolk, IP33 3SP",Outstanding,31 March 2022,https://reports.ofsted.gov.uk/provider/33/2654149
2804854,Octavius Learning and Development Limited Partnership,Independent learning provider,"OLDP Women's Hub14t Floor Quayside Tower, 14th Floor, Quayside Tower, Birmingham, B1 2HF",Outstanding,31 March 2022,https://reports.ofsted.gov.uk/provider/33/2804854
2848487,Octopus Energy Group Limited,Training provider,"Octopus Energy Services, Unit 2, Britannia Way, Catcliffe, Rotherham, Sheffield, S60 5BD",,,https://reports.ofsted.gov.uk/provider/30/2848487
2701039,ODT Training Professionals Limited,Independent learning provider,"3 Nelson Close, Tangmere, Chichester, West Sussex, PO20 2FW",Outstanding,31 March 2022,https://reports.ofsted.gov.uk/provider/33/2701039
53721,Oldham Engineering Group Training Association Limited (The),Independent learning provider,"Oldham Training Centre, Lees Road, Oldham, OL4 1JP",Outstanding,31 March 2022,https://reports.ofsted.gov.uk/provider/33/53721
53722,Oldham Metropolitan Borough Council,Training provider,"Civic Centre, West Street, OLDHAM, OL1 1UT",Outstanding,31 March 2022,https://reports.ofsted.gov.uk/provider/42/53722
145002,Oldham Sixth Form College,,"Union Street West, Oldham, Greater Manchester, OL8 1XU",Outstanding,31 March 2022,https://reports.ofsted.gov.uk/provider/46/145002
2654231,Omni Academy of Beauty Limited,Independent learning provider,"14 Church Street, Walton-On-Thames, Surrey, KT12 2QS",Outstanding,31 March 2022,https://reports.ofsted.gov.uk/provider/33/2654231
142283,One Sixth Form College,,"Scrivener Drive, Pinewood, Ipswich, Suffolk, IP8 3SU",Outstanding,31 March 2022,https://reports.ofsted.gov.uk/provider/46/142283
1280309,One To One Support Services Limited,Independent learning provider,"Unit 1, McGregors Way, Chesterfield, S40 2HA",Outstanding,31 March 2022,https://reports.ofsted.gov.uk/provider/33/1280309
151137,Onelab College,,"7 Corsican Square, Unit 605, London, E3 3YD",,,https://reports.ofsted.gov.uk/provider/39/151137
2761332,OnPointTrac,Independent learning provider,"Unit Q Mosspark, Dairy Farm Road, Rainford, St Helens, WA11 7JH",Outstanding,31 March 2022,https://reports.ofsted.gov.uk/provider/33/2761332
2772947,OpenClassrooms Ltd,Independent learning provider,"Labs Triangle Stables Market, Chalk Farm Road, London, NW1 8AB",Outstanding,31 March 2022,https://reports.ofsted.gov.uk/provider/33/2772947
2814822,Opportunities Workshop,Independent learning provider,"12 Northgate Street, IPSWICH, Suffolk, IP1 3DB",Outstanding,31 March 2022,https://reports.ofsted.gov.uk/provider/33/2814822
2868449,Optimise Workplace Wellbeing Ltd,Independent learning provider,"64 Wembdon Road, Bridgwater, TA6 7QP",,,https://reports.ofsted.gov.uk/provider/33/2868449
1270910,Optimum Skills Limited,Independent learning provider,"Unit 23, Parson Court, Welbury Way, Newton Aycliffe, DL5 6ZE",Outstanding,31 March 2022,https://reports.ofsted.gov.uk/provider/33/1270910
2654167,Optimum Training Solutions Limited,Independent learning provider,"34-38 Stow Hill, Newport, NP20 1JE",,,https://reports.ofsted.gov.uk/provider/33/2654167
53749,Oracle Training Consultants Limited,Independent learning provider,"65/67 Silver Street, Doncaster, Yorkshire, DN1 1JL",Outstanding,31 March 2022,https://reports.ofsted.gov.uk/provider/33/53749
2730911,Oracle Training Solutions Ltd,Independent learning provider,"Unit 4, The Hub, Crowther Industrial Estate, Washington, Tyne and Wear, NE38 0AQ",Outstanding,31 March 2022,https://reports.ofsted.gov.uk/provider/33/2730911
2539259,Orange Moon Training Limited,Independent learning provider,"6 Sherwood Rise, Nottingham, NG7 6JF",Outstanding,31 March 2022,https://reports.ofsted.gov.uk/provider/33/2539259
2674146,Orangebox Training Solutions Ltd,Independent learning provider,"Tranquility House, Harbour Walk, Hartlepool Marina, Durham, TS24 0UX",Outstanding,31 March 2022,https://reports.ofsted.gov.uk/provider/33/2674146
131948,Orchard Hill College,Independent learning provider,"Copthall House, 9 the Pavement, Grove Road, Sutton, SM1 1DA",Outstanding,31 March 2022,https://reports.ofsted.gov.uk/provider/39/131948
131950,Orpheus Centre,,"North Park Lane, Godstone, Surrey, RH9 8ND",Outstanding,31 March 2022,https://reports.ofsted.gov.uk/provider/39/131950
2730912,Orthodontic Team Training Limited,Independent learning provider,"21 Waterloo Place, Leamington Spa, CV32 5LA",Outstanding,31 March 2022,https://reports.ofsted.gov.uk/provider/33/2730912
2654170,OTM Apprenticeships Ltd,Independent learning provider,"Unit 6, Spitfire Road Holly Park Industrial Estate, Birmingham, B24 9PB",Outstanding,31 March 2022,https://reports.ofsted.gov.uk/provider/33/2654170
70327,OTT SCITT,Training provider,"c/o The Cherwell School, Marston Ferry Road, Oxford, Oxfordshire, OX2 7EE",,09 January 2018,https://reports.ofsted.gov.uk/provider/41/70327
2626860,Our Training Department Ltd,Independent learning provider,"37-39 Ludgate Hill, Birmingham, B3 1EH",Outstanding,31 March 2022,https://reports.ofsted.gov.uk/provider/33/2626860
133864,Oxford Brookes University,Apprenticeship provider,"Headington Campus, Gipsy Lane, Headington, Oxford, Oxfordshire, OX3 0BP",Outstanding,31 March 2022,https://reports.ofsted.gov.uk/provider/43/133864
70008,Oxford Brookes University,Training provider,"Faculty of Arts, Humanities & Social Sciences, Harcourt Hill Campus, Oxford, Oxfordshire, OX2 9AT",,18 June 2008,https://reports.ofsted.gov.uk/provider/41/70008
1278625,Oxford Energy Academy Limited,Independent learning provider,"Avenue One, Witney, Oxfordshire, OX28 4XZ",Outstanding,31 March 2022,https://reports.ofsted.gov.uk/provider/33/1278625
2553929,Oxford Health NHS Foundation Trust,Independent learning provider,"Learning & Development, Level 4 & 5, Unipart House, Garsington Road, Cowley, OXFORD, OX4 2PG",Outstanding,31 March 2022,https://reports.ofsted.gov.uk/provider/33/2553929
150936,Oxford Online School Ltd,,"267 Banbury Road, Oxford, OX2 7HT",,28 March 2025,https://reports.ofsted.gov.uk/provider/100003/150936
2643265,Oxford Professional Education Group Limited,Independent learning provider,"Summertown Pavilion, 18-24 Middle Way, Oxford, OX2 7LG",Outstanding,31 March 2022,https://reports.ofsted.gov.uk/provider/33/2643265
2526618,Oxford University Hospitals NHS Foundation Trust,Training provider,"Headley Way, Headington, Oxford, Oxfordshire, OX3 9DU",Outstanding,31 March 2022,https://reports.ofsted.gov.uk/provider/30/2526618
2748199,P. Flannery Plant Hire (Oval) Limited,Independent learning provider,"Flannery House, Third Way, Wembley, Middlesex, HA9 0RZ",Outstanding,31 March 2022,https://reports.ofsted.gov.uk/provider/33/2748199
2814693,P34B Ltd,Training provider,"8 Market Place, Adlington, Chorley, PR7 4EZ",Outstanding,31 March 2022,https://reports.ofsted.gov.uk/provider/30/2814693
58194,Paddington Development Trust,Independent learning provider,"The Stowe Centre, 258 Harrow Road, London, W2 5ES",Outstanding,31 March 2022,https://reports.ofsted.gov.uk/provider/33/58194
53792,Paragon Education & Skills Limited,Independent learning provider,"Station Approach, Ashley Road, Bournemouth, BH1 4NB",Outstanding,31 March 2022,https://reports.ofsted.gov.uk/provider/33/53792
2674149,Paramount Assessment Ltd,Independent learning provider,"61 Cranbrook Road, Ilford, IG1 4PG",,,https://reports.ofsted.gov.uk/provider/33/2674149
58193,Parenta Training Limited,Independent learning provider,"Head Office Stratford House, Waterside Court, Neptune Way, Rochester, Kent, ME2 4NZ",Outstanding,31 March 2022,https://reports.ofsted.gov.uk/provider/33/58193
1280313,Pareto Law Limited,Independent learning provider,"49, Church Street, WILMSLOW, Cheshire, SK9 1AX",Outstanding,31 March 2022,https://reports.ofsted.gov.uk/provider/33/1280313
2510859,Park Education & Training Limited,Independent learning provider,"86 Bidston Avenue, Birkenhead, CH41 0BS",Outstanding,31 March 2022,https://reports.ofsted.gov.uk/provider/33/2510859
2654219,Park Education and Training Centre Limited,Independent learning provider,"Kingsbury House, 468 Church Lane, London, NW9 8UA",Outstanding,31 March 2022,https://reports.ofsted.gov.uk/provider/33/2654219
2626877,Parkdean Resorts UK Limited,Training provider,"1 Gosforth Park Way, Gosforth Business Park, Newcastle, Tyne and Wear, NE12 8ET",Outstanding,31 March 2022,https://reports.ofsted.gov.uk/provider/30/2626877
2868433,Partners 4 Training Ltd.,Independent learning provider,"Sussex House, Grange Road, Uckfield, TN22 1QU",,,https://reports.ofsted.gov.uk/provider/33/2868433
2691314,Partners In Training (North West) Limited,Independent learning provider,"13a Tiger Court, Kings Business Park, Knowsley, Liverpool, Merseyside, L34 1PJ",Outstanding,31 March 2022,https://reports.ofsted.gov.uk/provider/33/2691314
70366,Partnership London SCITT (PLS),Training provider,"c/o Sydney Russell School, Parsloes Avenue, Dagenham, Essex, RM9 5QT",,21 December 2018,https://reports.ofsted.gov.uk/provider/41/70366
1278611,Partnership Training Limited,Independent learning provider,"Pentland House, Village Way, Wilmslow, Cheshire, SK9 2GH",Outstanding,31 March 2022,https://reports.ofsted.gov.uk/provider/33/1278611
59176,Pathway First Limited,Independent learning provider,"Amington House, 95 Amington Road, Birmingham, B25 8EP",Outstanding,31 March 2022,https://reports.ofsted.gov.uk/provider/33/59176
2791022,Peabody Trust,Training provider,"Minster Court, 45-47 Westminster Bridge Road, London, SE1 7JB",Outstanding,31 March 2022,https://reports.ofsted.gov.uk/provider/30/2791022
1270903,Pearson College Limited,Independent learning provider,"80 Strand, London, Harlow, WC2R 0RL",,,https://reports.ofsted.gov.uk/provider/33/1270903
1276406,Penshaw View Training Limited,Independent learning provider,"11 Ashdale, Houghton Le Spring, Tyne And Wear, DH4 7SL",Outstanding,31 March 2022,https://reports.ofsted.gov.uk/provider/33/1276406
2539226,Pentland Assessment Centres Ltd,Independent learning provider,"Lothian House, 33-41 Kelvin Avenue, Hillington, Glasgow, G52 4LT",Outstanding,31 March 2022,https://reports.ofsted.gov.uk/provider/33/2539226
59173,PeoplePlus Group Limited,Independent learning provider,"Boulton House, 17 - 21 Chorlton Street, Manchester, M1 3HY",Good,16 March 2015,https://reports.ofsted.gov.uk/provider/33/59173
141240,Percy Hedley Hedleys College,,"Station Road, Forest Hall, Newcastle-upon-Tyne, NE12 8YY",Outstanding,31 March 2022,https://reports.ofsted.gov.uk/provider/39/141240
1276431,Performance Learning Group Ltd,Independent learning provider,"Davic House, Unit 3, The Maltings, Sawbridgeworth, CM21 9JX",Outstanding,31 March 2022,https://reports.ofsted.gov.uk/provider/33/1276431
58262,Performance Through People,Independent learning provider,"Essex Terrace, In-Town, Walsall, WS1 1SQ",Outstanding,31 March 2022,https://reports.ofsted.gov.uk/provider/33/58262
50067,Performers College,,"Southend Road, Corringham, Stanford-le-Hope, Essex, SS17 8JT",Outstanding,31 March 2022,https://reports.ofsted.gov.uk/provider/38/50067
2654220,Personal Trainer Ltd,Independent learning provider,"92 Broad Street, Birmingham, B15 1AU",Outstanding,31 March 2022,https://reports.ofsted.gov.uk/provider/33/2654220
2772975,Pertemps Recruitment Partnerships Limited,Independent learning provider,"Unit A4 Elmbridge Court, Cheltenham Road East, Gloucester, GL3 1JZ",Outstanding,31 March 2022,https://reports.ofsted.gov.uk/provider/33/2772975
1270856,Pet-Xi Training Limited,Independent learning provider,"Head Office, Unit 4 Westwood House, Westwood Business Park, Westwood Way, Coventry, West Midlands, CV4 8HS",Outstanding,31 March 2022,https://reports.ofsted.gov.uk/provider/33/1270856
53861,PETA Limited,Independent learning provider,"1 Access Point, Northarbour Road, Portsmouth, PO6 3TE",Outstanding,31 March 2022,https://reports.ofsted.gov.uk/provider/33/53861
,Peter Symonds College,,"Peter Symonds College, Owens Road, WINCHESTER, Hampshire, SO22 6RX",,14 October 2004,https://reports.ofsted.gov.uk/provider/3/SC062851
130708,Peter Symonds College,Training provider,"Owens Road, Winchester, Hampshire, SO22 6RX",Outstanding,31 March 2022,https://reports.ofsted.gov.uk/provider/40/130708
2814704,Peterborough Environment City Trust,Independent learning provider,"Ham Lane House, Ham Lane, Peterborough, PE2 5UU",Outstanding,31 March 2022,https://reports.ofsted.gov.uk/provider/33/2814704
2539297,Peterborough Skills Limited,Independent learning provider,"Units 1-2 Woodston Business Centre, Shrewsbury Avenue, Woodston, Peterborough, Cambridgeshire, PE2 7EF",Outstanding,31 March 2022,https://reports.ofsted.gov.uk/provider/33/2539297
130646,Petroc,Further education college,"Old Sticklepath Hill, Barnstaple, Devon, EX31 2BQ",Outstanding,31 March 2022,https://reports.ofsted.gov.uk/provider/31/130646
152040,Petty Pool College,,"Pool Lane, Sandiway, Northwich, Cheshire, CW8 2DR",,,https://reports.ofsted.gov.uk/provider/39/152040
53875,PGL Training (Plumbing) Limited,Independent learning provider,"Learning Curve Group (Head Office), Dunelm Rise, Durhamgate, DURHAM, County Durham, DL16 6FS",Outstanding,31 March 2022,https://reports.ofsted.gov.uk/provider/33/53875
2654161,Phemagrace Ltd,Independent learning provider,"3 Park St, Lye, Stourbridge, DY9 8SS",Outstanding,31 March 2022,https://reports.ofsted.gov.uk/provider/33/2654161
53879,Philips Hair Salons Limited,Independent learning provider,"7 Providence Street, WF1 3BG",Good,17 January 2001,https://reports.ofsted.gov.uk/provider/33/53879
147609,Phoenix Autism Trust,,"2 Paton Close, London, E3 2QD",Outstanding,31 March 2022,https://reports.ofsted.gov.uk/provider/39/147609
1280310,Phoenix4Training LLP,Independent learning provider,"The Hubb Business Centre, 335-351 Rainham Road South, Dagenham, RM10 8QR",Outstanding,31 March 2022,https://reports.ofsted.gov.uk/provider/33/1280310
1270755,PHX Training Limited,Independent learning provider,"3-5 Victoria Place, CARLISLE, Cumberland, CA1 1ES",Outstanding,31 March 2022,https://reports.ofsted.gov.uk/provider/33/1270755
2654120,Physical Education and Active Kids Ltd,Independent learning provider,"Ne-Bic Enterprise Park East, Business & Innovation Centre, Wearfield, Sunderland, SR5 2TA",Outstanding,31 March 2022,https://reports.ofsted.gov.uk/provider/33/2654120
2510865,Pier Technology Ltd,Independent learning provider,"Avix Business Centre, 42-46 Hagley Road, Birmingham, B16 8PE",Outstanding,31 March 2022,https://reports.ofsted.gov.uk/provider/33/2510865
53895,Pilot IMS Limited,Independent learning provider,"Unit 5, Coombswood Court, Steelpark Road, Halesowen, B62 8BF",Outstanding,31 March 2022,https://reports.ofsted.gov.uk/provider/33/53895
149344,Pinc College,,"Oxford Road, Manchester, Greater Manchester, M13 9PL",Outstanding,31 March 2022,https://reports.ofsted.gov.uk/provider/39/149344
70227,Pioneers Partnership SCITT,Training provider,"Great Academy Ashton, Broadoak Road, Ashton-Under-Lyne, OL6 8RF",,09 October 2009,https://reports.ofsted.gov.uk/provider/41/70227
2772955,Pixel Takeaway Limited,Independent learning provider,"1 Canada Sq 37th Floor, Canary Wharf, London, E14 5AA",,,https://reports.ofsted.gov.uk/provider/33/2772955
59235,Pizza Hut,Training provider,"Unit 1, Imperial Place, Maxwell Road, Borehamwood, Hertfordshire, WD6 1JN",Outstanding,31 March 2022,https://reports.ofsted.gov.uk/provider/30/59235
2495299,Plato Training (UK) Ltd,Independent learning provider,"Unit 3, Wilkinson Court, Wrexham Industrial Estate, Wrexham, LL13 9AE",Outstanding,31 March 2022,https://reports.ofsted.gov.uk/provider/33/2495299
2772956,Playback Studio Ltd,Independent learning provider,"39 Brookmill Road, Deptford, Lewisham, London, SE8 4HU",Outstanding,31 March 2022,https://reports.ofsted.gov.uk/provider/33/2772956
2626824,PLT Training Ltd,Independent learning provider,"Unit 30, Fallings Park Industrial Estate, Park Lane, Wolverhampton, WV10 9QB",Outstanding,31 March 2022,https://reports.ofsted.gov.uk/provider/33/2626824
,Plumpton College,,"Plumpton College, Ditchling Road, Plumpton, Lewes, East Sussex, BN7 3AE",,30 July 2003,https://reports.ofsted.gov.uk/provider/3/SC050962
130667,Plumpton College,Further education college,"Ditchling Road, Plumpton, Lewes, East Sussex, BN7 3AE",Outstanding,31 March 2022,https://reports.ofsted.gov.uk/provider/31/130667
2701040,Plums Limited,Independent learning provider,"Masterclass Academy Unit 8, First Floor, Dukes Walk, Waterlooville, Hampshire, PO7 7HS",Outstanding,31 March 2022,https://reports.ofsted.gov.uk/provider/33/2701040
2654201,Plymouth Argyle Football in the Community Trust,Independent learning provider,"Madden Road, Devonport, Plymouth, Devon, PL1 4NE",Outstanding,31 March 2022,https://reports.ofsted.gov.uk/provider/33/2654201
53927,Plymouth City Council,Training provider,"Floor 1, Hyde Park House, Mutley Plain, Plymouth, PL4 6LF",Outstanding,31 March 2022,https://reports.ofsted.gov.uk/provider/42/53927
70131,Plymouth Marjon University,Training provider,"Plymouth Marjon University, Derriford Road, Plymouth, Devon, PL6 8BH",,05 August 2006,https://reports.ofsted.gov.uk/provider/41/70131
2539293,Plymouth Training and Consultancy Ltd,Independent learning provider,"Office 09, Genesis, 235 Union Street, Plymouth, PL1 3HN",Outstanding,31 March 2022,https://reports.ofsted.gov.uk/provider/33/2539293
2578373,PMA Ltd,Independent learning provider,"1 London Road, Alderley Edge, Cheshire, SK9 7JU",Outstanding,31 March 2022,https://reports.ofsted.gov.uk/provider/33/2578373
70058,Poole SCITT,Training provider,"Poole SCITT, Ad Astra Infant School, Sherborn Crescent, Poole, Dorset, BH17 8AP",,05 August 2006,https://reports.ofsted.gov.uk/provider/41/70058
2556390,Popcorn Learning Media Limited,Independent learning provider,"Unit 1, Potbank Spode Works, Elenora Street, Stoke, ST4 1QE",Outstanding,31 March 2022,https://reports.ofsted.gov.uk/provider/33/2556390
1270753,Poplar Housing and Regeneration Community Association Limited,Independent learning provider,"The Hive, 167a East India Dock Road, LONDON, E14 0EA",Outstanding,31 March 2022,https://reports.ofsted.gov.uk/provider/33/1270753
2510866,Port Of Tilbury London Limited,Independent learning provider,"Leslie Ford House, Tilbury, RM18 7EH",Outstanding,31 March 2022,https://reports.ofsted.gov.uk/provider/33/2510866
131959,Portland College,,"Nottingham Road, Mansfield, Nottinghamshire, NG18 4TJ",Outstanding,31 March 2022,https://reports.ofsted.gov.uk/provider/39/131959
2527752,Portslade Aldridge Community Academy,Independent learning provider,"Chalky Road, Portslade, BN41 2WS",,,https://reports.ofsted.gov.uk/provider/33/2527752
53941,Portsmouth City Council,Training provider,"The Learning Place, 6 Derby Road, North End, Portsmouth, PO2 8HH",Outstanding,31 March 2022,https://reports.ofsted.gov.uk/provider/42/53941
70061,Portsmouth Primary SCITT,Training provider,"Portsmouth Primary SCITT, c/o Stamshaw Junior School, Portsmouth, Hampshire, PO2 8QH",,05 August 2006,https://reports.ofsted.gov.uk/provider/41/70061
2814692,Portull Training Services Ltd,Independent learning provider,"Unit 1 Trackside Business Park, 261 Hawthorn Avenue, Hull, HU3 5EN",,,https://reports.ofsted.gov.uk/provider/33/2814692
53945,Positive Approach Limited,Independent learning provider,"1d Church Lane, Maltby, Rotherham, S66 8JB",Outstanding,31 March 2022,https://reports.ofsted.gov.uk/provider/33/53945
2654194,Potential Realised - HR and Training Limited,Independent learning provider,"Best Western, Lancashire Manor, Prescott Road East, Pimbo Lane, Skelmersdale, Lancaster, WN8 9QD",Outstanding,31 March 2022,https://reports.ofsted.gov.uk/provider/33/2654194
53951,Poultec Training Limited,Independent learning provider,"South Green Park Enterprise Centre, Mattishall, Dereham, NR20 3JY",Outstanding,31 March 2022,https://reports.ofsted.gov.uk/provider/33/53951
50230,Pre-School Learning Alliance,Independent learning provider,"50 Featherstone Street, London, EC1Y 8RT",Outstanding,31 March 2022,https://reports.ofsted.gov.uk/provider/33/50230
2804870,Premier Fleet Solutions Ltd,Independent learning provider,"Fairfield Business Park, Green Road, Penistone, Sheffield, S36 6FQ",Outstanding,31 March 2022,https://reports.ofsted.gov.uk/provider/33/2804870
70352,Prestolee SCITT,Training provider,"Church Road, Stoneclough, Radcliffe, Manchester, Greater Manchester, M26 1HJ",,29 December 2017,https://reports.ofsted.gov.uk/provider/41/70352
130740,Preston College,Further education college,"Fulwood Campus, St Vincent's Road, Fulwood, Preston, Lancashire, PR2 8UR",Outstanding,31 March 2022,https://reports.ofsted.gov.uk/provider/31/130740
58513,Prevista Ltd,Independent learning provider,"Bus Works - United House, North Road, Islington, London, N7 9DP",Outstanding,31 March 2022,https://reports.ofsted.gov.uk/provider/33/58513
144782,Priestley College,,"Loushers Lane, Warrington, Cheshire, WA4 6RD",Outstanding,31 March 2022,https://reports.ofsted.gov.uk/provider/46/144782
70089,Primary Catholic Partnership SCITT,Training provider,"Holy Family Catholic Primary School, Mansel Rd West, Southampton, Hampshire, SO16 9LP",,05 August 2006,https://reports.ofsted.gov.uk/provider/41/70089
2510883,Primary Goal Ltd,Independent learning provider,"Chester Court, High Street, Knowle, Solihull, West Midlands, B93 0LL",Outstanding,31 March 2022,https://reports.ofsted.gov.uk/provider/33/2510883
2654162,Prime Life Limited,Training provider,"Caernarvon House, 121 Knighton Church Road, Leicester, LE2 3JN",Outstanding,31 March 2022,https://reports.ofsted.gov.uk/provider/30/2654162
2748200,Primed Talent Limited,Independent learning provider,"Monomark House, 27 Old Gloucester Street, London, WC1N 3AX",Outstanding,31 March 2022,https://reports.ofsted.gov.uk/provider/33/2748200
145227,Prior Pursglove and Stockton Sixth Form College,,"Church Walk, Guisborough, TS14 6BU",Outstanding,31 March 2022,https://reports.ofsted.gov.uk/provider/46/145227
54525,Priority Management Limited,Independent learning provider,"Riverside Learning and Education Centre, Hyslop Street, Liverpool, L8 5UA",Outstanding,31 March 2022,https://reports.ofsted.gov.uk/provider/33/54525
2654163,Pro-Active Safety Limited,Independent learning provider,"Unit 22, Park View Road West, Hartlepool, TS25 1PE",Outstanding,31 March 2022,https://reports.ofsted.gov.uk/provider/33/2654163
2814700,Pro-Development,Independent learning provider,"Unit 4, Forest Farm Business Park, York, YO19 4RH",Outstanding,31 March 2022,https://reports.ofsted.gov.uk/provider/33/2814700
2730913,Probusiness Edge Limited,Independent learning provider,"Adlam Actvitiy Centre, Adlam Road, Fazakerely, L10 1LG",Outstanding,31 March 2022,https://reports.ofsted.gov.uk/provider/33/2730913
2625247,Professional Apprenticeships Ltd,Independent learning provider,"Filwood Green Business Park, 1 Filwood Park Lane, Bristol, BS4 1ET",Outstanding,31 March 2022,https://reports.ofsted.gov.uk/provider/33/2625247
2625249,Professional Development and Training Ltd,Independent learning provider,"14 Enterprise Way, Enterprise Business Park, Peterborough, PE7 3WY",Outstanding,31 March 2022,https://reports.ofsted.gov.uk/provider/33/2625249
1280345,Professional Quality Management Services Limited,Independent learning provider,"UNIT 1-2, ASTLEY LANE, BEDWORTH, WARWICKSHIRE, CV12 0NE",Outstanding,31 March 2022,https://reports.ofsted.gov.uk/provider/33/1280345
2868434,Professional Skills Academy,Independent learning provider,"35 St Lawrence Quay, Salford Quays, Salford, M50 3XT",,,https://reports.ofsted.gov.uk/provider/33/2868434
58562,Professional Training Solutions Limited,Independent learning provider,"Stoke Hills Farnham, Surrey, Surrey, GU9 7TD",Outstanding,31 March 2022,https://reports.ofsted.gov.uk/provider/33/58562
1248012,Profile Development And Training Limited,Independent learning provider,"10 Innovation Centre, Millennium Way, Broadstairs, CT10 2QQ",Outstanding,31 March 2022,https://reports.ofsted.gov.uk/provider/33/1248012
58464,Profound Services Limited,Independent learning provider,"Dunelm Rise, Durham Gate, Spennymoor, Durham, DL16 6FS",Outstanding,31 March 2022,https://reports.ofsted.gov.uk/provider/33/58464
2626841,Projecting Success Ltd,Independent learning provider,"Wood Spring, Winterslow, Salisbury, SP5 1RH",Outstanding,31 March 2022,https://reports.ofsted.gov.uk/provider/33/2626841
53998,Prospect Training Services (Gloucester) Limited,Independent learning provider,"15-16 Mill Place, Price Street, Gloucester, GL1 5SQ",Outstanding,31 March 2022,https://reports.ofsted.gov.uk/provider/33/53998
54006,Prostart Training,Independent learning provider,"Trent Valley Business Centre, 28 High Street, Long Eaton, Nottingham, NG10 1LL",Outstanding,31 March 2022,https://reports.ofsted.gov.uk/provider/33/54006
2626873,Provek Limited,Independent learning provider,"12 Thatcham Business Village, Colthrop Way, THATCHAM, RG19 4LW",Outstanding,31 March 2022,https://reports.ofsted.gov.uk/provider/33/2626873
59179,ProVQ Limited,Independent learning provider,"Unit 37, Atcham Business Park, Atcham, Shrewsbury, SY4 4UG",Outstanding,31 March 2022,https://reports.ofsted.gov.uk/provider/33/59179
2730914,Public Relations Communications Association Limited,Independent learning provider,"7 Stratford Place, London, W1C 1AY",Outstanding,31 March 2022,https://reports.ofsted.gov.uk/provider/33/2730914
149237,Pure Innovations Trading As Pure College,,"1 Exchange Street, Stockport, SK3 0GA",Outstanding,31 March 2022,https://reports.ofsted.gov.uk/provider/39/149237
2654188,Purple Beard Ltd,Independent learning provider,"6-7 TV House, 269 Field End Road, Pinner, HA4 9LS",Outstanding,31 March 2022,https://reports.ofsted.gov.uk/provider/33/2654188
151433,Purple Ruler,,"Unit 9 Second Floor Honeycomb Building, Edmund Street, Liverpool, L3 9NG",,07 August 2025,https://reports.ofsted.gov.uk/provider/100003/151433
147463,Q+ Queensmill College,,"50 Ellerslie Road, 1st Floor, Shepherd's Bush, London, W12 7BW",Outstanding,31 March 2022,https://reports.ofsted.gov.uk/provider/39/147463
54022,QA Limited,Independent learning provider,"International House, St Katherine's Way, Tower Bridge Road, London, E1W 1UN",Outstanding,31 March 2022,https://reports.ofsted.gov.uk/provider/33/54022
58397,QDOS Training Limited,Independent learning provider,"Byron House, Commercial Street, Mansfield, NG18 1EE",Outstanding,31 March 2022,https://reports.ofsted.gov.uk/provider/33/58397
2526599,Qommunicate Ltd,Independent learning provider,"Unit 6250, Bishops Court Solihull Parkway, Birmingham Business Park, Birmingham, B37 7YB",Outstanding,31 March 2022,https://reports.ofsted.gov.uk/provider/33/2526599
1248015,Qts-Global Ltd,Independent learning provider,"The Stone Barn, Church Street, West Tanfield, Ripon, North Yorkshire, HG4 5JQ",Outstanding,31 March 2022,https://reports.ofsted.gov.uk/provider/33/1248015
2654232,Qualia Aesthetics Limited,Independent learning provider,"Unit F6, The Media Centre, Northumberland Street, Huddersfield, HD1 1RL",Outstanding,31 March 2022,https://reports.ofsted.gov.uk/provider/33/2654232
1276415,Qualitrain Limited,Independent learning provider,"32-46 King Street, Alfreton, DE55 7DQ",Outstanding,31 March 2022,https://reports.ofsted.gov.uk/provider/33/1276415
2701041,Quality of Care Limited,Independent learning provider,"Perton Manor, Wrottesley Park Road, Perton, Wolverhampton, WV8 2HE",Outstanding,31 March 2022,https://reports.ofsted.gov.uk/provider/33/2701041
2804837,Quality Transport Training Ltd,Independent learning provider,"Offices 1 and 6, Lichfield Business Village, Staffordshire University Lichfield Centre, The Friary, LICHFIELD, Staffordshire, WS13 6QG",Outstanding,31 March 2022,https://reports.ofsted.gov.uk/provider/33/2804837
131963,Queen Alexandra College,,"49 Court Oak Road, Harborne, Birmingham, West Midlands, B17 9TG",Outstanding,31 March 2022,https://reports.ofsted.gov.uk/provider/39/131963
150514,Queen Elizabeth Sixth Form College,,"Vane Terrace, Darlington, County Durham, DL3 7AU",Outstanding,31 March 2022,https://reports.ofsted.gov.uk/provider/46/150514
133813,Queen Mary University of London,Apprenticeship provider,"Mile End Road, London, E1 4NS",Outstanding,31 March 2022,https://reports.ofsted.gov.uk/provider/43/133813
145175,Queen Mary's College,,"Cliddesden Road, Basingstoke, Hampshire, RG21 3HF",Outstanding,31 March 2022,https://reports.ofsted.gov.uk/provider/46/145175
1270885,Quest Training South East Ltd,Independent learning provider,"1 Studios Rabbits Farm, Rabbits Road, South Darenth, Dartford, Kent, DA4 9JZ",Outstanding,31 March 2022,https://reports.ofsted.gov.uk/provider/33/1270885
2804835,R S Fleet Installations Ltd,Training provider,"1-3 Roman Way, Coleshill, Birmingham, B46 1HG",Outstanding,31 March 2022,https://reports.ofsted.gov.uk/provider/30/2804835
2691315,R.E.A.L. Education Limited,Independent learning provider,"Kings Mill House, Unit 1, Kings Mill Way, Mansfield, NG18 5ER",Outstanding,31 March 2022,https://reports.ofsted.gov.uk/provider/33/2691315
2804871,Railsafe Group Limited,Independent learning provider,"Thames Hub, Princess Margaret Road, East Tilbury, Tilbury, Essex, RM18 8RH",Outstanding,31 March 2022,https://reports.ofsted.gov.uk/provider/33/2804871
2691907,Rainhill High School,Independent learning provider,"Warrington Road, Rainhill, Prescot, L35 6NY",,,https://reports.ofsted.gov.uk/provider/33/2691907
2539233,Raise The Bar Limited,Independent learning provider,"Unit 13 Tiger Court, Kings Business Park, Kings Drive, Prescot, Merseyside, L34 1PJ",Outstanding,31 March 2022,https://reports.ofsted.gov.uk/provider/33/2539233
1280303,Rapid Improvement Limited,Independent learning provider,"32-34 Upper Green East, Mitcham, Surrey, CR4 2PB",Outstanding,31 March 2022,https://reports.ofsted.gov.uk/provider/33/1280303
2691316,Rapid Response Medical Services Ltd,Independent learning provider,"Unit 1a, The Graduation Centre, Progress Drive, Cannock, WS11 0JF",,,https://reports.ofsted.gov.uk/provider/33/2691316
2832203,Rase Veterinary Nursing College Ltd,Independent learning provider,"7 Market Place, Market Rasen, LN8 3HJ",Outstanding,31 March 2022,https://reports.ofsted.gov.uk/provider/33/2832203
133797,Ravensbourne,Apprenticeship provider,"6 Penrose Way, London, SE10 0EW",Outstanding,31 March 2022,https://reports.ofsted.gov.uk/provider/43/133797
58936,Raytheon Professional Services,Independent learning provider,"Rands Lane Industrial Estate, Armthorpe, Doncaster, DN3 3DY",Outstanding,31 March 2022,https://reports.ofsted.gov.uk/provider/33/58936
2804844,RE:GEN Academy Ltd,Independent learning provider,"Pottery Road, Sunderland, SR5 2BP",Outstanding,31 March 2022,https://reports.ofsted.gov.uk/provider/33/2804844
1270912,Real Skills Training Ltd,Independent learning provider,"Floor 1, Empire Court, 30 Museum Street, Warrington, WA1 1HU",Outstanding,31 March 2022,https://reports.ofsted.gov.uk/provider/33/1270912
59094,Realise Learning and Employment Limited,Independent learning provider,"12 Europa View, Sheffield Business Park, Sheffield, S9 1XH",Outstanding,31 March 2022,https://reports.ofsted.gov.uk/provider/33/59094
130623,Reaseheath College,Further education college,"Reaseheath, NANTWICH, Cheshire, CW5 6DF",Outstanding,31 March 2022,https://reports.ofsted.gov.uk/provider/31/130623
,Reaseheath FE College,,"Reaseheath, NANTWICH, Cheshire, CW5 6DF",,13 January 2003,https://reports.ofsted.gov.uk/provider/3/SC041920
2625250,Rebus Training Ltd,Independent learning provider,"Unit 4, Westlake Trading Estate, Canal Lane, Stoke-On-Trent, ST6 4PA",Outstanding,31 March 2022,https://reports.ofsted.gov.uk/provider/33/2625250
1222545,Red Kite Teacher Training,Training provider,"Red Kite Office, Pannal Ash Road, Harrogate, North Yorkshire, HG2 9PH",,08 February 2019,https://reports.ofsted.gov.uk/provider/41/1222545
53141,Redbridge Institute of Adult Education,Training provider,"Redbridge Institute, Gaysham Avenue, Ilford, Essex, IG2 6TD",Outstanding,31 March 2022,https://reports.ofsted.gov.uk/provider/42/53141
54087,Redcar and Cleveland Borough Council,Training provider,"Redcar and Cleveland College, Corporation Road, Redcar, TS10 1EZ",Outstanding,31 March 2022,https://reports.ofsted.gov.uk/provider/42/54087
2539254,Redsky Learning Limited,Independent learning provider,"8 Saw Mill Yard, Holbeck, Leeds, LS11 5WH",Outstanding,31 March 2022,https://reports.ofsted.gov.uk/provider/33/2539254
2761333,Redstone Training Ltd,Independent learning provider,"215 Crosby Road South, Seaforth, Liverpool, Merseyside, L21 4LT",Outstanding,31 March 2022,https://reports.ofsted.gov.uk/provider/33/2761333
1280299,Reed Business School Limited,Independent learning provider,"The Manor, Little Compton, Nr Moreton in Marsh, Gloucestershire, GL56 0RZ",Outstanding,31 March 2022,https://reports.ofsted.gov.uk/provider/33/1280299
2635821,Reed In Partnership,Independent learning provider,"31 Amelia Street, London, SE17 3PY",Outstanding,31 March 2022,https://reports.ofsted.gov.uk/provider/33/2635821
2701037,Reed Learning Limited,Independent learning provider,"California House, 120 Coombe Lane, London, SW20 0BA",Outstanding,31 March 2022,https://reports.ofsted.gov.uk/provider/33/2701037
2814706,Reform Radio,Training provider,"Bonded Warehouse, 18 Lower Byrom Street, Manchester, Greater Manchester, M3 4AP",Outstanding,31 March 2022,https://reports.ofsted.gov.uk/provider/30/2814706
131968,Regent College,,"77 Shelton New Road, 77 Shelton New Road, Stoke-on-Trent, ST4 7AA",Outstanding,31 March 2022,https://reports.ofsted.gov.uk/provider/39/131968
145005,Reigate College,,"Castlefield Road, Reigate, Surrey, RH2 0SD",Outstanding,31 March 2022,https://reports.ofsted.gov.uk/provider/46/145005
59126,Release Potential Ltd,Independent learning provider,"The Bridges, Lead Road, Stocksfield, NE43 7SF",Outstanding,31 March 2022,https://reports.ofsted.gov.uk/provider/33/59126
2804872,Reliance Precision Limited,Independent learning provider,"Rowley Mills, Penistone Road, Fenay Bridge, Huddersfield, HD8 0LE",Outstanding,31 March 2022,https://reports.ofsted.gov.uk/provider/33/2804872
2643273,RELX (UK) Limited,Independent learning provider,"Lexis House, 30 Farringdon Street, London, EC4A 4HH",Outstanding,31 March 2022,https://reports.ofsted.gov.uk/provider/33/2643273
2814710,RelyOn Nutec UK Limited,Independent learning provider,"RelyOn NuTec, Haverton Hill Industrial Estate, Billingham, TS23 1PZ",Outstanding,31 March 2022,https://reports.ofsted.gov.uk/provider/33/2814710
58614,Remit Group Limited,Independent learning provider,"4 Orchard Place, Nottingham Business Park, Nottingham, NG8 6PX",Outstanding,31 March 2022,https://reports.ofsted.gov.uk/provider/33/58614
1276508,Rentokil Initial (1896) Limited,Training provider,"Compass House, Manor Royal, Crawley, RH10 9PY",Outstanding,31 March 2022,https://reports.ofsted.gov.uk/provider/30/1276508
2791023,Resource Productions,Independent learning provider,"Resource Productions Office, 27 Church Street, Slough, Berkshire, SL1 1PL",Outstanding,31 March 2022,https://reports.ofsted.gov.uk/provider/33/2791023
58800,Resources (NE) Limited,Independent learning provider,"4th Floor, Suite 2, CAI Building, Cobalt House, North Shields, Tyne and Wear, NE29 6DE",Outstanding,31 March 2022,https://reports.ofsted.gov.uk/provider/33/58800
1237103,Results Consortium Limited,Independent learning provider,"London East-UK Business Park, Yew Tree Avenue, Dagenham, RM10 7XJ",Outstanding,31 March 2022,https://reports.ofsted.gov.uk/provider/33/1237103
2691328,Resume Foundation,Independent learning provider,"9 De Montfort Street, Leicester, LE1 7GE",Outstanding,31 March 2022,https://reports.ofsted.gov.uk/provider/33/2691328
54113,Rewards Training Recruitment Consultancy Limited,Independent learning provider,"The Pinnacle, Station Way, Crawley, RH10 1JH",Outstanding,31 March 2022,https://reports.ofsted.gov.uk/provider/33/54113
2741642,Reynolds Training Services Limited,Independent learning provider,"The Technical Training Centre, Kiln Lane, Redwood Park Estate, Stallingborough, North East Lincolnshire, DN41 8TH",Outstanding,31 March 2022,https://reports.ofsted.gov.uk/provider/33/2741642
2526595,RHG Consult Ltd,Independent learning provider,"Harborough Innovation Centre, Airfield Business Park, MARKET HARBOROUGH, LE16 7WB",Outstanding,31 March 2022,https://reports.ofsted.gov.uk/provider/33/2526595
2735045,Richard Huish College,,"South Road, Taunton, Somerset, TA1 3EA",,30 September 2022,https://reports.ofsted.gov.uk/provider/3/2735045
148791,Richard Huish College,Apprenticeship provider,"South Road, Taunton, Somerset, TA1 3DZ",Outstanding,31 March 2022,https://reports.ofsted.gov.uk/provider/46/148791
145228,Richard Taunton Sixth Form College,,"Hill Lane, Southampton, SO15 5RL",Outstanding,31 March 2022,https://reports.ofsted.gov.uk/provider/46/145228
133053,Richmond and Hillcroft Adult and Community College (Rhacc),Training provider,"Parkshot, Richmond, TW9 2RE",Outstanding,31 March 2022,https://reports.ofsted.gov.uk/provider/42/133053
2814689,Richmond Bright,Independent learning provider,"Unit 9 Mersey Reach Park, Galgate Drive, Bootle, L30 6AD",Outstanding,31 March 2022,https://reports.ofsted.gov.uk/provider/33/2814689
2578377,Richmond Training Academy Limited,Independent learning provider,"Suite 4, The Technology Centre, Inward Way, Ellesmere Port, CH65 3EN",Outstanding,31 March 2022,https://reports.ofsted.gov.uk/provider/33/2578377
2791024,Rinova Limited,Independent learning provider,"SQB - sierra quebec bravo, 77 Marsh Wall, London, E14 9SH",Outstanding,31 March 2022,https://reports.ofsted.gov.uk/provider/33/2791024
70307,Ripley ITT,Training provider,"Ripley St Thomas, Ashton Road, Lancaster, Lancashire, LA1 4RS",,13 November 2017,https://reports.ofsted.gov.uk/provider/41/70307
1280356,Risual Limited,Independent learning provider,"Staffordshire Technology Park, STAFFORD, ST18 0WP",Outstanding,31 March 2022,https://reports.ofsted.gov.uk/provider/33/1280356
130622,Riverside College Halton,Further education college,"Kingsway, Widnes, Cheshire, WA8 7QQ",Outstanding,31 March 2022,https://reports.ofsted.gov.uk/provider/31/130622
2625227,Riverside Group,Independent learning provider,"220, Arlington Road, London, NW1 7HE",Outstanding,31 March 2022,https://reports.ofsted.gov.uk/provider/33/2625227
2495148,Riverside Training (Spalding) Ltd,Independent learning provider,"Units 4 & 7, Broadgate House, 18 Westlode St, SPALDING, Lincolnshire, PE11 2AF",Outstanding,31 March 2022,https://reports.ofsted.gov.uk/provider/33/2495148
54137,Riverside Training Limited,Independent learning provider,"4-6 St Martins Street, Hereford, HR2 7RE",Outstanding,31 March 2022,https://reports.ofsted.gov.uk/provider/33/54137
150235,Riverside Virtual College,,"First House, 1 Sutton Rd, Birmingham, B31 1PE",,01 August 2024,https://reports.ofsted.gov.uk/provider/100003/150235
2494982,RM Training (UK) Limited,Independent learning provider,"7 Weston Chambers, Weston Road, Southend-On-Sea, SS1 1AT",Outstanding,31 March 2022,https://reports.ofsted.gov.uk/provider/33/2494982
2654143,RMF,Independent learning provider,"Unit 2, Oughton Road, Birmingham, B12 0DF",Outstanding,31 March 2022,https://reports.ofsted.gov.uk/provider/33/2654143
130527,RNN Group,Further education college,"Town Centre Campus, Eastwood Lane, Rotherham, South Yorkshire, S65 1EG",Outstanding,31 March 2022,https://reports.ofsted.gov.uk/provider/31/130527
2701042,Road Haulage Association Limited,Independent learning provider,"2nd Floor, Worldwide House, Thorpe Wood, Peterborough, PE3 6SB",Outstanding,31 March 2022,https://reports.ofsted.gov.uk/provider/33/2701042
2761334,Road to Logistics,Independent learning provider,"6a, Market Place, Shifnal, TF11 9AZ",,,https://reports.ofsted.gov.uk/provider/33/2761334
59202,Robert Bosch Limited,Independent learning provider,"7-8 Glaisdale Business Centre, Glaisdale Parkway, Bilbrough, Nottingham, Nottinghamshire, NG8 4GP",Outstanding,31 March 2022,https://reports.ofsted.gov.uk/provider/33/59202
145154,ROC College (part of United Response),,"The Boatshed, Unit C, Steamer Quay Road, Totnes, Devon, TQ9 5AL",Outstanding,31 March 2022,https://reports.ofsted.gov.uk/provider/39/145154
144463,Rochdale Sixth Form College,,"College Road, Rochdale, Lancashire, OL12 6HY",Outstanding,31 March 2022,https://reports.ofsted.gov.uk/provider/46/144463
54155,Rochdale Training Association Limited,Independent learning provider,"Fishwick Street, ROCHDALE, OL16 5NA",Outstanding,31 March 2022,https://reports.ofsted.gov.uk/provider/33/54155
54158,Rocket Training Limited,Independent learning provider,"302-304 Kensington, Liverpool, L7 2RN",Outstanding,31 March 2022,https://reports.ofsted.gov.uk/provider/33/54158
133884,Roehampton University,Apprenticeship provider,"Roehampton Lane, London, SW15 5PJ",Outstanding,31 March 2022,https://reports.ofsted.gov.uk/provider/43/133884
58383,Romney Resource 2000 Ltd,,"Unit 4, Mountfield Road, New Romney, Kent, TN28 8LH",Outstanding,31 March 2022,https://reports.ofsted.gov.uk/provider/39/58383
54175,Roots and Shoots,Independent learning provider,"The Vauxhall Centre, Walnut Tree Walk, London, SE11 6DN",Outstanding,31 March 2022,https://reports.ofsted.gov.uk/provider/33/54175
2748189,Roq Limited,Independent learning provider,"Chorley Business & Technology Centre, Euxton Lane, East Terrace, Chorley, PR7 6TE",,,https://reports.ofsted.gov.uk/provider/33/2748189
1280312,Rosewood Management Services Limited,Independent learning provider,"Unit 4, The Pavilions, Avroe Crescent, Blackpool, Lancashire, FY4 2DP",Outstanding,31 March 2022,https://reports.ofsted.gov.uk/provider/33/1280312
147317,ROTHERHAM OPPORTUNITIES COLLEGE,,"My Place, Rotherham, St Ann's Road, Rotherham, South Yorkshire, S65 1PH",Outstanding,31 March 2022,https://reports.ofsted.gov.uk/provider/39/147317
146046,Routes4Life Limited,,"The Walk, Hornchurch, Essex, RM11 3TL",Outstanding,31 March 2022,https://reports.ofsted.gov.uk/provider/39/146046
133819,Royal Agricultural University,,"[Postcode GL7 6JS], Cirencester, Gloucestershire, GL7 6JS",,,https://reports.ofsted.gov.uk/provider/43/133819
53117,Royal Borough of Greenwich,Training provider,"The Woolwich Centre, 35 Wellington Street, LONDON, SE18 6HQ",Outstanding,31 March 2022,https://reports.ofsted.gov.uk/provider/42/53117
54194,Royal Borough of Kensington and Chelsea Council,Training provider,"Adult & Community Learning, Town Hall, Hornton Street, London, W8 7NX",Outstanding,31 March 2022,https://reports.ofsted.gov.uk/provider/42/54194
54196,Royal Borough of Kingston upon Thames Council,Training provider,"The King Charles Centre, Hollyfield Road, KT5 9AL",Outstanding,31 March 2022,https://reports.ofsted.gov.uk/provider/42/54196
70246,Royal Borough of Windsor & Maidenhead SCITT,Training provider,"Town Hall, St Ives Road, MAIDENHEAD, Berkshire, SL6 1RF",,06 October 2009,https://reports.ofsted.gov.uk/provider/41/70246
139218,Royal College Manchester (Seashell Trust),,"Stanley Road, Cheadle Hulme, Cheadle, Cheshire, SK8 6RQ",Outstanding,31 March 2022,https://reports.ofsted.gov.uk/provider/39/139218
2691317,Royal Devon University Healthcare NHS Foundation Trust,Independent learning provider,"RILD Building Wonford Site, Barrack Road, Exeter, Devon, EX2 5DW",Outstanding,31 March 2022,https://reports.ofsted.gov.uk/provider/33/2691317
2626882,Royal Free London NHS Foundation Trust,Independent learning provider,"1st Floor, Roy Shaw Centre, 3-5 Cressy Road, Greater London, NW3 2ND",Outstanding,31 March 2022,https://reports.ofsted.gov.uk/provider/33/2626882
133896,Royal Holloway and Bedford New College,,"Egham Hill, Egham, Surrey, TW20 0EX",Outstanding,31 March 2022,https://reports.ofsted.gov.uk/provider/43/133896
144786,Royal Mencap Society,Training provider,"20-22 Commercial Street, Spitalfields, London, E1 6LP",Outstanding,31 March 2022,https://reports.ofsted.gov.uk/provider/39/144786
133108,Royal National College for the Blind,,"Venns Lane, Hereford, Herefordshire, HR1 1DT",Outstanding,31 March 2022,https://reports.ofsted.gov.uk/provider/39/133108
,Royal National College for the Blind,,"Royal National College for the Blind, Venns Lane, HEREFORD, HR1 1DT",,24 July 2003,https://reports.ofsted.gov.uk/provider/3/SC050563
1278656,RPC Containers Limited,Training provider,"Suite 2 Sapphire House, Crown Way, Rushden, Northamptonshire, NN10 6FB",Outstanding,31 March 2022,https://reports.ofsted.gov.uk/provider/30/1278656
2848488,Rubitek Solutions Limited,Independent learning provider,"Vanilla Business Suites, 42 Coventry Road, Market Harborough, Leicestershire, LE16 9BZ",,,https://reports.ofsted.gov.uk/provider/33/2848488
130741,Runshaw College,Further education college,"Langdale Road, Leyland, Lancashire, PR25 3DQ",Outstanding,31 March 2022,https://reports.ofsted.gov.uk/provider/31/130741
1276533,Runway Apprenticeships Limited,Independent learning provider,"190 High Street, Tonbridge, TN9 1BE",Outstanding,31 March 2022,https://reports.ofsted.gov.uk/provider/33/1276533
130794,Ruskin College,Further education college,"Dunstan Road, Old Headington, Oxford, Oxfordshire, OX3 9BZ",Outstanding,31 March 2022,https://reports.ofsted.gov.uk/provider/31/130794
133036,Ruskin Mill College,,"The Fisheries, Stroud, Horsley, Gloucestershire, GL6 0PL",Outstanding,31 March 2022,https://reports.ofsted.gov.uk/provider/39/133036
54229,Rutland County Council,Training provider,"Catmose House, Catmose Street, Oakham, Rutland, LE15 6HP",Outstanding,31 March 2022,https://reports.ofsted.gov.uk/provider/42/54229
54235,S & B Automotive Academy Limited,Independent learning provider,"Unit A, Princess Street, Bedminster, Bristol, BS3 4AG",Outstanding,31 March 2022,https://reports.ofsted.gov.uk/provider/33/54235
1222539,Sacred Heart Newcastle SCITT,Training provider,"Sacred Heart High School, Fenham Hall Drive Fenham, Newcastle upon Tyne, England, NE4 9YH",,30 January 2019,https://reports.ofsted.gov.uk/provider/41/1222539
148194,Safe Opportunities,,"14 Mallard Court, Mallard Way, Mallard Way, Crewe, Cheshire, CW1 6ZQ",Outstanding,31 March 2022,https://reports.ofsted.gov.uk/provider/39/148194
54249,Salford and Trafford Engineering Group Training Association Limited,Independent learning provider,"4th Floor, Duckworth House, Lancastrian Office Centre, Talbot Road, Manchester, M32 0FP",Outstanding,31 March 2022,https://reports.ofsted.gov.uk/provider/33/54249
130509,Salford City College,Further education college,"Dronfield Road, Salford, M6 7FR",Outstanding,31 March 2022,https://reports.ofsted.gov.uk/provider/31/130509
140621,Salisbury Sixth Form College,,"66-78 Tollgate Road, Salisbury, Wiltshire, SP1 2JJ",Outstanding,31 March 2022,https://reports.ofsted.gov.uk/provider/46/140621
2868444,Salt Training Limited,Independent learning provider,"6 Laver Road, Herne Bay, CT6 5FW",,,https://reports.ofsted.gov.uk/provider/33/2868444
2625234,Salutem Limited,Independent learning provider,"Catherine St, Aston, Birmingham, B6 5RS",Outstanding,31 March 2022,https://reports.ofsted.gov.uk/provider/33/2625234
58821,SAMB Training (Scottish Association of Master Bakers),Independent learning provider,"Bakers House, Unit 2 Halbeath Interchange, Kingseat Road, Halbeath, Dunfermline, Fife, KY11 8RY",Outstanding,31 March 2022,https://reports.ofsted.gov.uk/provider/33/58821
54263,Sandwell and West Birmingham Hospitals National Health Service Trust,Independent learning provider,"Learning & Development Dept, First Floor Trinity House, Sandwell Hospital, Lyndon, West Bromwich, West Midlands, B71 4HJ",Outstanding,31 March 2022,https://reports.ofsted.gov.uk/provider/33/54263
130479,Sandwell College,Further education college,"1 Spon Lane, West Bromwich, West Midlands, B70 6AW",Outstanding,01/11/2018,https://reports.ofsted.gov.uk/provider/31/130479
54267,Sandwell Metropolitan Borough Council,Training provider,"Sandwell Adult Learning and Family Learning Service, Tipton College, Alexandra Road, Tipton, DY4 7NR",Outstanding,31 March 2022,https://reports.ofsted.gov.uk/provider/42/54267
2654121,Sapphire Logistics and Consultancy Ltd,Independent learning provider,"Office 3-3a, First Floor, Old School House, Church Road, Dudley, DY2 0LY",Outstanding,31 March 2022,https://reports.ofsted.gov.uk/provider/33/2654121
2654222,SB Skills Solutions Ltd,Independent learning provider,"4C, Selby Place, Skelmersdale, WN8 8EF",Outstanding,31 March 2022,https://reports.ofsted.gov.uk/provider/33/2654222
54277,SBC Training Limited,Independent learning provider,"19G Vanguard Way, Battlefield Enterprise Park, Shrewsbury, SY1 3TG",Outstanding,31 March 2022,https://reports.ofsted.gov.uk/provider/33/54277
2748178,Scale-Ability Ltd,Independent learning provider,"1-3-7 The Barracks, White Cross Business Park, South Road, Lancaster, LA1 4XQ",Outstanding,31 March 2022,https://reports.ofsted.gov.uk/provider/33/2748178
130593,Scarborough Sixth Form College,,"Sandybed Lane, Scarborough, North Yorkshire, YO12 5LF",Outstanding,31 March 2022,https://reports.ofsted.gov.uk/provider/40/130593
1270886,SCCU Ltd,Independent learning provider,"7 Orchard Court, Binley Business Park Harry Weston Road, Coventry, CV3 2TQ",Outstanding,31 March 2022,https://reports.ofsted.gov.uk/provider/33/1270886
2656431,School of Code,Independent learning provider,"C/O Browne Jacobson Llp (Cs) 15th Floor, 103 Colmore Row, Birmingham, West Midlands, B3 3AG",Outstanding,31 March 2022,https://reports.ofsted.gov.uk/provider/33/2656431
2674163,School of Marketing London Ltd,Independent learning provider,"Mappin House, 4 Winsley Street, London, W1W 8HF",Outstanding,31 March 2022,https://reports.ofsted.gov.uk/provider/33/2674163
70154,SCITT in East London Schools (SCITTELS),Training provider,"SCITTELS, Colegrave Primary School, Stratford, London, E15 1JY",,05 August 2006,https://reports.ofsted.gov.uk/provider/41/70154
1270906,SCL Education & Training Limited,Independent learning provider,"Unit 7, Lakeside Business Park Swan Lane, Sandhurst, GU47 9DN",Outstanding,31 March 2022,https://reports.ofsted.gov.uk/provider/33/1270906
2791040,Screen Yorkshire,Independent learning provider,"Studio 30, 46 The Calls, Leeds, West Yorkshire, LS2 7EY",Outstanding,31 March 2022,https://reports.ofsted.gov.uk/provider/33/2791040
2626881,Screwfix Direct Limited,Training provider,"Trade House, Houndstone Business Park, Mead Avenue, Yeovil, BA22 8RT",Outstanding,31 March 2022,https://reports.ofsted.gov.uk/provider/30/2626881
2701038,SE Trains Limited,Training provider,"HR Development Centre, Tonbridge Station, Barden Road, Tonbridge, Kent, TN9 1TT",Outstanding,31 March 2022,https://reports.ofsted.gov.uk/provider/30/2701038
2730915,Searegs Training Ltd,Independent learning provider,"Turnchapel Wharf, Barton Road, Plymouth, PL9 9RQ",Outstanding,31 March 2022,https://reports.ofsted.gov.uk/provider/33/2730915
1276515,Secom Plc,Training provider,"Birmingham Regional Office, National Training Development Centre, 6 Aston Cross Business Village, Birmingham, B6 5RQ",Outstanding,31 March 2022,https://reports.ofsted.gov.uk/provider/30/1276515
50193,Seetec Business Technology Centre Limited,Independent learning provider,"Head Office, 75-77, Main Road, Hockley, Essex, SS5 4RG",Outstanding,31 March 2022,https://reports.ofsted.gov.uk/provider/33/50193
54317,Sefton Metropolitan Borough Council,Training provider,"South Sefton Adult Education Centre, Cambridge Road, Seaforth, Liverpool, L21 1EZ",Outstanding,31 March 2022,https://reports.ofsted.gov.uk/provider/42/54317
2526607,Semester Learning and Development Limited,Independent learning provider,"2-3 Allerton Road, Rugby, Warwickshire, CV23 0PA",Outstanding,31 March 2022,https://reports.ofsted.gov.uk/provider/33/2526607
132011,Sense College,,"50 Forder Way, Cygnet Park, Hampton, Peterborough, PE7 8JB",Outstanding,31 March 2022,https://reports.ofsted.gov.uk/provider/39/132011
131990,Sense College Loughborough,,"Radmoor Road, Loughborough, Leicestershire, LE11 3BS",Outstanding,31 March 2022,https://reports.ofsted.gov.uk/provider/39/131990
2626857,Serco Holdings Limited,Training provider,"Serco House, 16 Bartley Wood Business Park, Bartley Way, Hook, Hampshire, RG27 9UY",Outstanding,31 March 2022,https://reports.ofsted.gov.uk/provider/30/2626857
54333,Serco Limited,Independent learning provider,"Serco Group Plc, Serco House, 16 Bartley Wood Business Park, Bartley Way, HOOK, Hampshire, RG27 9UY",Outstanding,31 March 2022,https://reports.ofsted.gov.uk/provider/33/54333
54510,SETA,Independent learning provider,"First Avenue, Millbrook, Southampton, SO15 0LJ",Outstanding,31 March 2022,https://reports.ofsted.gov.uk/provider/33/54510
2674172,Severn Trent PLC,Training provider,"2 St. Johns Street, Coventry, CV1 2LZ",Outstanding,31 March 2022,https://reports.ofsted.gov.uk/provider/30/2674172
2765327,Seymour House Ltd,Training provider,"140 Broomfield Road, Chelmsford, CM1 1RN",Outstanding,31 March 2022,https://reports.ofsted.gov.uk/provider/30/2765327
131924,Shaftesbury Nash College,,"Croydon Road, Hayes, Bromley, BR2 7AG",Outstanding,31 March 2022,https://reports.ofsted.gov.uk/provider/39/131924
2654195,She Compliancy Limited,Independent learning provider,"Site Office, Church Road, Romford, Essex, RM4 1LD",Outstanding,31 March 2022,https://reports.ofsted.gov.uk/provider/33/2654195
2626863,Shears Academy Limited,Independent learning provider,"2 Eros House Shops, Brownhill Road, Catford, London, SE6 2EF",Outstanding,31 March 2022,https://reports.ofsted.gov.uk/provider/33/2626863
54349,Sheffield City Council,Training provider,"Lifelong Learning and Skills (Children's Services Portfolio), Town Hall, Pinstone Street, Sheffield, S1 2HH",Outstanding,31 March 2022,https://reports.ofsted.gov.uk/provider/42/54349
70051,Sheffield Hallam University,Training provider,"Sheffield Hallam University, Howard Street, Sheffield, South Yorkshire, S1 1WB",,05 August 2006,https://reports.ofsted.gov.uk/provider/41/70051
133871,Sheffield Hallam University,Apprenticeship provider,"City Campus, Pond Street, Sheffield, South Yorkshire, S1 1WB",Outstanding,31 March 2022,https://reports.ofsted.gov.uk/provider/43/133871
139249,Sheiling College,,"Horton Road, Ashley, Ringwood, Hants, Hampshire, BH24 2EB",Outstanding,31 March 2022,https://reports.ofsted.gov.uk/provider/39/139249
2691318,Sheldrake Training Limited,Independent learning provider,"Royal Artillery Barracks, The Packway, Larkhill, Wiltshire, SP4 8QT",Outstanding,31 March 2022,https://reports.ofsted.gov.uk/provider/33/2691318
130534,Shipley College,Further education college,"Exhibition Road, Victoria Road, Leeds, West Yorkshire, BD18 3JW",Outstanding,31 March 2022,https://reports.ofsted.gov.uk/provider/31/130534
138966,Shooters Hill Sixth Form College,,"Red Lion Lane, Shooters Hill, London, SE18 4LD",Outstanding,31 March 2022,https://reports.ofsted.gov.uk/provider/46/138966
55015,Shoots Training Limited,Independent learning provider,"3 Wollaston Road, Bournemouth, BH6 4AR",Outstanding,31 March 2022,https://reports.ofsted.gov.uk/provider/33/55015
1276528,Showcase Training,Independent learning provider,"Unit 77 Merlin House, 4 Meteor Way, Lee-On-The-Solent, Hampshire, PO13 9FU",Outstanding,31 March 2022,https://reports.ofsted.gov.uk/provider/33/1276528
130800,Shrewsbury College,Apprenticeship provider,"Priory Road, Shrewsbury, Shropshire, SY1 1RX",Outstanding,31 March 2022,https://reports.ofsted.gov.uk/provider/40/130800
2654249,Siemens Energy Industrial Turbomachinery Limited,Training provider,"Waterside South, NULL, Waterside South, Lincoln, LN5 7FD",Outstanding,31 March 2022,https://reports.ofsted.gov.uk/provider/30/2654249
2654196,Siemens Mobility Limited,Independent learning provider,"NTAR Unit 5, Heathfield Way, Northampton, NN5 7QP",Outstanding,31 March 2022,https://reports.ofsted.gov.uk/provider/33/2654196
58736,Siemens Public Limited Company,Independent learning provider,"Sir William Siemens House, Princess Road, Manchester, M20 2UR",Outstanding,31 March 2022,https://reports.ofsted.gov.uk/provider/33/58736
54385,SIGTA Ltd,Independent learning provider,"26 Abinger Road, Portslade, Brighton, BN41 1RZ",Outstanding,31 March 2022,https://reports.ofsted.gov.uk/provider/33/54385
2791045,Silver Trowel,Independent learning provider,"Unit G6 Glorious Daedalus Park, Daedalus Drive, Lee-On-The-Solent, PO13 9FX",,,https://reports.ofsted.gov.uk/provider/33/2791045
1236917,Simian Risk Management Limited,Independent learning provider,"Wallis House Birchwood, Birchwood Park, Warrington, WA3 6FW",Outstanding,31 March 2022,https://reports.ofsted.gov.uk/provider/33/1236917
2556363,Simply Academy Ltd,Independent learning provider,"Thremhall Estates, Start Hill, BISHOP'S STORTFORD, CM22 7TD",Outstanding,31 March 2022,https://reports.ofsted.gov.uk/provider/33/2556363
2761357,Simply Learning Limited,Independent learning provider,"Quay Corner Training Centre, Quay Corner, Church Bank, Jarrow, Tyne & Wear, NE32 3HH",,,https://reports.ofsted.gov.uk/provider/33/2761357
130458,Sir George Monoux College,,"Chingford Road, Walthamstow, London, E17 5AA",Outstanding,31 March 2022,https://reports.ofsted.gov.uk/provider/40/130458
139896,Sir Isaac Newton Sixth Form Free School,,"The Old Fire Station, 30 Bethel Street, Norwich, Norfolk, NR2 1NR",Outstanding,31 March 2022,https://reports.ofsted.gov.uk/provider/46/139896
145748,Sir John Deane's Sixth Form College,,"Monarch Drive, Northwich, CW9 8AF",Outstanding,31 March 2022,https://reports.ofsted.gov.uk/provider/46/145748
2654142,Skern Lodge Limited,Independent learning provider,"Watertown, Appledore, Bideford, EX39 1NG",Outstanding,31 March 2022,https://reports.ofsted.gov.uk/provider/33/2654142
2748162,Skill Step Group Ltd,Independent learning provider,"Unit 18, West Moor Park, Yorkshire Way, Armthorpe, Doncaster, DN3 3GW",,,https://reports.ofsted.gov.uk/provider/33/2748162
1278682,Skillcert Limited,Independent learning provider,"Acacia House, Trentham Business Quarter, Bellringer Road, Stoke-On-Trent, ST4 8GB",Outstanding,31 March 2022,https://reports.ofsted.gov.uk/provider/33/1278682
54402,Skillnet Limited,Independent learning provider,"4 Woodshots Meadow, Watford, WD18 8YS",Outstanding,31 March 2022,https://reports.ofsted.gov.uk/provider/33/54402
145153,Skills Centre PLUS,,"30 Hebden Road, Scunthorpe, North Lincolnshire, DN15 8DT",,,https://reports.ofsted.gov.uk/provider/39/145153
2626851,Skills College UK Limited,Independent learning provider,"Suite 2 Phoenix House, Golborne Enterprise Park Golborne, Warrington, WA3 3DP",Outstanding,31 March 2022,https://reports.ofsted.gov.uk/provider/33/2626851
59147,Skills Edge Training Ltd,Independent learning provider,"The Union Building 4th Floor, 51-59 Rose Lane, Norwich, NR1 1BY",Outstanding,31 March 2022,https://reports.ofsted.gov.uk/provider/33/59147
2748202,Skills Fix Limited,Independent learning provider,"No2 Courtyard Suite, Clawthorpe Hall Business Centre, Burton In Kendal, LA6 1NU",Outstanding,31 March 2022,https://reports.ofsted.gov.uk/provider/33/2748202
146546,Skills for Independence and Employability Ltd,,"Cage Green Road, Tonbridge, Kent, TN10 4PT",Outstanding,31 March 2022,https://reports.ofsted.gov.uk/provider/39/146546
50192,Skills for Security Limited,Independent learning provider,"1st Floor, Barhale House, Bescot Crescent, Walsall, West Midlands, WS1 4NN",Outstanding,31 March 2022,https://reports.ofsted.gov.uk/provider/33/50192
2748201,Skills Max Academy Limited,Independent learning provider,"9-11 Rathbone Market, Barking Road, Canning Town, London, E16 1EH",Outstanding,31 March 2022,https://reports.ofsted.gov.uk/provider/33/2748201
1237128,Skills North East,Independent learning provider,"Skills House, Unit 6, Apex Business Village, Annitsford, Cramlington, NE23 7BF",Outstanding,31 March 2022,https://reports.ofsted.gov.uk/provider/33/1237128
2654144,Skills office Network Ltd,Independent learning provider,"7 & 8 Delta Bank, Metro Riverside Business Park, Gateshead, Tyne and Wear, NE11 9DJ",Outstanding,31 March 2022,https://reports.ofsted.gov.uk/provider/33/2654144
2868445,Skills Provider Ltd,Independent learning provider,"154 Beeches Road, Chelsmford, Chelsmford,154 Beeches Road, Chelsmford, Chelsmford, CM1 2RZ",,,https://reports.ofsted.gov.uk/provider/33/2868445
2654177,Skills Recruitment Limited,Independent learning provider,"Selby Mills, Selby Industrial Estate, Richard Street, Preston, PR4 2HU",Outstanding,31 March 2022,https://reports.ofsted.gov.uk/provider/33/2654177
54014,Skills to Group Limited,Independent learning provider,"Horizon Building, Western Wood Way, Plympton, Plymouth, Devon, PL7 5BG",Outstanding,31 March 2022,https://reports.ofsted.gov.uk/provider/33/54014
54414,Skills Training UK Limited,Independent learning provider,"3rd Floor, Hygeia Building, 66 College Road, Harrow, HA1 1BE",Outstanding,15 July 2005,https://reports.ofsted.gov.uk/provider/33/54414
1278685,Skills4Stem Ltd,Independent learning provider,"Skills4Stem Ltd, The Innovation Centre, Stannard Way Priory Business Park, Bedford, Bedfordshire, MK44 3RZ",Outstanding,31 March 2022,https://reports.ofsted.gov.uk/provider/33/1278685
2772951,Skillsoft UK Limited,Independent learning provider,"207-215, London Road, London Road, Camberley, GU15 3EY",,,https://reports.ofsted.gov.uk/provider/33/2772951
2554066,Skillwise Training Uk Ltd,Independent learning provider,"4 Beacon Court, Birmingham Road, Great Barr, BIRMINGHAM, B43 6NN",Outstanding,31 March 2022,https://reports.ofsted.gov.uk/provider/33/2554066
54429,Slough Borough Council,Training provider,"Observatory House, 25 Windsor Road, Slough, SL1 2EL",Outstanding,31 March 2022,https://reports.ofsted.gov.uk/provider/42/54429
50070,SLP Performance College Ltd,,"5 Chapel Lane, Garforth, Leeds, LS25 1AG",Outstanding,31 March 2022,https://reports.ofsted.gov.uk/provider/38/50070
2765328,Smart Dental Academy Limited,Independent learning provider,"21 Richmond Terrace, Blackburn, Lancashire, BB1 7BL",Outstanding,31 March 2022,https://reports.ofsted.gov.uk/provider/33/2765328
2730916,Smart Educators Ltd,Independent learning provider,"Clifton Trade Centre, Greatorex Street, Unit G2 4-6, London, E1 5NF",,,https://reports.ofsted.gov.uk/provider/33/2730916
2626827,Smart Gas Training and Assessment Centre Limited,Independent learning provider,"Unit 3-5, Runway Business Park, Moor Farm Road, Ashbourne, DE6 1HD",Outstanding,31 March 2022,https://reports.ofsted.gov.uk/provider/33/2626827
54434,Smart Training and Recruitment Limited,Independent learning provider,"Suite 18, Mill Court Business Centre, Furrlongs, Newport, Isle of Wight, PO30 2AA",Outstanding,31 March 2022,https://reports.ofsted.gov.uk/provider/33/54434
2868435,Smartlyte Communities CIC,Independent learning provider,"253 Alcester Road South, Birmingham, B14 6DT",,,https://reports.ofsted.gov.uk/provider/33/2868435
2630852,SMB Group,,"Stephenson College, Thornborough Road, Coalville, Leicestershire, LE67 3TN",,09 February 2021,https://reports.ofsted.gov.uk/provider/3/2630852
2868455,Social Enterprise Kent,Independent learning provider,"63-65 High Street, Margate, CT9 1DX",,,https://reports.ofsted.gov.uk/provider/33/2868455
2717167,Social Landlords Crime and Nuisance Group,Independent learning provider,"Kennedy House, 31 Stamford Street, Altrincham, WA14 1ES",Outstanding,31 March 2022,https://reports.ofsted.gov.uk/provider/33/2717167
2691459,Sodexo Limited,Training provider,"310, Broadway, Salford, M50 2UE",Outstanding,31 March 2022,https://reports.ofsted.gov.uk/provider/30/2691459
2654197,Softools Limited,Independent learning provider,"Jubilee House Spaces Third Avenue, Globe Park, Marlow, SL7 1EY",Outstanding,31 March 2022,https://reports.ofsted.gov.uk/provider/33/2654197
130481,Solihull College & University Centre,Further education college,"Blossomfield Campus, Blossomfield Road, Solihull, West Midlands, B91 1SB",Outstanding,01/02/2018,https://reports.ofsted.gov.uk/provider/31/130481
144887,Solihull Sixth Form College,,"Widney Manor Road, Solihull, West Midlands, B91 3WR",Outstanding,31 March 2022,https://reports.ofsted.gov.uk/provider/46/144887
2868418,Solutions 4 Polymers Limited,Independent learning provider,"43, New Road, Burntwood, WS7 0BU",,,https://reports.ofsted.gov.uk/provider/33/2868418
1278582,Solveway Limited,Independent learning provider,"Barnwell School, Barnwell, Stevenage, Hertsfordshire, SG2 9SW",Outstanding,31 March 2022,https://reports.ofsted.gov.uk/provider/33/1278582
2618991,Somerset Council,Training provider,"Broughton House, Blackbrook Park Avenue, Taunton, Somerset, TA1 2PP",Outstanding,31 March 2022,https://reports.ofsted.gov.uk/provider/42/2618991
70066,Somerset SCITT Consortium,Training provider,"Broughton House, Blackbrook Park Avenue, Taunton, Somerset, TA1 2PX",,05 August 2006,https://reports.ofsted.gov.uk/provider/41/70066
1220982,Somerset Skills & Learning CIC,Training provider,"Courtenay House, Blackbrook Park Avenue, Taunton, Somerset, TA1 2PX",Outstanding,31 March 2022,https://reports.ofsted.gov.uk/provider/42/1220982
2791031,Source Coding Ltd,Independent learning provider,"The Office, Close Nook Cottage, Wilpshire Road, Blackburn, Lancashire, BB1 4AH",,,https://reports.ofsted.gov.uk/provider/33/2791031
130461,South and City College Birmingham,Further education college,"129 Floodgate Street, Digbeth, Birmingham, West Midlands, B5 5SU",Outstanding,31 March 2022,https://reports.ofsted.gov.uk/provider/31/130461
130413,South Bank Colleges,Further education college,"45 Clapham Common Southside, Clapham Common, London, SW4 9BL",Outstanding,31 March 2022,https://reports.ofsted.gov.uk/provider/31/130413
150380,South Bank University Sixth Form,,"56 Brixton Hill, London, SW2 1QS",Outstanding,31 March 2022,https://reports.ofsted.gov.uk/provider/46/150380
70233,South Birmingham SCITT,Training provider,"South Birmingham SCITT at Solihull Sixth Form College, Widney Manor Road, Solihull, West Midlands, B91 3WR",,29 June 2009,https://reports.ofsted.gov.uk/provider/41/70233
2625229,South Central Ambulance Service NHS Foundation Trust,Training provider,"South Central Ambulance Service, NHS Foundation Trust, Bone Lane, Newbury, RG14 5UE",Outstanding,31 March 2022,https://reports.ofsted.gov.uk/provider/30/2625229
130648,South Devon College,Further education college,"Vantage Point, Long Road, Paignton, Devon, TQ4 7EJ",Outstanding,31 March 2022,https://reports.ofsted.gov.uk/provider/31/130648
2580206,South Essex College,Training provider,"South East Essex College, Luker Road, Southend-on-Sea, Essex, SS1 1ND",,14 July 2021,https://reports.ofsted.gov.uk/provider/41/2580206
130672,South Essex College of Further and Higher Education,Further education college,"Luker Road, Southend-on-Sea, Essex, SS1 1ND",Outstanding,01/02/2019,https://reports.ofsted.gov.uk/provider/31/130672
70241,South Farnham SCITT,Training provider,"South Farnham School, Menin Way, Farnham, Surrey, GU9 8DY",,02 October 2009,https://reports.ofsted.gov.uk/provider/41/70241
139238,South Gloucestershire and Stroud College,Further education college,"Stratford Road, Stroud, GL5 4AH",Outstanding,31 March 2022,https://reports.ofsted.gov.uk/provider/31/139238
2635808,South Gloucestershire Council,Training provider,"South Gloucestershire Council, Civic Centre, High Street, Kingswood, BRISTOL, BS15 9TR",Outstanding,31 March 2022,https://reports.ofsted.gov.uk/provider/42/2635808
130693,South Hampshire College Group,Further education college,"Bishopsfield Road, Fareham, Hampshire, PO14 1NH",Outstanding,31 March 2022,https://reports.ofsted.gov.uk/provider/31/130693
135658,South Staffordshire College,Further education college,"Rodbaston Drive, Penkridge, Stafford, ST19 5PH",Outstanding,31 March 2022,https://reports.ofsted.gov.uk/provider/31/135658
130448,South Thames Colleges Group,Further education college,"Kingston Hall Road, Kingston upon Thames, Surrey, KT1 2AQ",Outstanding,31 March 2022,https://reports.ofsted.gov.uk/provider/31/130448
54492,South Tyneside Council,Training provider,"Town Hall, Westoe Road, South Shields, NE33 2RL",Outstanding,31 March 2022,https://reports.ofsted.gov.uk/provider/42/54492
2791025,South Wales and South West Roofing Training Group,Independent learning provider,"Brooklands Mill, Nadderwater, Exeter, Devon, EX4 2JG",Outstanding,31 March 2022,https://reports.ofsted.gov.uk/provider/33/2791025
59093,South West Association of Training Providers Limited,Independent learning provider,"Unit 6, First Floor Offices, 6 Marsh Green Road, Exeter, Devon, EX2 8NY",Outstanding,31 March 2022,https://reports.ofsted.gov.uk/provider/33/59093
2654233,South West Construction Academy Limited,Independent learning provider,"Unit 7, Whitby Road, Bristol, BS4 3QF",Outstanding,31 March 2022,https://reports.ofsted.gov.uk/provider/33/2654233
146044,South West Regional Assessment Centre,,"Merley House, Merley House Lane, Wimborne, BH21 3AA",,,https://reports.ofsted.gov.uk/provider/39/146044
54501,South West Regional Assessment Centre Limited,Independent learning provider,"Merley House, Merley House Lane, BH21 3AA",Outstanding,31 March 2022,https://reports.ofsted.gov.uk/provider/39/54501
2691319,South Yorkshire Housing Association Limited,Independent learning provider,"152 Rockingham Street, Sheffield, S1 4EB",Outstanding,31 March 2022,https://reports.ofsted.gov.uk/provider/33/2691319
54509,Southampton City Council,Training provider,"Municipal Block, Civic Centre Road, Southampton, SO14 7LY",Outstanding,31 March 2022,https://reports.ofsted.gov.uk/provider/42/54509
133878,Southampton Solent University,Apprenticeship provider,"East Park Terrace, Southampton, Hampshire, SO14 0YN",Outstanding,31 March 2022,https://reports.ofsted.gov.uk/provider/43/133878
54519,Southend City Council,Training provider,"Southend Adult Community College, Southchurch Centre, Ambleside Drive, SS1 2UP",Outstanding,31 March 2022,https://reports.ofsted.gov.uk/provider/42/54519
130491,Southport Education Group,Further education college,"Mornington Road, Southport, Merseyside, PR9 0TT",Outstanding,31 March 2022,https://reports.ofsted.gov.uk/provider/31/130491
53145,Southwark Adult Learning Service,Training provider,"Thomas Calton Community Education Centre, Alpha Street, SE15 4NX",Outstanding,31 March 2022,https://reports.ofsted.gov.uk/provider/42/53145
54532,Span Training & Development Limited,Independent learning provider,"Office Suite 1 at North Bar House, 43-44 North Bar, Banbury, Oxfordshire, OX16 0TH",Outstanding,31 March 2022,https://reports.ofsted.gov.uk/provider/33/54532
2626845,Sparshatt Truck and Van Limited,Training provider,"Unit 1, 21 Kennet Rd, Crayford, Dartford, DA1 4QN",Outstanding,31 March 2022,https://reports.ofsted.gov.uk/provider/30/2626845
,Sparsholt College Hampshire,,"Sparsholt College, Sparsholt, Winchester, Hampshire, SO21 2NF",,20 April 2004,https://reports.ofsted.gov.uk/provider/3/SC061177
130698,Sparsholt College Hampshire,Further education college,"Westley Lane, Sparsholt, Winchester, Hampshire, SO21 2NF",Outstanding,31 March 2022,https://reports.ofsted.gov.uk/provider/31/130698
1237130,Specialist Trade Courses Ltd,Independent learning provider,"Unit 32a, Bates Industrial Estate, Church Road, Romford, Essex, RM3 0HU",Outstanding,31 March 2022,https://reports.ofsted.gov.uk/provider/33/1237130
1223881,Specsavers Optical Superstores Limited,Training provider,"Forum 6, Solent Business Park, Fareham, PO15 7PA",Outstanding,31 March 2022,https://reports.ofsted.gov.uk/provider/30/1223881
2848767,Spectrum Training Services Ltd,Independent learning provider,"80 Grange Road, Small Heath, Birmingham, B10 9QR",,,https://reports.ofsted.gov.uk/provider/33/2848767
2654178,Sport Structures Education Community Interest Company,Independent learning provider,"Suite 8, The Cloisters, 12, Birmingham, B15 1NP",Outstanding,31 March 2022,https://reports.ofsted.gov.uk/provider/33/2654178
1278643,Sporting Futures Training (UK) Ltd,Independent learning provider,"Business & Technology Centre, Bessemer Drive, Stevenage, Hertfordshire, SG1 2DX",Outstanding,31 March 2022,https://reports.ofsted.gov.uk/provider/33/1278643
149385,Sports Connect,,"Hall Road, Aylesford Bulls, Aylesford, Kent, ME20 7DS",Outstanding,31 March 2022,https://reports.ofsted.gov.uk/provider/39/149385
2626825,Sportscape Education Ltd,Independent learning provider,"Brooks Lane Industrial Estate, Unit 4C, Middlewich, Cheshire, CW10 0JG",Outstanding,31 March 2022,https://reports.ofsted.gov.uk/provider/33/2626825
50199,Springboard,Independent learning provider,"Unit 1-2, East Way Rivergreen Industrial Estate, Sunderland, SR4 6AD",Outstanding,31 March 2022,https://reports.ofsted.gov.uk/provider/33/50199
2510881,Springfield Training Limited,Independent learning provider,"Suite 1-12, Business Hub, Howley Park Road, Leeds, West Yorkshire, LS27 0GR",Outstanding,31 March 2022,https://reports.ofsted.gov.uk/provider/33/2510881
54552,Springfields Fuels Limited,Independent learning provider,"Bld 611, Training Centre, Springfield Works, Salwick, Preston, PR4 0XJ",Outstanding,31 March 2022,https://reports.ofsted.gov.uk/provider/33/54552
1270851,SPS Training Solutions Limited,Independent learning provider,"Bowmans House, Bessemer Drive, Stevenage, SG1 2DL",Outstanding,31 March 2022,https://reports.ofsted.gov.uk/provider/33/1270851
2761335,SquareOne Training,Independent learning provider,"Egerton House, 2 Tower Road, Birkenhead, CH41 1FN",Outstanding,31 March 2022,https://reports.ofsted.gov.uk/provider/33/2761335
59184,SR Apprenticeships Limited,Independent learning provider,"32 Mile End Road, Colwick, Nottingham, Nottinghamshire, NG4 2DW",Outstanding,31 March 2022,https://reports.ofsted.gov.uk/provider/33/59184
1278610,SR Supply Chain Consultants Ltd,Independent learning provider,"Parkside House, 190-192 Wigan Rd, Euxton, Chorley, PR7 6JW",Outstanding,31 March 2022,https://reports.ofsted.gov.uk/provider/33/1278610
58590,SSE Services PLC,Training provider,"Training Department, SSE Services PLC, Robert Brown House, Pipers Way, Thatcham, RG19 4AZ",Outstanding,31 March 2022,https://reports.ofsted.gov.uk/provider/30/58590
2578389,St Andrew's Healthcare,Training provider,"Main Building, Bradlaugh, Billing Road, Northampton, NN1 5DG",Outstanding,31 March 2022,https://reports.ofsted.gov.uk/provider/30/2578389
130563,St Brendan's Sixth Form College,,"Broomhill Road, Brislington, Bristol, BS4 5RQ",Outstanding,31 March 2022,https://reports.ofsted.gov.uk/provider/40/130563
130411,St Charles Catholic Sixth Form College,,"74 St Charles Square, North Kensington, London, W10 6EY",Outstanding,31 March 2022,https://reports.ofsted.gov.uk/provider/40/130411
130443,St Dominic's Sixth Form College,,"Mount Park Avenue, Harrow-on-the-Hill, Middlesex, HA1 3HX",Outstanding,31 March 2022,https://reports.ofsted.gov.uk/provider/40/130443
2848472,St Edmund's Nursery School and Children's Centre,Independent learning provider,"St Edmund's Nursery School and Children's Centre, Washington Street, Bradford, BD8 9QW",,,https://reports.ofsted.gov.uk/provider/33/2848472
132015,St Elizabeth's Centre,,"Perry Green, Much Hadham, Hertfordshire, Hertfordshire, SG10 6EW",Outstanding,31 March 2022,https://reports.ofsted.gov.uk/provider/39/132015
130422,St Francis Xavier Sixth Form College,,"Malwood Road, London, SW12 8EN",Outstanding,31 March 2022,https://reports.ofsted.gov.uk/provider/40/130422
133885,St George's Hospital Medical School,Apprenticeship provider,"Cranmer Terrace, Tooting, London, SW17 0RE",Outstanding,31 March 2022,https://reports.ofsted.gov.uk/provider/43/133885
54562,St Helens Chamber Limited,Independent learning provider,"Salisbury Street, Off Chalon Way, WA10 1FY",Good,31 May 2000,https://reports.ofsted.gov.uk/provider/33/54562
130488,St Helens College,Further education college,"Water Street, St Helens, Merseyside, WA10 1PP",Outstanding,31 March 2022,https://reports.ofsted.gov.uk/provider/31/130488
54563,St Helens Metropolitan Borough Council,Training provider,"Park Road Centre, Park Road, St. Helens, Lancashire, WA9 1HE",Outstanding,31 March 2022,https://reports.ofsted.gov.uk/provider/42/54563
130523,St John Rigby RC Sixth Form College,,"Gathurst Road, Orrell, Wigan, Lancashire, WN5 0LJ",Outstanding,31 March 2022,https://reports.ofsted.gov.uk/provider/40/130523
139250,St Martins Centre (St Roses School),,"Stratford Lawn, Stroud, Gloucestershire, GL5 4AP",Outstanding,31 March 2022,https://reports.ofsted.gov.uk/provider/39/139250
70120,St Mary's University,Training provider,"St Marys University, Waldegrave rd, Twickenham, Middlesex, TW1 4SX",,05 August 2006,https://reports.ofsted.gov.uk/provider/41/70120
133895,"St Mary's University, Twickenham",Apprenticeship provider,"Waldegrave Road, Strawberry Hill, Twickenham, TW1 4SX",Outstanding,31 March 2022,https://reports.ofsted.gov.uk/provider/43/133895
141241,St Piers College (Young Epilepsy),,"St Piers Lane, Lingfield, Surrey, RH7 6PW",Outstanding,31 March 2022,https://reports.ofsted.gov.uk/provider/39/141241
145229,St Vincent College,,"Mill Lane, Gosport, Hampshire, PO12 4QA",Outstanding,31 March 2022,https://reports.ofsted.gov.uk/provider/46/145229
2654246,St. John Ambulance,Independent learning provider,"27 St. John's Lane, London, EC1M 4BU",Outstanding,31 March 2022,https://reports.ofsted.gov.uk/provider/33/2654246
132016,St. John's College (Brighton),,"17 Walpole Road, Brighton, East Sussex, BN2 0AF",Outstanding,31 March 2022,https://reports.ofsted.gov.uk/provider/39/132016
2848490,Staff Power Training Limited,Independent learning provider,"Mackies Corner, Chambers, 106 High Street West, Sunderland, Tyne & Wear, SR1 1TX",,,https://reports.ofsted.gov.uk/provider/33/2848490
2526613,Staffordshire Commissioner Fire and Rescue Authority,Training provider,"Pirehill House, Pirehill, Stone, ST15 0BS",Outstanding,31 March 2022,https://reports.ofsted.gov.uk/provider/30/2526613
54584,Staffordshire County Council,Training provider,"Staffordshire Place, 1 Tipping St, Stafford, Staffordshire, ST16 2DH",Outstanding,31 March 2022,https://reports.ofsted.gov.uk/provider/42/54584
2748203,Staffordshire Training Services Limited,Independent learning provider,"Unit 6 Leons Way, Tollgate Drive, Tollgate Industrial Estate, Stafford, ST16 3HS",Outstanding,31 March 2022,https://reports.ofsted.gov.uk/provider/33/2748203
133882,Staffordshire University,Apprenticeship provider,"College Road, Stoke-on-Trent, ST4 2DE",Outstanding,31 March 2022,https://reports.ofsted.gov.uk/provider/43/133882
58520,Standguide Limited,Independent learning provider,"Clarence Arcade Unit G.01, Stamford Street Central, Ashton-Under-Lyne, OL6 7PT",Outstanding,31 March 2022,https://reports.ofsted.gov.uk/provider/33/58520
2741643,Stanfords Training Ltd,Independent learning provider,"2nd Floor, Wolverley House, 18 Digbeth High Street, Birmingham, B5 6BJ",Outstanding,31 March 2022,https://reports.ofsted.gov.uk/provider/33/2741643
130440,Stanmore College,Further education college,"Elm Park, Stanmore, HA7 4BQ",Outstanding,31 March 2022,https://reports.ofsted.gov.uk/provider/31/130440
2741644,Star Greenwich Education,Independent learning provider,"16 Beresford Square, Woolwich, London, SE18 6AY",Outstanding,31 March 2022,https://reports.ofsted.gov.uk/provider/33/2741644
2761336,Start Liverpool Ltd,Independent learning provider,"1a Larkhill Place, Liverpool, L13 9BS",,,https://reports.ofsted.gov.uk/provider/33/2761336
57165,Starting Off Limited,Independent learning provider,"34-38 Guildhall Road, Northampton, NN1 1EW",Outstanding,31 March 2022,https://reports.ofsted.gov.uk/provider/33/57165
58277,Steadfast Training Ltd,Independent learning provider,"5 Enterprise Way, Pinchbeck, Spalding, PE11 3YR",Outstanding,31 March 2022,https://reports.ofsted.gov.uk/provider/33/58277
54611,Stella Mann College,,"10 Linden Road, Bedford, Bedfordshire, MK40 2DA",Outstanding,31 March 2022,https://reports.ofsted.gov.uk/provider/38/54611
2636506,Step Ahead Social Enterprise Community Interest Company,Independent learning provider,"7 Centre Court, Treforest Industrial Estate, Pontypridd, CF37 5YR",Outstanding,31 March 2022,https://reports.ofsted.gov.uk/provider/33/2636506
2814686,Step8Up Ltd,Independent learning provider,"Office 3, Unit 6, First Floor, Stanhope Gate, Stanhope Road, Camberley, GU15 3DW",Outstanding,31 March 2022,https://reports.ofsted.gov.uk/provider/33/2814686
1280322,Stepping Stones Education and Training Limited,Independent learning provider,"Unit 2 Brindley Court, Dalewood Road, Newcastle-under-Lyme, Staffordshire, ST5 9QA",Good,10 September 2019,https://reports.ofsted.gov.uk/provider/33/1280322
1278570,Steve Willis Training Ltd,Independent learning provider,"Unit F2 Sheddingdean Business Centre, Marchants Way, Burgess Hill, West Sussex, RH15 8QY",Outstanding,31 March 2022,https://reports.ofsted.gov.uk/provider/33/1278570
50237,Stockport Metropolitan Borough Council,Training provider,"Stockport Metropolitan Borough Council, Daw Bank, Stockport, SK3 0EQ",Outstanding,31 March 2022,https://reports.ofsted.gov.uk/provider/42/50237
70245,Stockton SCITT,Training provider,"EIS@SSFC Bishopton Road West, Bishopton Road West, Stockton-on-Tees, Stockton-on-Tees (Unitary Authority), TS19 0QD",,29 June 2009,https://reports.ofsted.gov.uk/provider/41/70245
54630,Stockton-on-Tees Borough Council,Training provider,"BILLINGHAM COMMUNITY CENTRE, THE CAUSEWAY, BILLINGHAM, County Durham, TS23 2DA",Outstanding,31 March 2022,https://reports.ofsted.gov.uk/provider/42/54630
130815,Stoke-on-Trent College,Further education college,"Cauldon Campus, Stoke Road, Shelton, Stoke-on-Trent, Staffordshire, ST4 2DG",Outstanding,31 March 2022,https://reports.ofsted.gov.uk/provider/31/130815
54636,Stoke-on-Trent Unitary Authority,Training provider,"Civic Centre, Glebe Street, Stoke-on-Trent, ST4 1HH",Outstanding,31 March 2022,https://reports.ofsted.gov.uk/provider/42/54636
2654221,Storyy Training Limited,Independent learning provider,"Suite 4, Oakmede Place, Binfield, Bracknell, RG42 4JF",Outstanding,31 March 2022,https://reports.ofsted.gov.uk/provider/33/2654221
70294,Stourport SCITT,Training provider,"Wyre Forest house, Finepoint Way, Kidderminster, Worcestershire, DY11 7WF",,10 January 2017,https://reports.ofsted.gov.uk/provider/41/70294
54640,Straight A Training Limited,Independent learning provider,"Straight A Training Limited, Kenward House, High Street, Hook, RG27 8NY",Outstanding,31 March 2022,https://reports.ofsted.gov.uk/provider/33/54640
132021,Strathmore College,,"Unit 7, The Imex Technology Park, Bellringer Road, Trentham Lakes South, Stoke-on-Trent, ST4 8LJ",Outstanding,31 March 2022,https://reports.ofsted.gov.uk/provider/39/132021
2683903,Street League,Independent learning provider,"Suite 2.4, Waulk Mill, 51 Bengal Street, Manchester, M4 6LN",,,https://reports.ofsted.gov.uk/provider/33/2683903
1270921,Strive Training (London) Limited,Independent learning provider,"Japonica House, ground floor, Spring Villa Park, Spring Villa Rd, Edgware, Middlesex, HA8 7EB",Outstanding,31 March 2022,https://reports.ofsted.gov.uk/provider/33/1270921
54649,Stubbing Court Training Limited,Independent learning provider,"Ashgate Cottage, Old Brampton, Chesterfield, S42 7JE",Outstanding,31 March 2022,https://reports.ofsted.gov.uk/provider/33/54649
54657,Suffolk County Council,Training provider,"Endeavour House, Russell Road, IPSWICH, IP1 2BX",Outstanding,31 March 2022,https://reports.ofsted.gov.uk/provider/42/54657
130820,Suffolk New College,Further education college,"Rope Walk, Ipswich, Suffolk, IP4 1LT",Outstanding,31 March 2022,https://reports.ofsted.gov.uk/provider/31/130820
2701043,Sumo Digital Ltd.,Training provider,"Unit 37, 800 Brightside Lane, Sheffield, South Yorkshire, S9 2RX",Outstanding,31 March 2022,https://reports.ofsted.gov.uk/provider/30/2701043
54666,Sunderland City Metropolitan Borough Council,Training provider,"City Hall, Plater Way, Sunderland, Tyne And Wear, SR1 3AA",Outstanding,31 March 2022,https://reports.ofsted.gov.uk/provider/42/54666
54668,Sunderland Engineering Training Association Limited,Independent learning provider,"17 Sedling Road, Wear Industrial Estate, Washington, Tyne & Wear, NE38 9BZ",Outstanding,31 March 2022,https://reports.ofsted.gov.uk/provider/33/54668
144792,SupaJam Education In Music and Media,,"St Marys Road, Swanley, Kent, BR8 7TE",Outstanding,31 March 2022,https://reports.ofsted.gov.uk/provider/39/144792
58199,Superdrug Stores PLC,Training provider,"Stadium Way, South Elmsall, Pontefract, WF9 2XR",Outstanding,31 March 2022,https://reports.ofsted.gov.uk/provider/30/58199
2654126,Supply Chain Academy Limited,Independent learning provider,"Upminster Court, 133 Hall Lane, Upminster, London, RM14 1AL",Outstanding,31 March 2022,https://reports.ofsted.gov.uk/provider/33/2654126
54684,Surrey Adult Learning,Training provider,"Woking Adult Learning Centre, Bonsey Lane, Woking, Surrey, GU22 9PE",Outstanding,31 March 2022,https://reports.ofsted.gov.uk/provider/42/54684
150793,Surrey Maths School,,"Mary Road, Guildford, GU1 4QU",Outstanding,31 March 2022,https://reports.ofsted.gov.uk/provider/46/150793
2761338,Susan French Events,Independent learning provider,"Unit 16, First Floor, Land of Green Ginger, 78 Front Street, Tynemouth, North Shields, Tyne and Wear, NE30 4BP",,,https://reports.ofsted.gov.uk/provider/33/2761338
2654179,Sussex Partnership NHS Foundation Trust,Training provider,"Portland House, 44 Richmond Road, Worthing, West Sussex, BN11 1HS",Outstanding,31 March 2022,https://reports.ofsted.gov.uk/provider/30/2654179
54698,Sutton and District Training Limited,Independent learning provider,"Lawn View, Grove Park, Carshalton High Street, Carshalton, SM5 3BB",Outstanding,31 March 2022,https://reports.ofsted.gov.uk/provider/33/54698
2765329,Sutton Coldfield Training Limited,Independent learning provider,"29 Gate Lane, Boldmere, SUTTON COLDFIELD, Birmingham, B73 5TR",Outstanding,31 March 2022,https://reports.ofsted.gov.uk/provider/33/2765329
133042,Sutton College of Learning for Adults,Training provider,"St Nicholas Way, Sutton, Surrey, SM1 1EA",Outstanding,05 March 2010,https://reports.ofsted.gov.uk/provider/42/133042
53146,Sutton London Borough Council,Training provider,"Civic Offices, St. Nicholas Way, SUTTON, Surrey, SM1 1EA",Outstanding,31 March 2022,https://reports.ofsted.gov.uk/provider/42/53146
70310,Sutton SCITT,Training provider,"Glenthorne High School, Sutton Common Road, Sutton, Surrey, SM3 9PS",,03 November 2017,https://reports.ofsted.gov.uk/provider/41/70310
59229,SV Academy,Independent learning provider,"Modern House, 6 Eltham High Street, SE9 1DA",Outstanding,31 March 2022,https://reports.ofsted.gov.uk/provider/33/59229
54495,SW Durham Training Limited,Independent learning provider,"Durham Way South, Aycliffe Business Park, Newton Aycliffe, DL5 6AT",Outstanding,31 March 2022,https://reports.ofsted.gov.uk/provider/33/54495
2625240,Swarm Training C.I.C,Independent learning provider,"Unit 5, Station Court, Station Lane, Hethersett, Norwich, NR9 3AY",Outstanding,31 March 2022,https://reports.ofsted.gov.uk/provider/33/2625240
54714,Swarthmore Education Centre,,"2-7 Woodhouse Square, LS3 1AD",Outstanding,31 March 2022,https://reports.ofsted.gov.uk/provider/39/54714
2654193,Swift ACI Limited,Independent learning provider,"Unit 8 Caroline Point, Caroline Street, Birmingham, B3 1UF",Outstanding,31 March 2022,https://reports.ofsted.gov.uk/provider/33/2654193
2626879,Swiftool Precision Engineering Limited,Independent learning provider,"Swifttool House, Huthwaite, Sutton-In-Ashfield, NG17 2NL",Outstanding,31 March 2022,https://reports.ofsted.gov.uk/provider/33/2626879
54719,Swindon Borough Council,Training provider,"4th floor, Wat Tyler House West, Beckhampton Street, Swindon, Wiltshire, SN1 2JH",Outstanding,31 March 2022,https://reports.ofsted.gov.uk/provider/42/54719
2804845,Symposium IT Ltd,Independent learning provider,"13th Floor, City Tower, Manchester, Lancashire, M1 4BT",Outstanding,31 March 2022,https://reports.ofsted.gov.uk/provider/33/2804845
2625255,Synergy Health (UK) Limited,Training provider,"STERIS Head Office, New Market Drive, Derby, DE24 8SW",Outstanding,31 March 2022,https://reports.ofsted.gov.uk/provider/30/2625255
59172,Sysco Business Skills Academy Limited,Independent learning provider,"Threlfall Building, Trueman Street, Liverpool, L3 2BA",Outstanding,31 March 2022,https://reports.ofsted.gov.uk/provider/33/59172
1276419,System People Limited,Independent learning provider,"Englishgate Plaza, Botchergate, Carlisle, CA1 1RP",Outstanding,31 March 2022,https://reports.ofsted.gov.uk/provider/33/1276419
58820,T2 Group (trading as Marr Corporation Limited),Independent learning provider,"T2 Group, Fern House, Unit 1, Links Court, Fortran Road, St Mellons, Cardiff, CF3 0LT",Outstanding,31 March 2022,https://reports.ofsted.gov.uk/provider/33/58820
2539262,T3 Training & Development Ltd,Independent learning provider,"C/O Barnsley College, Think Low Carbon Centre, Honeywell Lane, Barnsley, S75 1BP",Outstanding,31 March 2022,https://reports.ofsted.gov.uk/provider/33/2539262
2868432,Take One Giant Leap Limited,Independent learning provider,"5 Taylor Street, Prestwich, M25 1FP",,,https://reports.ofsted.gov.uk/provider/33/2868432
1270928,Talented Training Limited,Independent learning provider,"11 York Place, Leeds, West Yorkshire, LS1 2DS",Outstanding,31 March 2022,https://reports.ofsted.gov.uk/provider/33/1270928
130516,Tameside College,Further education college,"Beaufort Road, Ashton-under-Lyne, Greater Manchester, OL6 6NX",Outstanding,31 March 2022,https://reports.ofsted.gov.uk/provider/31/130516
2654242,Tarmac Trading Limited,Training provider,"National Skills and Safety Park, Nether Langwith, Mansfield, NG20 9JQ",Outstanding,31 March 2022,https://reports.ofsted.gov.uk/provider/30/2654242
150162,TCES National Online School,,"Beacon House, 3rd Floor, 26-28 Worple Road, London, SW19 4EE",,14 December 2023,https://reports.ofsted.gov.uk/provider/100003/150162
59189,TCHC Limited,Independent learning provider,"2nd Floor, 21 Station Road, Watford, WD17 1AP",Outstanding,31 March 2022,https://reports.ofsted.gov.uk/provider/33/59189
54755,TDR Training Limited,Independent learning provider,"Q1, Quorum Business Park, Benton Lane, Newcastle Upon Tyne, NE12 8EX",Outstanding,31 March 2022,https://reports.ofsted.gov.uk/provider/33/54755
2761350,Teach a Trade Limited,Independent learning provider,"Unit F6, Halesfield 23, Telford, TF7 4NY",Outstanding,31 March 2022,https://reports.ofsted.gov.uk/provider/33/2761350
70270,Teach First,Training provider,"6 Mitre Passage, -, London, London, SE10 0ER",,19 July 2011,https://reports.ofsted.gov.uk/provider/41/70270
2574134,Teach Lead Bolton,Training provider,"University Of Bolton, Deane Road, Bolton, BL3 5AB",,05 July 2022,https://reports.ofsted.gov.uk/provider/41/2574134
1245080,Teach SouthEast,Training provider,"Teach SouthEast, Salesian School, Guildford Road, Chertsey, Surrey, KT16 9LU",,10 January 2019,https://reports.ofsted.gov.uk/provider/41/1245080
70037,Teaching London: LDBS SCITT,Training provider,"2 West End Lane, Kilburn, London, Greater London, NW6 4NT",,05 August 2006,https://reports.ofsted.gov.uk/provider/41/70037
149471,Team Domenica,,"2-3 Pavilion Buildings, Brighton, BN1 4QE",Outstanding,31 March 2022,https://reports.ofsted.gov.uk/provider/39/149471
130585,TEC Partnership,Further education college,"Nuns Corner, Grimsby, North East Lincolnshire, DN34 5BQ",Outstanding,11/10/2020,https://reports.ofsted.gov.uk/provider/31/130585
2748179,Tech Educators Ltd,Independent learning provider,"Fuel Studios, Pottergate, Norwich, NR2 1DX",Outstanding,31 March 2022,https://reports.ofsted.gov.uk/provider/33/2748179
2748180,Tech Lancaster Limited,Independent learning provider,"Alston House, White Cross Business Park, South Road, Lancaster, LA1 4XQ",Outstanding,31 March 2022,https://reports.ofsted.gov.uk/provider/33/2748180
2656439,Tech Talent,Independent learning provider,"X and Why, The Foundry, 6 Brindley Place, Birmingham, B1 2JB",Outstanding,31 March 2022,https://reports.ofsted.gov.uk/provider/33/2656439
2868451,TechNative Digital LTD,Independent learning provider,"Plus X Innovation Brighton, Lewes Rd, Brighton and Hove, Brighton, BN2 4GL",,,https://reports.ofsted.gov.uk/provider/33/2868451
2674158,Technical Education Academy Limited,Independent learning provider,"798 Green Lane, Dagenham, Essex, RM8 1YT",,,https://reports.ofsted.gov.uk/provider/33/2674158
1278669,Technical Professionals Limited,Independent learning provider,"Regus – Manchester Airport, Manchester Business Park, 3000 Aviator Way, Wythenshawe, Manchester Airport, Manchester, M22 5TG",Outstanding,31 March 2022,https://reports.ofsted.gov.uk/provider/33/1278669
2748181,Technology4Business Ltd,Independent learning provider,"6 Borman Way, South Wonston, Winchester, Hampshire, SO21 3EJ",,,https://reports.ofsted.gov.uk/provider/33/2748181
70072,Ted Wragg Teacher Training Partnership,Training provider,"West Exe School, Hatherleigh Road, Exeter, Devon, EX2 9JU",,05 August 2006,https://reports.ofsted.gov.uk/provider/41/70072
133894,Teesside University,Apprenticeship provider,"Borough Road, Middlesbrough, TS1 3BA",Outstanding,31 March 2022,https://reports.ofsted.gov.uk/provider/43/133894
70106,Teesside University ITT,Training provider,"Teesside University, -, Middlesbrough, Tees Valley, TS1 3BX",,03 November 2006,https://reports.ofsted.gov.uk/provider/41/70106
54774,Telford and Wrekin Borough Council,Training provider,"Floor 6A, Darby House, Lawn Central, TF3 4JA",Outstanding,31 March 2022,https://reports.ofsted.gov.uk/provider/42/54774
130796,Telford College,Further education college,"Haybridge Road, Wellington, Telford, Shropshire, TF1 2NP",Outstanding,20/12/2017,https://reports.ofsted.gov.uk/provider/31/130796
54778,Temp Dent Dental Agency Limited,Independent learning provider,"4 Cadbury Close, 1379 High Road, Whetstone, London, N20 9BD",Outstanding,31 March 2022,https://reports.ofsted.gov.uk/provider/33/54778
1278649,Tendean Limited,Independent learning provider,"Censeo House, 6 St. Peters Street, ST. ALBANS, AL1 3LF",Outstanding,31 March 2022,https://reports.ofsted.gov.uk/provider/33/1278649
54781,Tendring District Council (Career Track),Independent learning provider,"Town Hall, Station Road, Clacton-On-Sea, Essex, CO15 1SE",Outstanding,31 March 2022,https://reports.ofsted.gov.uk/provider/33/54781
2691905,Tes Institute,Independent learning provider,"Tes, 70 Grays Inn, London, WC1X 8BT",Outstanding,31 March 2022,https://reports.ofsted.gov.uk/provider/33/2691905
70275,TES Institute,Training provider,"70 Gray's Inn Road, London, WC1X 8NH",,19 November 2014,https://reports.ofsted.gov.uk/provider/41/70275
2556382,TES Training Limited,Independent learning provider,"Tes House, Heath Business Park, Grange Way, Colchester, CO2 8GU",Outstanding,31 March 2022,https://reports.ofsted.gov.uk/provider/33/2556382
2626871,Thames Marine Academy Limited,Independent learning provider,"GPS Marine House Upnor Road, Lower Upnor, Rochester, Kent, ME2 4UY",Outstanding,31 March 2022,https://reports.ofsted.gov.uk/provider/33/2626871
2654189,That Nail Place Limited,Independent learning provider,"10, Guildhall Street, Folkestone, CT20 1DZ",Outstanding,31 March 2022,https://reports.ofsted.gov.uk/provider/33/2654189
54895,Thatcham Research,Independent learning provider,"Thatcham Automotive Academy, Daytona Drive, Thatcham, RG19 4ZD",Outstanding,31 March 2022,https://reports.ofsted.gov.uk/provider/33/54895
2791043,The Abbey Access Centre,Independent learning provider,"Arboretum Lodge, Monks Road, Lincoln, LN2 5HU",Outstanding,31 March 2022,https://reports.ofsted.gov.uk/provider/33/2791043
2848482,The Abdo College of Education,Independent learning provider,"Godmersham Park House, Godmersham Park, Godmersham, Canterbury, CT4 7DT",,,https://reports.ofsted.gov.uk/provider/33/2848482
54803,The Academy Hair & Beauty Ltd,Independent learning provider,"69 Roscoe Street, Scarborough, North Yorkshire, YO12 7BY",Outstanding,31 March 2022,https://reports.ofsted.gov.uk/provider/33/54803
2741645,The Academy of Leadership & Management Ltd,Independent learning provider,"Lindon House, 40-42 Charles Street, Largs, KA30 8HL",Outstanding,31 March 2022,https://reports.ofsted.gov.uk/provider/33/2741645
2636431,The Alnwick Garden Trust,Independent learning provider,"The Alnwick Garden, Gardeners Cottage, Greenwell Lane, Alnwick, NE66 1HB",Outstanding,31 March 2022,https://reports.ofsted.gov.uk/provider/33/2636431
59161,The Apprentice Academy Limited,Independent learning provider,"4th Floor, St James Building, 79 Oxford Street, Manchester, M1 6FQ",Outstanding,31 March 2022,https://reports.ofsted.gov.uk/provider/33/59161
1274676,The Apprenticeship College Ltd,Independent learning provider,"Unit 10 Halifax Court, Fernwood Business Park, Newark, NG24 3JP",Outstanding,31 March 2022,https://reports.ofsted.gov.uk/provider/33/1274676
2626828,The Ashridge (Bonar Law Memorial) Trust,Independent learning provider,"Ashridge House, Ashridge, Berkhamsted, Hertfordshire, HP4 1NS",Outstanding,31 March 2022,https://reports.ofsted.gov.uk/provider/33/2626828
2674150,The Assessment and Training Centre Limited,Independent learning provider,"35 Upper Wickham Lane, Welling, DA16 3AB",Outstanding,31 March 2022,https://reports.ofsted.gov.uk/provider/33/2674150
2539296,The Association of Health Professions in Ophthalmology,Independent learning provider,"AHPO Headquarters and Training Centre, 59 New Street, Burton-On-Trent, Staffordshire, DE14 3QY",Outstanding,31 March 2022,https://reports.ofsted.gov.uk/provider/33/2539296
143526,The Autism Project - CareTrade,,"9 Larcom Street, London, SE17 1RT",Outstanding,31 March 2022,https://reports.ofsted.gov.uk/provider/39/143526
50582,The Azure Charitable Foundation,Independent learning provider,"McCallum House, Kielder Avenue, Cramlington, Northumberland, NE23 8JT",Outstanding,31 March 2022,https://reports.ofsted.gov.uk/provider/33/50582
2674164,The Best Connection Group Limited,Training provider,"The Best Connection Group Ltd, 9 Birmingham Street, Halesowen, Birmingham, B63 3HN",Outstanding,31 March 2022,https://reports.ofsted.gov.uk/provider/30/2674164
150613,The Blackpool Sixth Form College,,"Blackpool Old Road, Blackpool, Lancashire, FY3 7LR",Outstanding,31 March 2022,https://reports.ofsted.gov.uk/provider/46/150613
130652,The Bournemouth and Poole College,Further education college,"North Road, Poole, Dorset, BH14 0LS",Outstanding,31 March 2022,https://reports.ofsted.gov.uk/provider/31/130652
70232,The Cambridge Partnership,Training provider,"The Cambridge Partnership - Swavesey Village College, Gibraltar Lane, Swavesey, Cambridge, Cambridgeshire, Cb24 4RS",,24 September 2009,https://reports.ofsted.gov.uk/provider/41/70232
51002,The Care Learning Centre (Isle of Wight) Limited,Independent learning provider,"The Courtyard, Monks Brook, St Cross Business Park, Isle of Wight, PO30 5BF",Outstanding,31 March 2022,https://reports.ofsted.gov.uk/provider/33/51002
2814677,The Chartered Institute of Building,Independent learning provider,"The Chartered Institute of Building, 3 Arlington Square, Downshire Way, Bracknell, Reading, RG12 1WA",Outstanding,31 March 2022,https://reports.ofsted.gov.uk/provider/33/2814677
2701044,The Chief Constable of Greater Manchester,Training provider,"Greater Manchester Police, Sedgley Park Training School, Sedgley Park Road, Prestwich, Manchester, Lancashire, M25 0JT",Outstanding,31 March 2022,https://reports.ofsted.gov.uk/provider/30/2701044
2539298,The Chief Constable Of Hampshire,Training provider,"Hamble Lane, Hamble, Southampton, SO31 4TS",Outstanding,31 March 2022,https://reports.ofsted.gov.uk/provider/30/2539298
2674173,The Chief Constable of Merseyside,Training provider,"Merseyside Police, Joint Command Center, Bridle Road, Liverpool, Merseyside, L30 4YD",Outstanding,31 March 2022,https://reports.ofsted.gov.uk/provider/30/2674173
2539277,The Chief Constable Of Northumbria,Training provider,"North Road, Ponteland, NEWCASTLE UPON TYNE, NE20 0BL",Outstanding,31 March 2022,https://reports.ofsted.gov.uk/provider/30/2539277
2701045,The Chief Constable of South Yorkshire,Training provider,"Robert Dyson House, South Yorkshire Police Training Centre Callflex Park, Doncaster Road, Rotherham, South Yorkshire, S63 7EF",Outstanding,31 March 2022,https://reports.ofsted.gov.uk/provider/30/2701045
2554108,The Chief Constable Of Surrey,Training provider,"Mount Browne, Sandy Lane, Guildford, GU3 1HG",Outstanding,31 March 2022,https://reports.ofsted.gov.uk/provider/30/2554108
2554104,The Chief Constable Of Sussex,Training provider,"Sussex Police, Malling House, Church Lane, Lewes, East Sussex, BN7 2DZ",Outstanding,31 March 2022,https://reports.ofsted.gov.uk/provider/30/2554104
1278690,The Chief Constable of Thames Valley,Training provider,"Force Training Centre, Sulhamstead, Reading, RG7 4DX",Outstanding,31 March 2022,https://reports.ofsted.gov.uk/provider/30/1278690
2814678,The Chief Constable of West Midlands,Independent learning provider,"Tally Ho Training Centre, Pershore Road, Birmingham, B5 7RN",Outstanding,31 March 2022,https://reports.ofsted.gov.uk/provider/33/2814678
2654146,The Chief Constable of West Yorkshire,Training provider,"Carr Gate Training Complex, Bradford Road, Carr Gate, Wakefield, West Yorkshire, WF2 0QD",Outstanding,31 March 2022,https://reports.ofsted.gov.uk/provider/30/2654146
58467,The Child Care Company (Old Windsor) Limited,Independent learning provider,"Floor 1, The Switch 1-7, The Grove, Slough, SL1 1QP",Outstanding,31 March 2022,https://reports.ofsted.gov.uk/provider/33/58467
130487,The City of Liverpool College,Further education college,"Clarence Street, Liverpool, Merseyside, L3 5TP",Outstanding,31 March 2022,https://reports.ofsted.gov.uk/provider/31/130487
,The City of Sunderland College,,"The City of Sunderland College, Kirkley Hall, Kirkley, NEWCASTLE UPON TYNE, NE20 0AQ",,30 April 2003,https://reports.ofsted.gov.uk/provider/3/SC046042
2626854,The Coders Guild Ltd,Independent learning provider,"Avenue HQ, 10-12 East Parade Leeds, Leeds, LS1 2BH",Outstanding,31 March 2022,https://reports.ofsted.gov.uk/provider/33/2626854
2868453,The Colebridge Trust Ltd,Independent learning provider,"The Priory, Church Hill Road, Solihull, B91 3LF",,,https://reports.ofsted.gov.uk/provider/33/2868453
51224,The College of Animal Welfare Limited,Independent learning provider,"Headland House, Chord Business Park London Road, Godmanchester, Huntingdon, PE29 2BQ",Outstanding,31 March 2022,https://reports.ofsted.gov.uk/provider/33/51224
152062,The College of Richard Collyer In Horsham,,"Hurst Road, Horsham, West Sussex, RH12 2EJ",,,https://reports.ofsted.gov.uk/provider/46/152062
130763,The College of West Anglia,Further education college,"Tennyson Avenue, King's Lynn, Norfolk, PE30 2QW",Outstanding,31 March 2022,https://reports.ofsted.gov.uk/provider/31/130763
2654234,The Colleges' Partnership Limited,Independent learning provider,"Sunrise Business Park, 14b Blandford Forum, Dorset, DT11 8ST",Outstanding,31 March 2022,https://reports.ofsted.gov.uk/provider/33/2654234
2540476,The Constellation Trust,Independent learning provider,"296 Anlaby Park Road South, Hull, HU4 7JB",Outstanding,31 March 2022,https://reports.ofsted.gov.uk/provider/33/2540476
2683901,The Construction Skills People Ltd,Independent learning provider,"Unit 1, The Bridge Business Centre, Chesterfield, Derbyshire, S41 9FG",Outstanding,31 March 2022,https://reports.ofsted.gov.uk/provider/33/2683901
51349,The Cornwall Council,Training provider,"Chy Trevail, Beacon Technology Park, Dunmere Road, Bodmin, PL31 2FR",Outstanding,31 March 2022,https://reports.ofsted.gov.uk/provider/42/51349
70357,The Coventry SCITT,Training provider,"Sidney Stringer Academy, Bath Street, Coventry, Warwickshire, CV1 5LY",,10 January 2019,https://reports.ofsted.gov.uk/provider/41/70357
2748204,The Curious Lounge C.I.C. (trading as The Curious Academy),Independent learning provider,"The Curious Lounge, 1st Floor, Pinnacle, 20 Tudor Road, Reading, RG1 1NH",Outstanding,31 March 2022,https://reports.ofsted.gov.uk/provider/33/2748204
131860,The David Lewis Centre,,"Mill Lane, Warford, Mill Lane, Alderley Edge, Cheshire, SK9 7UD",Outstanding,31 March 2022,https://reports.ofsted.gov.uk/provider/39/131860
2656445,The Developer Academy Limited,Independent learning provider,"Oxo House, 4 Joiner Street, Sheffield, S3 8GW",Outstanding,31 March 2022,https://reports.ofsted.gov.uk/provider/33/2656445
1270853,The Development Manager Ltd,Independent learning provider,"County House, St Mary's Street, Worcester, WR1 1HB",Outstanding,31 March 2022,https://reports.ofsted.gov.uk/provider/33/1270853
1270929,The Education and Skills Partnership Ltd,Independent learning provider,"Williamson House, Wotton Road, Ashford, TN23 6LW",Outstanding,31 March 2022,https://reports.ofsted.gov.uk/provider/33/1270929
130576,The Education Training Collective,Further education college,"Harvard Avenue, Thornaby, Stockton-on-Tees, Cleveland, TS17 6FB",Outstanding,01/08/2018,https://reports.ofsted.gov.uk/provider/31/130576
2539263,The Educationwise Academy Ltd,Independent learning provider,"Engine Shed, Station Approach, Redcliffe, Bristol, BS1 6QH",Outstanding,31 March 2022,https://reports.ofsted.gov.uk/provider/33/2539263
2691320,The Elliot Foundation Academies Trust,Independent learning provider,"144 York Way, London, N1 0AX",Outstanding,31 March 2022,https://reports.ofsted.gov.uk/provider/33/2691320
2526592,The Employers Forum Ltd,Independent learning provider,"The Stables, Sharrow Lane, Sheffield, South Yorkshire, S11 8AE",Outstanding,31 March 2022,https://reports.ofsted.gov.uk/provider/33/2526592
2674165,The Engagement Coach Limited,Independent learning provider,"Pure Offices, 3 Plato Close, Warwick, CV34 6WE",,,https://reports.ofsted.gov.uk/provider/33/2674165
2654122,The Equestrian Learning Academy Limited,Independent learning provider,"01 Meadlake Place, Thorpe Lea Road, Egham, Surrey, TW20 8HE",Outstanding,31 March 2022,https://reports.ofsted.gov.uk/provider/33/2654122
152248,The FAR Academy,,"Unit 77 - 80 John Wilson Business Park, Harvey Drive, Chestfield, Whitsable, Kent, CT5 3QT",,,https://reports.ofsted.gov.uk/provider/39/152248
2674159,The Fernandes and Rosario Consulting Limited,Independent learning provider,"FAR Training, Tower House, Askham Fields Lane, York, YO23 3NU",Outstanding,31 March 2022,https://reports.ofsted.gov.uk/provider/33/2674159
54842,The Football Association Premier League Limited,Independent learning provider,"57 North Wharf Road, Paddington, London, W2 1HQ",Outstanding,31 March 2022,https://reports.ofsted.gov.uk/provider/33/54842
131891,The Fortune Centre of Riding Therapy,,"AVON TYRRELL, BRANSGORE, CHRISTCHURCH, DORSET, BH23 8EE",Outstanding,31 March 2022,https://reports.ofsted.gov.uk/provider/39/131891
2674166,The Forward Trust,Independent learning provider,"Unit 106-107, Edinburgh House, 170 Kennington Lane, London, SE11 5DP",Outstanding,31 March 2022,https://reports.ofsted.gov.uk/provider/33/2674166
2748182,The Gas Rooms Limited,Independent learning provider,"Unit 26, Clawthorpe Hall Business Centre, Burton-In-Kendal, Carnforth, LA6 1NU",Outstanding,31 March 2022,https://reports.ofsted.gov.uk/provider/33/2748182
2539273,The Go-Ahead Group PLC,Training provider,"Recruitment and Training Academy, 1 Warner Road, Camberwell, London, SE5 9LU",Outstanding,31 March 2022,https://reports.ofsted.gov.uk/provider/30/2539273
70028,The Grand Union Training Partnership,Training provider,"Sponne School, Brackley Road, -, Towcester, East Midlands, NN12 6DJ",,05 August 2006,https://reports.ofsted.gov.uk/provider/41/70028
53233,The Growth Company Limited,Independent learning provider,"Lee House, 90 Great Bridgewater Street, M1 5JW",Outstanding,31 March 2022,https://reports.ofsted.gov.uk/provider/33/53233
54859,The Hammond,,"Hoole Bank House, Mannings Lane, Hoole Bank, Chester, CH2 4ES",Outstanding,31 March 2022,https://reports.ofsted.gov.uk/provider/38/54859
54860,The Harington Scheme Limited,Independent learning provider,"The Harington Scheme, 55a Cholmeley Park, Highgate, N6 5EH",Outstanding,31 March 2022,https://reports.ofsted.gov.uk/provider/33/54860
130789,The Henley College,,"Deanfield Avenue, Henley-on-Thames, Oxfordshire, RG9 1UH",Outstanding,31 March 2022,https://reports.ofsted.gov.uk/provider/40/130789
131934,The Hesley Village College,Further education college,"Hesley Hall, Stripe Road, Doncaster, South Yorkshire, DN11 9HH",,,https://reports.ofsted.gov.uk/provider/31/131934
142915,The Hive College,,"Perry Common Road, Birmingham, West Midlands, B23 7AT",Outstanding,31 March 2022,https://reports.ofsted.gov.uk/provider/39/142915
2654180,The Independent Windscreen Academy Ltd,Independent learning provider,"Rcce House, Threshelfords Business Park, Inworth Road, Colchester, CO5 9SE",Outstanding,31 March 2022,https://reports.ofsted.gov.uk/provider/33/2654180
2643272,The Institute of Chartered Accountants of Scotland,Independent learning provider,"C A House, 21 Haymarket Yards, Edinburgh, EH12 5BH",,,https://reports.ofsted.gov.uk/provider/33/2643272
2556377,"The Institute Of Revenues, Rating And Valuation",Independent learning provider,"167-169 Great Portland Street, 5th Floor, London, W1W 5PF",Outstanding,31 March 2022,https://reports.ofsted.gov.uk/provider/33/2556377
2868436,The Institute of Telecommunications Professionals,Independent learning provider,"Telephone Exchange, Green Street, Sunbury-On-Thames, TW16 6QJ",,,https://reports.ofsted.gov.uk/provider/33/2868436
2868446,The International Education Group (TiEGr),Independent learning provider,"14 Maypole Street, Newhall, Harlow, DE11 0JP",,,https://reports.ofsted.gov.uk/provider/33/2868446
130724,The Isle of Wight College,Further education college,"Medina Way, Newport, Isle of Wight, PO30 5TA",Outstanding,31 March 2022,https://reports.ofsted.gov.uk/provider/31/130724
1276439,The IT Skills Management Company Limited,Independent learning provider,"Floor 11, Clifton Heights, Triangle West, Bristol, BS8 1EJ",Outstanding,31 March 2022,https://reports.ofsted.gov.uk/provider/33/1276439
52598,The JGA Group,Independent learning provider,"Unit 201 2nd Floor Metroline House, 118-122 College Road, Harrow, Middlesex, HA1 1BQ",Outstanding,31 March 2022,https://reports.ofsted.gov.uk/provider/33/52598
70325,The John Taylor SCITT,Training provider,"Dunstall Road, -, Barton Under Needwood, Staffordshire, DE13 8AZ",,09 November 2017,https://reports.ofsted.gov.uk/provider/41/70325
53104,The Learning and Enterprise College Bexley,Training provider,"5 Brampton Road, Bexleyheath, DA7 4EZ",Outstanding,31 March 2022,https://reports.ofsted.gov.uk/provider/42/53104
54877,The Learning Curve,Independent learning provider,"91 Union Street, Torquay, TQ1 3AG",Outstanding,31 March 2022,https://reports.ofsted.gov.uk/provider/33/54877
50376,The Learning Foundry Limited,Independent learning provider,"Watson Building, 4 Renshaw Street, Merseyside, Liverpool, L1 2SA",Outstanding,31 March 2022,https://reports.ofsted.gov.uk/provider/33/50376
59113,The Learning Partnership for Cornwall and The Isles of Scilly Limited,Independent learning provider,"5-6 Station Road, Redruth, Cornwall, TR15 2AB",Outstanding,31 March 2022,https://reports.ofsted.gov.uk/provider/33/59113
2556365,The Link Training Academy Limited,Independent learning provider,"19 Brook Street, Huddersfield, HD1 1EB",Outstanding,31 March 2022,https://reports.ofsted.gov.uk/provider/33/2556365
53160,The London College of Beauty Therapy Limited,Independent learning provider,"3-5 Fashion Street, London, E1 6PX",Outstanding,31 March 2022,https://reports.ofsted.gov.uk/provider/33/53160
1248021,The London Hairdressing Apprenticeship Academy Limited,Independent learning provider,"Dunelm Rise, Durham Gate, Spennymoor, Durham, DL16 6FS",Outstanding,31 March 2022,https://reports.ofsted.gov.uk/provider/33/1248021
146031,The London Screen Academy,,"Highbury Grove, London, N5 2AG",Outstanding,31 March 2022,https://reports.ofsted.gov.uk/provider/46/146031
1278670,The Management Academy Ltd,Independent learning provider,"The Mill House, Aynho, Banbury, Oxfordshire, OX17 3AY",Outstanding,31 March 2022,https://reports.ofsted.gov.uk/provider/33/1278670
133844,The Manchester Metropolitan University,Apprenticeship provider,"All Saints Building, Oxford Road, Manchester, M15 6BH",Outstanding,31 March 2022,https://reports.ofsted.gov.uk/provider/43/133844
130414,The Marine Society College of the Sea,Further education college,"200b Lambeth Road, London, SE1 7JY",Outstanding,31 March 2022,https://reports.ofsted.gov.uk/provider/31/130414
130404,The Mary Ward Centre (AE Centre),Further education college,"42 - 43 Queen Square, Camden, London, WC1N 3AQ",Outstanding,31 March 2022,https://reports.ofsted.gov.uk/provider/31/130404
58806,The Military Preparation College,Independent learning provider,"MPCT House, OAK TREE COURT, Cardiff, CF23 8RS",Outstanding,31 March 2022,https://reports.ofsted.gov.uk/provider/33/58806
131923,The Mount Camphill Community Ltd,,"Faircrouch Lane, East Sussex, Wadhurst, East Sussex, TN5 6PT",Outstanding,31 March 2022,https://reports.ofsted.gov.uk/provider/39/131923
148721,The National College for Advanced Transport and Infrastructure,Further education college,"2 Lister Street, Birmingham, B7 4AG",Outstanding,31 March 2022,https://reports.ofsted.gov.uk/provider/31/148721
1276505,The National Logistics Academy Ltd,Independent learning provider,"Greengate, Middleton, Manchester, M24 1RU",Outstanding,31 March 2022,https://reports.ofsted.gov.uk/provider/33/1276505
1272920,The National Mathematics and Physics SCITT,Training provider,"Wycombe High School Academies Trust, Marlow Road, High Wycombe, HP11 1TB",,15 July 2021,https://reports.ofsted.gov.uk/provider/41/1272920
1253876,The National Modern Languages SCITT,Training provider,"Bents Crescent, Sheffield, South Yorkshire, S11 9Q",,14 July 2021,https://reports.ofsted.gov.uk/provider/41/1253876
1276266,The Newcastle Upon Tyne Hospitals NHS Foundation Trust,Training provider,"Newcastle Hospitals, Percy Street, Level 1, Eldon Court, Newcastle Upon Tyne, NE1 7RZ",Outstanding,31 March 2022,https://reports.ofsted.gov.uk/provider/30/1276266
130571,The Northern School of Art,Further education college,"Newport Road, Middlesbrough, TS1 1LA",Outstanding,31 March 2022,https://reports.ofsted.gov.uk/provider/31/130571
53644,The Northumberland Council,Training provider,"County Hall, Hepscott Park, Morpeth, NE61 2EF",Outstanding,31 March 2022,https://reports.ofsted.gov.uk/provider/42/53644
133855,The Nottingham Trent University,Apprenticeship provider,"Burton Street, Nottingham, Nottinghamshire, NG1 4BU",Outstanding,31 March 2022,https://reports.ofsted.gov.uk/provider/43/133855
1270879,The Number 4 Group Limited,Independent learning provider,"Greetwell Place, 2 Lime Kiln Way, Lincoln, LN2 4US",Good,29 September 2019,https://reports.ofsted.gov.uk/provider/33/1270879
1278585,The NVQ Training Centre Limited,Independent learning provider,"Hastingwood Industrial Park, Wood Lane, Erdington, Birmingham, B24 9QR",Outstanding,31 March 2022,https://reports.ofsted.gov.uk/provider/33/1278585
2654207,The OCM Group Limited,Independent learning provider,"Unit 1, Bennetts Farm, Newbury, RG20 0BL",Outstanding,31 March 2022,https://reports.ofsted.gov.uk/provider/33/2654207
130505,The Oldham College,Further education college,"Rochdale Road, Oldham, Lancashire, OL9 6AA",Outstanding,31 March 2022,https://reports.ofsted.gov.uk/provider/31/130505
133849,The Open University,Apprenticeship provider,"Walton Hall, Milton Keynes, Buckinghamshire, MK7 6AA",Outstanding,31 March 2022,https://reports.ofsted.gov.uk/provider/43/133849
2539267,The Opportunity Group,Independent learning provider,"Walker Road, Newcastle Upon Tyne, NE6 2HL",Outstanding,31 March 2022,https://reports.ofsted.gov.uk/provider/33/2539267
2643275,The Organisation for Professionals in Regulatory Affairs Limited,Independent learning provider,"3 Harbour Exchange Square, South Quay, London, E14 9GE",Outstanding,31 March 2022,https://reports.ofsted.gov.uk/provider/33/2643275
53771,The Oxford School of Drama,,"Sansoms Farm Studios, Wootton, Woodstock, OX20 1ER",Outstanding,31 March 2022,https://reports.ofsted.gov.uk/provider/38/53771
148174,The Park College,,"5 Kennington Park Place, London, SE11 4AS",Outstanding,31 March 2022,https://reports.ofsted.gov.uk/provider/39/148174
2804873,The Pioneer Sailing Trust,Independent learning provider,"Harkers Yard, Shipyard Estate, Copperas Rod, Brightlingsea, Colchester, CO7 0AR",Outstanding,31 March 2022,https://reports.ofsted.gov.uk/provider/33/2804873
1270924,The Portland Training Company Limited,Independent learning provider,"Davian House, Julian Way, Roman Ridge Industrial Estate, Sheffield, S9 1GD",Outstanding,31 March 2022,https://reports.ofsted.gov.uk/provider/33/1270924
2625237,The Press Association Limited,Independent learning provider,"Third Floor, 61 Queen Street, LONDON, EC4R 1AE",Outstanding,31 March 2022,https://reports.ofsted.gov.uk/provider/33/2625237
2674160,The Prime College Limited,Independent learning provider,"Regus Business Centre, Hillswood Business Park, 3000 Hillswood Drive, Chertsey, KT16 0RS",,,https://reports.ofsted.gov.uk/provider/33/2674160
1278671,The Priory Federation of Academies,Independent learning provider,"The Priory Federation of Academies Trust, Clayton Road, Lincoln, Lincolnshire, LN5 8RE",Outstanding,31 March 2022,https://reports.ofsted.gov.uk/provider/33/1278671
2626874,The Procurement Academy Limited,Independent learning provider,"Mount Pleasant Hotel, Great North Road, Rossington, DONCASTER, DN11 0HW",Outstanding,31 March 2022,https://reports.ofsted.gov.uk/provider/33/2626874
1276410,The Recalvi Enterprise Ltd,Independent learning provider,"25 Cabot Square, London, E14 4QZ",Outstanding,31 March 2022,https://reports.ofsted.gov.uk/provider/33/1276410
2730917,The Restore Trust,Independent learning provider,"4-6, Longmead Avenue, Bristol, BS7 8QD",Outstanding,31 March 2022,https://reports.ofsted.gov.uk/provider/33/2730917
2717168,The Retrofit Academy Community Interest Company,Independent learning provider,"Barn 4, Dunston Business Village, Dunston, Stafford, ST18 9AB",Outstanding,31 March 2022,https://reports.ofsted.gov.uk/provider/33/2717168
54916,The Reynolds Group Limited,Independent learning provider,"Reynolds Training Academy, Orchard House, Kent Road, Dartford, DA1 2AJ",Outstanding,31 March 2022,https://reports.ofsted.gov.uk/provider/33/54916
142921,The Ridge Employability College,,"10 Ebor Court, Malton Way, Adwick-le-Street, Doncaster, South Yorkshire, DN6 7FE",Outstanding,31 March 2022,https://reports.ofsted.gov.uk/provider/39/142921
2868452,The Root of It Limited,Independent learning provider,"377-379 Bitterne Road, Bitterne, SO18 5RR",,,https://reports.ofsted.gov.uk/provider/33/2868452
2674169,The Royal Artillery Centre for Personal Development,Independent learning provider,"Old Fire Station, Salt Lane, Salisbury, SP1 1DU",Outstanding,31 March 2022,https://reports.ofsted.gov.uk/provider/33/2674169
2691321,The S&A Transform Group Limited,Independent learning provider,"6th Floor, 2 London Wall Place, London, EC2Y 5AU",Outstanding,31 March 2022,https://reports.ofsted.gov.uk/provider/33/2691321
2848701,The Shaw Education Trust,Training provider,"Kidsgrove Secondary School, Gloucester Road, Kidsgrove, Stoke-On-Trent, Staffordshire, ST7 4DL",,,https://reports.ofsted.gov.uk/provider/30/2848701
130531,The Sheffield College,Further education college,"Granville Road, Sheffield, South Yorkshire, S2 2RL",Outstanding,31 March 2022,https://reports.ofsted.gov.uk/provider/31/130531
70306,The Sheffield SCITT,Training provider,"Notre Dame High School, Fulwood Road, Sheffield, South Yorkshire, S10 3BT",,16 January 2018,https://reports.ofsted.gov.uk/provider/41/70306
2526596,The Side By Side Partnership Limited,Independent learning provider,"Middle Farm Barns, Dorchester, DT1 3WA",Outstanding,31 March 2022,https://reports.ofsted.gov.uk/provider/33/2526596
151134,The Sixth Form College Colchester,,"North Hill, Colchester, Essex, CO1 1SN",,,https://reports.ofsted.gov.uk/provider/46/151134
145057,The Sixth Form College Farnborough,,"Prospect Avenue, Farnborough, Hampshire, GU14 8JX",Outstanding,31 March 2022,https://reports.ofsted.gov.uk/provider/46/145057
2814703,The Skills Blueprint Ltd,Independent learning provider,"2 Parker Way, Nettleham, Lincoln, LN2 2FS",Outstanding,31 March 2022,https://reports.ofsted.gov.uk/provider/33/2814703
2626885,The Skills Centre London Limited,Independent learning provider,"The Skills Centre Head Office, 1 Crown Court, London, EC2V 6JP",Outstanding,31 March 2022,https://reports.ofsted.gov.uk/provider/33/2626885
1220396,The Skills Network Limited,Independent learning provider,"10-16 Abbey Court Benedict Drive, Selby, North Yorkshire, YO8 8RY",Outstanding,31 March 2022,https://reports.ofsted.gov.uk/provider/33/1220396
54409,The Skills Partnership Limited,Independent learning provider,"9 Greyfriars Road, Reading, RG1 1NU",Outstanding,31 March 2022,https://reports.ofsted.gov.uk/provider/33/54409
2791030,The Small Business Academy,Independent learning provider,"Peel House (UNIT 8), Peel Hall Business Village, Peel Road, Blackpool, Lancashire, FY4 5JX",Outstanding,31 March 2022,https://reports.ofsted.gov.uk/provider/33/2791030
2510889,The Society Of Local Authority Chief Executives And Senior Managers (Solace Group) Ltd,Independent learning provider,"Ground Floor, 2 Red Hall Court, Wakefield, WF2 6EA",Outstanding,31 March 2022,https://reports.ofsted.gov.uk/provider/33/2510889
2654147,The Specialists Hub Ltd,Independent learning provider,"Woodhouse Park Lifestyle Centre, Portway, Manchester, M22 1QW",Outstanding,31 March 2022,https://reports.ofsted.gov.uk/provider/33/2654147
2701046,The Spencer Academies Trust,Independent learning provider,"Portland Spencer Conference Centre, Birchover Rd, Nottingham, Nottinghamshire, NG8 4BW",Outstanding,31 March 2022,https://reports.ofsted.gov.uk/provider/33/2701046
2554082,The Square Metre Limited,Independent learning provider,"The Former County Court, 13 Church Road, Redditch, B97 4AB",Outstanding,31 March 2022,https://reports.ofsted.gov.uk/provider/33/2554082
1237215,The Tess Group,Independent learning provider,"109 Innovation Centre, Green Street, Northampton, NN1 1SY",Outstanding,31 March 2022,https://reports.ofsted.gov.uk/provider/33/1237215
2790997,The Thrive Tribe Collective Ltd,Independent learning provider,"7 Greetwell Place, Lincoln, LN2 4US",Outstanding,31 March 2022,https://reports.ofsted.gov.uk/provider/33/2790997
70304,The Tommy Flowers SCITT Milton Keynes,Training provider,"St Paul's Catholic School, Phoenix drive, Leadenhall, Milton Keynes, Buckinghamshire, MK6 5EN",,09 January 2018,https://reports.ofsted.gov.uk/provider/41/70304
130519,The Trafford and Stockport College Group,Further education college,"Manchester Road, Altrincham, WA14 5PQ",Outstanding,05/04/2018,https://reports.ofsted.gov.uk/provider/31/130519
55051,The Training & Learning Company,Independent learning provider,"Axis 19, Axis Court, Mallard Way, SA7 0AJ",Outstanding,31 March 2022,https://reports.ofsted.gov.uk/provider/33/55051
1270882,The Training Brokers Limited,Independent learning provider,"Wesley House, 24 Wesley Street, Swinton, M27 6AD",Outstanding,31 March 2022,https://reports.ofsted.gov.uk/provider/33/1270882
2654164,The Training Initiative Group Ltd,Independent learning provider,"The Enterprise Centre, Corporation Street, Tamworth, B79 7DN",Outstanding,31 March 2022,https://reports.ofsted.gov.uk/provider/33/2654164
2556393,The Training Place Of Excellence Limited,Independent learning provider,"12 Carlton Cottages, New Cross Road, London, SE14 5BE",Outstanding,31 March 2022,https://reports.ofsted.gov.uk/provider/33/2556393
1278618,The University of Law Limited,Apprenticeship provider,"2 Bunhill Row, Moorgate, London, EC1Y 8HQ",Outstanding,31 March 2022,https://reports.ofsted.gov.uk/provider/43/1278618
50029,The Urdang Academy,,"The Old Finsbury Town Hall, Rosebery Avenue, EC1R 4RP",Outstanding,04 December 2007,https://reports.ofsted.gov.uk/provider/38/50029
2654173,The Vocational Academy Essex Ltd,Independent learning provider,"1 Eldon Way Industrial Estate, Hockley, Essex, SS5 4AD",Outstanding,31 March 2022,https://reports.ofsted.gov.uk/provider/33/2654173
58920,The West Midlands Creative Alliance Limited,Independent learning provider,"LG01/LG02, The Custard Factory, Gibb Street, Birmingham, B9 4AT",Outstanding,31 March 2022,https://reports.ofsted.gov.uk/provider/33/58920
1248024,The White Rose School Of Beauty And Complementary Therapies Limited,Independent learning provider,"Windsor House, Cornwall Road, HARROGATE, North Yorkshire, HG1 2PW",Outstanding,22 March 2019,https://reports.ofsted.gov.uk/provider/33/1248024
50245,The Wiltshire Council,Training provider,"County Hall, Bythesea Road, Trowbridge, Wiltshire, BA14 8JN",Outstanding,31 March 2022,https://reports.ofsted.gov.uk/provider/42/50245
2832197,The Women's Work Lab C.I.C,Independent learning provider,"QC30, 201 Queen Charlotte Street, Bristol, BS1 4HJ",,,https://reports.ofsted.gov.uk/provider/33/2832197
2741646,The Working Knowledge Group Limited,Independent learning provider,"Desklodge House, 2 Redcliffe Way, Bristol, BS1 6NL",Outstanding,31 March 2022,https://reports.ofsted.gov.uk/provider/33/2741646
53032,TheLightbulb Ltd,Independent learning provider,"Edison House, 2-3, Paycocke Road, Basildon, Essex, SS14 3DP",Outstanding,31 March 2022,https://reports.ofsted.gov.uk/provider/33/53032
54958,Thermal Insulation Contractors Association (TICA),Independent learning provider,"Tica House, Allington Way, Yarm Road Business Park, DL1 4QB",Outstanding,31 March 2022,https://reports.ofsted.gov.uk/provider/33/54958
1270745,Think Employment Limited,Independent learning provider,"Provincial House, 140 Victoria Street, Grimsby, DN31 1NX",Outstanding,31 March 2022,https://reports.ofsted.gov.uk/provider/33/1270745
145230,Thomas Rotherham College,,"Moorgate Road, Rotherham, South Yorkshire, S60 2BE",Outstanding,31 March 2022,https://reports.ofsted.gov.uk/provider/46/145230
150042,Thompsons Academy trading as Navigators,,"Laser House, Waterfront Quay, Salford, M50 3XW",Outstanding,31 March 2022,https://reports.ofsted.gov.uk/provider/39/150042
132030,Thornbeck College - North East Autism Society,,"Thornbeck College (Aycliffe Campus), Cedar Drive, Newton Aycliffe, County Durham, DL5 6UN",Outstanding,31 March 2022,https://reports.ofsted.gov.uk/provider/39/132030
1278668,Three Dimensional Training Limited,Independent learning provider,"Unit 32, Shore Road, Woodside Business Park, Birkenhead, Wirral, CH41 1EL",Outstanding,31 March 2022,https://reports.ofsted.gov.uk/provider/33/1278668
1236712,Thrive Skills Limited,Independent learning provider,"Suite 2, The Old Foundry, Bath Street, Walsall, WS1 3BZ",Outstanding,31 March 2022,https://reports.ofsted.gov.uk/provider/33/1236712
54975,Thurrock Adult Community College,Training provider,"Old Court House, Orsett Road, Grays, Essex, RM17 5DD",Outstanding,31 March 2022,https://reports.ofsted.gov.uk/provider/42/54975
2654202,Time Training Limited,Independent learning provider,"Blair Atholl House, Ashfield Avenue, Feltham, TW13 5BB",Outstanding,31 March 2022,https://reports.ofsted.gov.uk/provider/33/2654202
2701047,Time2Train Ltd,Independent learning provider,"Bizspace Ltd Design Works Unit 101, William Street, Felling, Gateshead, Tyne and Wear, NE10 0JP",Outstanding,31 March 2022,https://reports.ofsted.gov.uk/provider/33/2701047
1276407,Tiro Limited,Independent learning provider,"Suite 14D Faraday Wharf, Holt Street, Birmingham, West Midlands, B7 4BB",Outstanding,31 March 2022,https://reports.ofsted.gov.uk/provider/33/1276407
70276,TKAT SCITT,Training provider,"The Kemnal Academies Trust, Atkins Centre, Sevenoaks Way, Sidcup, Kent, DA14 5AA",,24 June 2014,https://reports.ofsted.gov.uk/provider/41/70276
2791026,TLG Business Services Limited,Independent learning provider,"Derwent Point, Clasper Way, Swalwell, Newcastle Upon Tyne, NE16 3BE",Outstanding,31 March 2022,https://reports.ofsted.gov.uk/provider/33/2791026
148731,TMP College,,"830 Ormskirk Road, Pemberton, Wigan, WN5 8EX",Outstanding,31 March 2022,https://reports.ofsted.gov.uk/provider/39/148731
2539272,Together Training Ltd,Independent learning provider,"Business Lounge, West Herts College, Hempstead Road, Watford, WD17 3EZ",Outstanding,31 March 2022,https://reports.ofsted.gov.uk/provider/33/2539272
58591,Toni & Guy UK Training Limited,Independent learning provider,"71-75 New Oxford Street, London, WC1A 1DG",Outstanding,31 March 2022,https://reports.ofsted.gov.uk/provider/33/58591
1278678,Took Us A Long Time Limited,Training provider,"32 Charlotte Street, London, W1T 2NQ",Good,28 May 2019,https://reports.ofsted.gov.uk/provider/30/1278678
2761343,Total Futures,Independent learning provider,"2nd Floor, The Hub, 123 Star Lane, Canning Town, London, E16 4PZ",Outstanding,31 March 2022,https://reports.ofsted.gov.uk/provider/33/2761343
55022,Total People Limited,Independent learning provider,"Brickfield Business Centre, 60 Manchester Road, NORTHWICH, CW9 7LS",Outstanding,31 March 2022,https://reports.ofsted.gov.uk/provider/33/55022
2539255,Total Training Provision Limited,Independent learning provider,"Unit 10 Churchfield Court, Churchfield, Barnsley, South Yorkshire, S70 2JT",Outstanding,31 March 2022,https://reports.ofsted.gov.uk/provider/33/2539255
53148,Tower Hamlets Idea Store Learning,Training provider,"Idea Store - Whitechapel, 321 Whitechapel Road, London, E1 1BU",Outstanding,31 March 2022,https://reports.ofsted.gov.uk/provider/42/53148
2868437,TPC Health Ltd,Independent learning provider,"207 Regent Street (3rd Floor), London, W1B 3HH",,,https://reports.ofsted.gov.uk/provider/33/2868437
2626862,TQ Education And Training Limited,Independent learning provider,"Pearson, 80 The Strand, London, WC2R 0RL",Outstanding,31 March 2022,https://reports.ofsted.gov.uk/provider/33/2626862
2654235,Trade Skills4U Ltd,Independent learning provider,"Mitre Court, Fleming Way, Crawley, RH10 9JY",Outstanding,31 March 2022,https://reports.ofsted.gov.uk/provider/33/2654235
2701048,Trade Techs (Northern) Ltd,Independent learning provider,"Unit 14F, Queensway House, Queensway, Middlesbrough, TS3 8TF",Outstanding,31 March 2022,https://reports.ofsted.gov.uk/provider/33/2701048
2765330,Trailfinders Limited,Training provider,"23 Abingdon Road, London, W8 6AH",Outstanding,31 March 2022,https://reports.ofsted.gov.uk/provider/30/2765330
2556388,Train 2 Train Limited,Independent learning provider,"Office 22-23, The Rear Walled Garden, The Nostell Estate Yard, Nostell, Wakefield, WF4 1AB",Outstanding,31 March 2022,https://reports.ofsted.gov.uk/provider/33/2556388
1270892,Train 4 Limited,Independent learning provider,"Greetwell Place, 2 Limekiln Way, Lincoln, Lincolnshire, LN2 4US",Good,05 June 2019,https://reports.ofsted.gov.uk/provider/33/1270892
2814705,Train Talent Limited,Independent learning provider,"7a Snowdonia Avenue, Skippingdale Industrial Estate, Scunthorpe, DN15 8NL",Outstanding,31 March 2022,https://reports.ofsted.gov.uk/provider/33/2814705
1237211,Train Together,Independent learning provider,"3 Gilmour Close, Leicester, LE4 1EZ",Outstanding,31 March 2022,https://reports.ofsted.gov.uk/provider/33/1237211
2654236,Train with Pride Limited,Independent learning provider,"NEM House, Clarence Street, Gloucester, Gloucestershire, GL1 1EA",Outstanding,31 March 2022,https://reports.ofsted.gov.uk/provider/33/2654236
58166,Train'd Up Railway Resourcing Limited,Independent learning provider,"Kenmar House, 2 Wesley Drive, Benton Square Industrial Estate, Newcastle, NE12 9UP",Outstanding,31 March 2022,https://reports.ofsted.gov.uk/provider/33/58166
2791039,Train4all,Independent learning provider,"Units 1-4 Jubilee Park, Badgers Cross Lane, Somerton, TA11 7JF",Outstanding,31 March 2022,https://reports.ofsted.gov.uk/provider/33/2791039
55045,Training 2000 Limited,Independent learning provider,"Furthergate Business Park, Harwood Street, Blackburn, Lancashire, BB1 3BD",Outstanding,31 March 2022,https://reports.ofsted.gov.uk/provider/33/55045
2654124,Training Aim Academy Limited,Independent learning provider,"The Avenue, Derby, DE1 2DF",Outstanding,31 March 2022,https://reports.ofsted.gov.uk/provider/33/2654124
2619012,Training Assessment & Consultancy Services Limited,Independent learning provider,"Novus Business Centre, Judson Road, North West Industrial Estate, Peterlee, County Durham, SR8 2QJ",Outstanding,31 March 2022,https://reports.ofsted.gov.uk/provider/33/2619012
55072,Training Services 2000 Ltd,Independent learning provider,"15-21 Royal Scot Road, Pride Park, DE24 8AJ",Outstanding,31 March 2022,https://reports.ofsted.gov.uk/provider/33/55072
1270930,Training Skills UK Ltd,Independent learning provider,"Unit 22, 33 River Road Business Park, River Road, Barking, IG11 0EA",Outstanding,31 March 2022,https://reports.ofsted.gov.uk/provider/33/1270930
59129,Training Strategies Ltd,Independent learning provider,"22 Oriel Road, Bootle, Liverpool, L20 7AD",Outstanding,31 March 2022,https://reports.ofsted.gov.uk/provider/33/59129
2494998,Training Works (NW) Ltd,Independent learning provider,"Unit 16-21, Blackpool Enterprise Centre, 291-305 Lytham Road, Blackpool, Lancashire, FY4 1EW",Outstanding,31 March 2022,https://reports.ofsted.gov.uk/provider/33/2494998
2701049,Training Works 4 U Ltd,Independent learning provider,"Upper Floor, Unit 14, Jessops Riverside, 800 Brightside Lane, Sheffield, S9 2RX",Outstanding,31 March 2022,https://reports.ofsted.gov.uk/provider/33/2701049
1280316,Trainplus Ltd,Independent learning provider,"73a High Street, WICKFORD, ESSEX, SS12 9AQ",Outstanding,31 March 2022,https://reports.ofsted.gov.uk/provider/33/1280316
2556387,Trans-Plant Training Limited,Independent learning provider,"Unit C, The Matford Centre, Matford Park Road, Marsh Barton, Exeter, EX2 8FD",Outstanding,31 March 2022,https://reports.ofsted.gov.uk/provider/33/2556387
2748188,Transport Training Academy Limited,Independent learning provider,"The Training Hub @ TTA, 17 Kestrel Court, Network 65 Business Park, Burnley, BB11 5NA",Outstanding,31 March 2022,https://reports.ofsted.gov.uk/provider/33/2748188
2626886,Transport UK East Midlands Limited,Independent learning provider,"Locomotive House, Locomotive Way, Derby, DE24 8PU",Outstanding,31 March 2022,https://reports.ofsted.gov.uk/provider/33/2626886
54008,Transworld Publication Services Limited T/A Protocol Consultancy Services,Independent learning provider,"The Old Guild House, 1 New Market Street, Birmingham, B3 2NH",Outstanding,31 March 2022,https://reports.ofsted.gov.uk/provider/33/54008
58966,Travis Perkins PLC,Independent learning provider,"Ryehill House, Ryehill Close, Lodge Farm Industrial Estate, Northampton, NN5 7UA",Outstanding,31 March 2022,https://reports.ofsted.gov.uk/provider/33/58966
132980,Treloar College,,"Powell Drive, Holybourne, Alton, Hants, Hampshire, GU34 4GL",Outstanding,31 March 2022,https://reports.ofsted.gov.uk/provider/39/132980
2741647,Trendy Pooches Training Academy Limited,Independent learning provider,"Business First Office, Amy Johnson Way, Blackpool, FY4 2RP",Outstanding,31 March 2022,https://reports.ofsted.gov.uk/provider/33/2741647
1270864,Triage Centrum Limited,Independent learning provider,"251-255 Linthorpe Road, Middlesbrough, TS1 4AT",Outstanding,31 March 2022,https://reports.ofsted.gov.uk/provider/33/1270864
50525,Tring Park School for the Performing Arts,,"Tring Park, Tring, Hertfordshire, HP23 5LX",Outstanding,31 March 2022,https://reports.ofsted.gov.uk/provider/38/50525
142918,Trinity Post 16 Solutions Limited,,"Condercum Road, Benwell, Newcastle-upon-Tyne, Tyne and Wear, NE4 8XJ",Outstanding,31 March 2022,https://reports.ofsted.gov.uk/provider/39/142918
139433,Trinity Sixth Form Academy,,"Northgate House, Halifax, West Yorkshire, HX1 1UN",Outstanding,31 March 2022,https://reports.ofsted.gov.uk/provider/46/139433
142673,Trinity Solutions Academy,,"Condercum Road, Newcastle-upon-Tyne, Tyne and Wear, NE4 8XJ",Outstanding,31 March 2022,https://reports.ofsted.gov.uk/provider/46/142673
141703,Trinity Specialist College,,"The Lindridge, Lindridge Road, Sutton Coldfield, West Midlands, B75 7JB",Outstanding,31 March 2022,https://reports.ofsted.gov.uk/provider/39/141703
50315,TRN (Train) Ltd.,Independent learning provider,"Endeavour House, Colmet Court, Queensway South, Team Valley Trading Estate, Gateshead, Tyne and Wear, NE11 0EF",Outstanding,31 March 2022,https://reports.ofsted.gov.uk/provider/33/50315
1278616,TRS Training Limited,Independent learning provider,"4 Micklehead Business Village, St. Michaels Road, St. Helens, Merseyside, WA9 4YU",Outstanding,31 March 2022,https://reports.ofsted.gov.uk/provider/33/1278616
130629,Truro and Penwith College,Further education college,"College Road, Truro, Cornwall, TR1 3XX",Outstanding,31 March 2022,https://reports.ofsted.gov.uk/provider/31/130629
2625242,TTE Technical (UK) Ltd,Independent learning provider,"Middlesbrough College, Dock Street, Middlesbrough, TS2 1AD",Outstanding,31 March 2022,https://reports.ofsted.gov.uk/provider/33/2625242
55113,TTE Training Limited,Independent learning provider,"New Horizons House, New Bridge Road, Ellesmere Port, Cheshire, CH65 4LT",Outstanding,31 March 2022,https://reports.ofsted.gov.uk/provider/33/55113
55115,Tui UK Limited,Training provider,"Wigmore House, Wigmore Place, Wigmore Lane, Luton, Bedfordshire, LU2 9TN",Outstanding,31 March 2022,https://reports.ofsted.gov.uk/provider/30/55115
2748183,Turning Factor Limited,Independent learning provider,"Network House, Alkmaar Way, Norfolk, NR6 6BF",Outstanding,31 March 2022,https://reports.ofsted.gov.uk/provider/33/2748183
151745,Tute Education Ltd,,"Halladale House, Chester Business Park, Chester, CH4 9QT",,07 August 2025,https://reports.ofsted.gov.uk/provider/100003/151745
2748185,TWI Limited,Independent learning provider,"TWI Technology and Training Centre (North East), Ferrous Road, Middlesbrough, TS2 1QW",Outstanding,31 March 2022,https://reports.ofsted.gov.uk/provider/33/2748185
2674151,Twin Training International,Independent learning provider,"Greenwich Centre, 121 Lambarde Square, London, SE10 9GB",Outstanding,31 March 2022,https://reports.ofsted.gov.uk/provider/33/2674151
2674171,Tyne and Wear Fire and Rescue Authority,Training provider,"Service Headquarters, Nissan Way, Sunderland, Tyne and Wear, SR5 3QY",Outstanding,31 March 2022,https://reports.ofsted.gov.uk/provider/30/2674171
130555,Tyne Coast College,Further education college,"St George's Avenue, South Shields, Tyne and Wear, NE34 6ET",Outstanding,31 March 2022,https://reports.ofsted.gov.uk/provider/31/130555
,Tyne Coast College,,"St. Georges Avenue, SOUTH SHIELDS, Tyne and Wear, NE34 6ET",,15 September 2003,https://reports.ofsted.gov.uk/provider/3/SC054502
55131,Tyne North Training Limited,Independent learning provider,"Embleton Avenue, Wallsend, Tyne and Wear, NE28 9NJ",Outstanding,31 March 2022,https://reports.ofsted.gov.uk/provider/33/55131
2627065,Uganda Community Relief Association,Independent learning provider,"Selby Centre, Selby Road, Tottenham, London, N17 8JL",Outstanding,31 March 2022,https://reports.ofsted.gov.uk/provider/33/2627065
2654181,UK College of Business Limited,Independent learning provider,"16-17 Grand Arcade, North Finchley, London, N12 0EH",Outstanding,31 March 2022,https://reports.ofsted.gov.uk/provider/33/2654181
1278641,UK Power Networks (Operations) Limited,Training provider,"237 Southwark Bridge Road, London, SE1 6NP",Outstanding,31 March 2022,https://reports.ofsted.gov.uk/provider/30/1278641
2674170,UK Skills Academy Limited,Independent learning provider,"Riley Business Centre, Preston New Road, Samlesbury, Preston, PR5 0UP",Outstanding,31 March 2022,https://reports.ofsted.gov.uk/provider/33/2674170
55149,UK Training & Development Limited,Independent learning provider,"IMEX, 575-599 Maxted Road, Hemel Hempstead, Hertfordshire, HP2 7DX",Outstanding,31 March 2022,https://reports.ofsted.gov.uk/provider/33/55149
1278606,Ultima Skills Ltd,Independent learning provider,"Enterprise House, Wigan Enterprise Park Seaman Way, Ince, Wigan, Lancashire, WN2 2LE",Outstanding,31 March 2022,https://reports.ofsted.gov.uk/provider/33/1278606
1248029,Umbrella Training And Employment Solutions Limited,Independent learning provider,"Suite D First Floor, Quayside House, Chatham Maritime, CHATHAM, ME4 4QZ",Outstanding,31 March 2022,https://reports.ofsted.gov.uk/provider/33/1248029
1276522,Unipres (UK) Limited,Training provider,"Cherry Blossom Way, Sunderland, Tyne & Wear, SR5 3NT",Outstanding,31 March 2022,https://reports.ofsted.gov.uk/provider/30/1276522
2791034,Unique and Special Projects Ltd,Independent learning provider,"The Hub, Eden Building, Liverpool Hope University Business School, Liverpool, Merseyside, L16 9JD",,,https://reports.ofsted.gov.uk/provider/33/2791034
1278575,Unique Training Solutions Limited,Independent learning provider,"10 Sandridge Park, Porters Wood, St Albans, Hertfordshire, AL3 6PH",Outstanding,31 March 2022,https://reports.ofsted.gov.uk/provider/33/1278575
2791027,Unitas,Independent learning provider,"Diamond House, Vulcan Road North, Norwich, NR6 6AQ",Outstanding,31 March 2022,https://reports.ofsted.gov.uk/provider/33/2791027
2691322,United Church Schools Trust,Independent learning provider,"Worldwide House, Thorpe Wood, Peterborough, PE3 6SB",Outstanding,31 March 2022,https://reports.ofsted.gov.uk/provider/33/2691322
130423,United Colleges Group,Further education college,"25 Paddington Green, London, W2 1NB",Outstanding,31 March 2022,https://reports.ofsted.gov.uk/provider/31/130423
70333,United Teaching National SCITT,Training provider,"Paddington Academy, 50 Marylands Road, London, London, W9 2DR",,23 January 2018,https://reports.ofsted.gov.uk/provider/41/70333
1244875,United Utilities Water Limited,Training provider,"Bolton Technical Training Centre, Ringley Lane, Stoneclough, Radcliffe, Manchester, M26 1FL",Outstanding,31 March 2022,https://reports.ofsted.gov.uk/provider/30/1244875
57463,Universal Skills Centre Ltd,Independent learning provider,"Units 41-43, Monckton Industrial Estate, Denby Dale Road, Wakefield, West Yorkshire, WF2 7AL",Outstanding,31 March 2022,https://reports.ofsted.gov.uk/provider/33/57463
2654190,Universal Vibes Limited,Independent learning provider,"2nd Floor, 166 College Road, Harrow on the Hill, Harrow, HA1 1BH",Outstanding,31 March 2022,https://reports.ofsted.gov.uk/provider/33/2654190
2741648,University Academy 92 Limited,Independent learning provider,"Brian Statham Way, Old Trafford, Stretford, Manchester, M16 0PU",Outstanding,31 March 2022,https://reports.ofsted.gov.uk/provider/33/2741648
2512702,University Academy Holbeach,Independent learning provider,"Park Road, Holbeach, Spalding, PE12 7PU",Outstanding,31 March 2022,https://reports.ofsted.gov.uk/provider/33/2512702
1270865,University Centre Quayside Limited,Independent learning provider,"Quayside I 4, Albion Row, Newcastle Upon Tyne, Tyne and Wear, NE6 1LL",Outstanding,31 March 2022,https://reports.ofsted.gov.uk/provider/33/1270865
130803,University Centre Somerset College Group,Further education college,"Bath Road, Bridgwater, Somerset, TA6 4PZ",Outstanding,31 March 2022,https://reports.ofsted.gov.uk/provider/31/130803
133785,University College Birmingham,Apprenticeship provider,"Summer Row, Birmingham, West Midlands, B3 1JB",Outstanding,31 March 2022,https://reports.ofsted.gov.uk/provider/43/133785
133902,University College London,Apprenticeship provider,"Gower Street, London, WC1E 6BT",Outstanding,31 March 2022,https://reports.ofsted.gov.uk/provider/43/133902
70119,University College London (UCL),Training provider,"20 Bedford Way, -, London, London, WC1H 0AL",,05 August 2006,https://reports.ofsted.gov.uk/provider/41/70119
2654208,University College London Hospitals NHS Foundation Trust,Training provider,"250 Euston Road, London, NW1 2PG",,,https://reports.ofsted.gov.uk/provider/30/2654208
1276381,University College of Estate Management,Apprenticeship provider,"Horizons, 60 Queens Road, Reading, Berkshire, RG1 4BS",Outstanding,31 March 2022,https://reports.ofsted.gov.uk/provider/43/1276381
133821,University for the Creative Arts,,"Falkner Road, Farnham, Surrey, GU9 7DS",Outstanding,23 December 2011,https://reports.ofsted.gov.uk/provider/43/133821
58839,University Hospital Southampton NHS Foundation Trust,Independent learning provider,"Tremona Road, Southampton, SO16 6YD",Good,09 March 2011,https://reports.ofsted.gov.uk/provider/33/58839
2730918,University Hospitals of Derby and Burton NHS Foundation Trust,Training provider,"Johnson Building, Locomotive Way, Pride Park, Derby, DE24 8PU",Outstanding,31 March 2022,https://reports.ofsted.gov.uk/provider/30/2730918
58442,University Hospitals of Leicester NHS Trust,Independent learning provider,"Leicester Royal Infirmary, Infirmary Square, Leicester, Leicestershire, LE1 5WW",Outstanding,31 March 2022,https://reports.ofsted.gov.uk/provider/33/58442
133789,University of Bath,Apprenticeship provider,"Claverton Down, Bath, Somerset, BA2 7AY",Outstanding,31 March 2022,https://reports.ofsted.gov.uk/provider/43/133789
133841,University of Bedfordshire,Apprenticeship provider,"Park Square, Luton, Bedfordshire, LU1 3JU",Outstanding,31 March 2022,https://reports.ofsted.gov.uk/provider/43/133841
70160,University of Bedfordshire,Training provider,"University of Bedfordshire, Bedford Campus, Polhill Avenue, Bedford, Bedfordshire, MK41 9EA",,21 June 2010,https://reports.ofsted.gov.uk/provider/41/70160
133784,University of Birmingham,Apprenticeship provider,"Chancellors Court, Edgbaston, Birmingham, West Midlands, B15 2TT",Outstanding,31 March 2022,https://reports.ofsted.gov.uk/provider/43/133784
70001,University of Birmingham,Training provider,"University Of Birmingham, Edgbaston, Birmingham, West Midlands, B15 2TT",,05 August 2006,https://reports.ofsted.gov.uk/provider/41/70001
133794,University of Bolton,Apprenticeship provider,"Deane Road, Bolton, BL3 5AB",Outstanding,31 March 2022,https://reports.ofsted.gov.uk/provider/43/133794
133791,University of Bradford,Apprenticeship provider,"Richmond Road, Bradford, West Yorkshire, BD7 1DP",Outstanding,31 March 2022,https://reports.ofsted.gov.uk/provider/43/133791
133796,University of Brighton,Apprenticeship provider,"Mithras House, Lewes Road, Brighton, East Sussex, BN2 4AT",Outstanding,31 March 2022,https://reports.ofsted.gov.uk/provider/43/133796
70005,University of Brighton,Training provider,"University of Brighton, Checkland Building room A310, Falmer, Brighton, East Sussex, BN1 9PH",,05 August 2006,https://reports.ofsted.gov.uk/provider/41/70005
70006,University of Bristol,Training provider,"School of Education, 35 Berkeley Square, Bristol, Bristol, BS8 1JA",,05 August 2006,https://reports.ofsted.gov.uk/provider/41/70006
133799,University of Bristol,,"Beacon House, Queens Road, Bristol, BS8 1QU",,,https://reports.ofsted.gov.uk/provider/43/133799
135414,University of Buckingham,Apprenticeship provider,"Hunter Street, Yoemanry House, Buckingham, Buckinghamshire, MK18 1EG",Outstanding,31 March 2022,https://reports.ofsted.gov.uk/provider/43/135414
70172,University of Buckingham,Training provider,"University of Buckingham, Hunter Street, Buckingham, Bucks, MK18 1EG",,11 February 2008,https://reports.ofsted.gov.uk/provider/41/70172
70133,University of Cambridge,Training provider,"Faculty of Education, 184 Hills Road, Cambridge, Cambridgeshire, CB2 8PQ",,05 August 2006,https://reports.ofsted.gov.uk/provider/41/70133
133801,University of Cambridge,Apprenticeship provider,"Vice Chancellor's Office, University Offices, The Old Schools, Cambridge, CB2 1TN",Outstanding,31 March 2022,https://reports.ofsted.gov.uk/provider/43/133801
133869,University of Central Lancashire,Apprenticeship provider,"Adelphi Building, Preston, Lancashire, PR1 2HE",Outstanding,31 March 2022,https://reports.ofsted.gov.uk/provider/43/133869
133802,University of Chester,Apprenticeship provider,"Parkgate Road, Chester, Cheshire, CH1 4BJ",Outstanding,31 March 2022,https://reports.ofsted.gov.uk/provider/43/133802
70132,University of Chester,Training provider,"Wheeler Building, Castle Drive, Chester, Cheshire, CH1 1SL",,05 August 2006,https://reports.ofsted.gov.uk/provider/41/70132
70013,University of Chichester,Training provider,"University of Chichester, Upper Bognor Road, Bognor Regis, West Sussex, PO21 1HR",,05 August 2006,https://reports.ofsted.gov.uk/provider/41/70013
133868,University of Chichester,Apprenticeship provider,"Bishop Otter College, College Lane, Chichester, West Sussex, PO19 6PE",Outstanding,31 March 2022,https://reports.ofsted.gov.uk/provider/43/133868
135398,University of Cumbria,Apprenticeship provider,"Paternoster Row, Carlisle, Cumbria, CA3 8TB",Outstanding,31 March 2022,https://reports.ofsted.gov.uk/provider/43/135398
133811,University of Derby,Apprenticeship provider,"Kedleston Road, Derby, Derbyshire, DE22 1GB",Outstanding,31 March 2022,https://reports.ofsted.gov.uk/provider/43/133811
70018,University of Derby,Training provider,"Kedleston Road, Kedleston Road, Derby, Derbyshire, DE22 1GB",,05 August 2006,https://reports.ofsted.gov.uk/provider/41/70018
133812,University of Durham,Apprenticeship provider,"University Office, Old Evet, Durham, DH1 3HP",Outstanding,31 March 2022,https://reports.ofsted.gov.uk/provider/43/133812
133853,University of East Anglia,Apprenticeship provider,"The Registry, University Plain, Norwich, Norfolk, NR4 7TJ",Outstanding,31 March 2022,https://reports.ofsted.gov.uk/provider/43/133853
133814,University of East London,Apprenticeship provider,"4 - 6 Universtiy Way, London, E16 2RD",Outstanding,31 March 2022,https://reports.ofsted.gov.uk/provider/43/133814
70077,University of East London,Training provider,"University of East London, Water Lane, Stratford, London, E15 4LZ",,05 August 2006,https://reports.ofsted.gov.uk/provider/41/70077
133805,University of Essex,Apprenticeship provider,"Wivenhoe Park, Colchester, Essex, CO4 3SQ",Outstanding,31 March 2022,https://reports.ofsted.gov.uk/provider/43/133805
70024,University of Exeter,Training provider,"University of Exeter, Heavitree Road, Exeter, Devon, EX1 2LU",,05 August 2006,https://reports.ofsted.gov.uk/provider/41/70024
133817,University of Exeter,Apprenticeship provider,"Northcote House, The Queen's Drive, Exeter, Devon, EX4 4QJ",Outstanding,31 March 2022,https://reports.ofsted.gov.uk/provider/43/133817
133818,University of Gloucestershire,Apprenticeship provider,"The Park, The Park Campus, Cheltenham, Gloucestershire, GL50 2RH",Outstanding,31 March 2022,https://reports.ofsted.gov.uk/provider/43/133818
70045,University of Gloucestershire,Training provider,"University of Gloucestershire, -, Cheltenham, Gloucestershire, GL50 4AZ",,05 August 2006,https://reports.ofsted.gov.uk/provider/41/70045
133876,University of Greenwich,Apprenticeship provider,"Maritime Greenwich Campus, Old Royal Naval College, London, SE10 9LS",Outstanding,31 March 2022,https://reports.ofsted.gov.uk/provider/43/133876
70027,University of Greenwich,Training provider,"Avery Hill campus, Avery hill Road, Eltham, London, se9 2pq",,05 August 2006,https://reports.ofsted.gov.uk/provider/41/70027
133783,University of Hertfordshire,Apprenticeship provider,"Hatfield Campus, College Lane, Hatfield, Hertfordshire, AL10 9AB",Outstanding,31 March 2022,https://reports.ofsted.gov.uk/provider/43/133783
70029,University of Hertfordshire,Training provider,"University of Hertfordshire, Schools of Law and Education, Hatfield, Hertfordshire, AL10 9AB",,05 August 2006,https://reports.ofsted.gov.uk/provider/41/70029
133822,University of Huddersfield,Apprenticeship provider,"Lockside, Queensgate, Huddersfield, West Yorkshire, HD1 3DH",Outstanding,31 March 2022,https://reports.ofsted.gov.uk/provider/43/133822
70030,University of Huddersfield,Training provider,"School of Business, Education and Law, Queensgate, Huddersfield, West Yorkshire, HD1 3DH",,05 August 2006,https://reports.ofsted.gov.uk/provider/41/70030
133824,University of Hull,Apprenticeship provider,"Cottingham Road, Kingston-upon-Hull, HU6 7RX",Outstanding,31 March 2022,https://reports.ofsted.gov.uk/provider/43/133824
133883,University of Keele,Apprenticeship provider,"[Postcode ST5 5BG], Keele, Staffordshire, ST5 5BG",Outstanding,31 March 2022,https://reports.ofsted.gov.uk/provider/43/133883
133807,University of Kent,Apprenticeship provider,"The Registry, Canterbury, Kent, CT2 7NZ",Outstanding,31 March 2022,https://reports.ofsted.gov.uk/provider/43/133807
133831,University of Lancaster,Apprenticeship provider,"University House, Bailrigg, Lancaster, Lancashire, LA1 4YW",Outstanding,31 March 2022,https://reports.ofsted.gov.uk/provider/43/133831
133839,University of Leeds,Apprenticeship provider,"The University, Leeds, West Yorkshire, LS2 9JT",Outstanding,31 March 2022,https://reports.ofsted.gov.uk/provider/43/133839
133832,University of Leicester,Apprenticeship provider,"University Road, Leicester, Leicestershire, LE1 7RH",Outstanding,31 March 2022,https://reports.ofsted.gov.uk/provider/43/133832
70040,University of Leicester,Training provider,"21, University Road, Leicester, Leicestershire, LE1 7RF",,05 August 2006,https://reports.ofsted.gov.uk/provider/41/70040
133836,University of Lincoln,Apprenticeship provider,"Vice Chancellors Office, Brayford Pool, Lincoln, Lincolnshire, LN6 7TS",Outstanding,31 March 2022,https://reports.ofsted.gov.uk/provider/43/133836
133829,University of Liverpool,Apprenticeship provider,"The Foundation Building, 765 Brownlow Hill, Abercromby Square, Liverpool, Merseyside, L69 7ZX",Outstanding,31 March 2022,https://reports.ofsted.gov.uk/provider/43/133829
147477,University of Liverpool Mathematics School,,"Sir Alastair Pilkington Building, Back Bedford Street, Liverpool, L69 7SH",Outstanding,31 March 2022,https://reports.ofsted.gov.uk/provider/46/147477
133842,University of Manchester,Apprenticeship provider,"Oxford Road, Manchester, M13 9PL",Outstanding,31 March 2022,https://reports.ofsted.gov.uk/provider/43/133842
70046,University of Manchester,Training provider,"Ellen Wilkinson Building-B4.9, -, Manchester, United Kingdom, M15 6JA",,05 August 2006,https://reports.ofsted.gov.uk/provider/41/70046
133852,University of Newcastle Upon Tyne,Apprenticeship provider,"6 Kensington Terrace, Newcastle-upon-Tyne, Tyne and Wear, NE1 7RU",Outstanding,31 March 2022,https://reports.ofsted.gov.uk/provider/43/133852
133857,University of Northampton,Apprenticeship provider,"Park Campus, Boughton Green Road, Northampton, Northamptonshire, NN2 7AL",Outstanding,31 March 2022,https://reports.ofsted.gov.uk/provider/43/133857
70050,University of Northampton,Training provider,"The University of Northampton, Faculty of Health, Education & Society, Waterside Campus, University Drive, Northampton, NN1 5PH",,05 August 2006,https://reports.ofsted.gov.uk/provider/41/70050
133854,University of Northumbria At Newcastle,Apprenticeship provider,"Ellison Building, Ellison Place, Newcastle-upon-Tyne, Tyne and Wear, NE1 8ST",Outstanding,31 March 2022,https://reports.ofsted.gov.uk/provider/43/133854
133856,University of Nottingham,Apprenticeship provider,"University Park, Nottingham, Nottinghamshire, NG7 2RD",Outstanding,31 March 2022,https://reports.ofsted.gov.uk/provider/43/133856
70053,University of Nottingham,Training provider,"SCHOOL OF EDUCATION, UNIVERSITY OF NOTTINGHAM, JUBILEE CAMPUS, WOLLATON ROAD, NOTTINGHAM, NOTTINGHAMSHIRE, NG8 1BB",,05 August 2006,https://reports.ofsted.gov.uk/provider/41/70053
70057,University of Oxford,Training provider,"Department of Education, University of Oxford, 15 Norham Gardens, Oxford, Oxfordshire, OX2 6PY",,05 August 2006,https://reports.ofsted.gov.uk/provider/41/70057
133865,University of Plymouth,Apprenticeship provider,"Drake Circus, Plymouth, Devon, PL4 8AA",Outstanding,31 March 2022,https://reports.ofsted.gov.uk/provider/43/133865
70059,University of Plymouth,Training provider,"507 Rolle Building, University of Plymouth, Plymouth, Devon, PL4 8AA",,05 August 2006,https://reports.ofsted.gov.uk/provider/41/70059
70060,University of Portsmouth,Training provider,"St. George's Building, 141 High Street, Portsmouth, Hampshire, PO1 2HY",,05 August 2006,https://reports.ofsted.gov.uk/provider/41/70060
133867,University of Portsmouth,Apprenticeship provider,"University House, Winston Churchill Avenue, Portsmouth, Hampshire, PO1 2UP",Outstanding,31 March 2022,https://reports.ofsted.gov.uk/provider/43/133867
133870,University of Reading,Apprenticeship provider,"Whiteknights House, Whiteknights, Reading, Berkshire, RG6 6UR",Outstanding,31 March 2022,https://reports.ofsted.gov.uk/provider/43/133870
70062,University of Reading,Training provider,"London Road Campus, 4 Redlands Road, Reading, Berkshire, RG1 5EX",,05 August 2006,https://reports.ofsted.gov.uk/provider/41/70062
70063,University of Roehampton,Training provider,"Education Department, University of Roehampton, London, Greater London..., SW15 5PJ",,05 August 2006,https://reports.ofsted.gov.uk/provider/41/70063
133845,University of Salford,Apprenticeship provider,"The Old Fire Station, Salford, Greater Manchester, M5 4WT",Outstanding,31 March 2022,https://reports.ofsted.gov.uk/provider/43/133845
133872,University of Sheffield,Apprenticeship provider,"Western Bank, Sheffield, South Yorkshire, S10 2TN",Outstanding,31 March 2022,https://reports.ofsted.gov.uk/provider/43/133872
70123,University of Sheffield,Training provider,"The University of Sheffield - School of Education, The Wave, Floor D, 2 Whitham Road, Sheffield, South Yorkshire, S10 2AH",,05 August 2006,https://reports.ofsted.gov.uk/provider/41/70123
2643267,University of South Wales / Prifysgol De Cymru,Apprenticeship provider,"Llantwit Rd, Treforest, Pontypridd, CF37 1DL",Outstanding,31 March 2022,https://reports.ofsted.gov.uk/provider/43/2643267
70067,University of Southampton,Training provider,"Building 34, Southampton Education School, University Road, Southampton, Hampshire, SO17 1BJ",,05 August 2006,https://reports.ofsted.gov.uk/provider/41/70067
133866,University of St Mark & St John,Apprenticeship provider,"Derriford Road, Plymouth, Devon, PL6 8BH",Outstanding,31 March 2022,https://reports.ofsted.gov.uk/provider/43/133866
70068,University of Staffordshire,Training provider,"L401 Flaxman Building, College Road, Stoke on Trent, Staffordshire, ST4 2DE",,05 August 2006,https://reports.ofsted.gov.uk/provider/41/70068
2643268,University of Strathclyde,Apprenticeship provider,"Mccance Building, 16 Richmond Street, Glasgow, G1 1XQ",Outstanding,31 March 2022,https://reports.ofsted.gov.uk/provider/43/2643268
146206,University of Suffolk,Apprenticeship provider,"Waterfront Building, Neptune Quay, Ipswich, IP4 1QJ",Outstanding,31 March 2022,https://reports.ofsted.gov.uk/provider/43/146206
70258,University of Suffolk,Training provider,"University of Suffolk, Waterfront Building, 19 Neptune Quay, Ipswich, Suffolk, IP4 1QJ",,03 October 2008,https://reports.ofsted.gov.uk/provider/41/70258
133881,University of Sunderland,Apprenticeship provider,"4th Floor, Edinburgh Building, City Campus, Chester Road, Sunderland, Tyne and Wear, SR1 3SD",Outstanding,31 March 2022,https://reports.ofsted.gov.uk/provider/43/133881
70070,University of Sunderland,Training provider,"Sir Tom Cowie Campus at St Peter's, St Peter's Campus, St Peter's Way, Sunderland, Tyne and Wear, SR6 0DD",,05 August 2006,https://reports.ofsted.gov.uk/provider/41/70070
133795,University of Sussex,,"Sussex House, Falmer, Brighton, East Sussex, BN1 9RH",,,https://reports.ofsted.gov.uk/provider/43/133795
133900,University of the Arts London,,"272 High Holborn, London, WC1V 7EY",Outstanding,31 March 2022,https://reports.ofsted.gov.uk/provider/43/133900
133798,"University of the West of England, Bristol",Apprenticeship provider,"Coldharbour Lane, Frenchay, Bristol, BS16 1QY",Outstanding,31 March 2022,https://reports.ofsted.gov.uk/provider/43/133798
2526590,University Of Ulster,,"Cromore Road, Coleraine, BT52 1SA",Outstanding,31 March 2022,https://reports.ofsted.gov.uk/provider/43/2526590
2643269,University of Wales: Trinity Saint David,Apprenticeship provider,"UWTSD Carmarthen Campus, College Road, Carmarthen, SA31 3EP",Outstanding,31 March 2022,https://reports.ofsted.gov.uk/provider/43/2643269
133809,University of Warwick,Apprenticeship provider,"University House, Coventry, West Midlands, CV4 8UW",Outstanding,31 March 2022,https://reports.ofsted.gov.uk/provider/43/133809
70081,University of Warwick,Training provider,"Avon Building, University of Warwick, Coventry, West Midlands, CV4 8EE",,05 August 2006,https://reports.ofsted.gov.uk/provider/41/70081
133901,University of West London,Apprenticeship provider,"Room Tc 203, St Mary's Road, Ealing, London, W5 5RF",Outstanding,31 March 2022,https://reports.ofsted.gov.uk/provider/43/133901
133898,University of Westminster,Apprenticeship provider,"309 Regent Street, London, W1B 2UW",Outstanding,31 March 2022,https://reports.ofsted.gov.uk/provider/43/133898
133880,University of Winchester,Apprenticeship provider,"Sparkford Road, Winchester, Hampshire, SO22 4NR",Outstanding,31 March 2022,https://reports.ofsted.gov.uk/provider/43/133880
70121,University of Winchester,Training provider,"University of Winchester, Sparkford Road, Winchester, Hampshire, SO22 4NR",,05 August 2006,https://reports.ofsted.gov.uk/provider/41/70121
133912,University of Wolverhampton,Apprenticeship provider,"Wulfruna Street, Wolverhampton, West Midlands, WV1 1LY",Outstanding,31 March 2022,https://reports.ofsted.gov.uk/provider/43/133912
70084,University of Wolverhampton,Training provider,"University of Wolverhampton, Walsall Campus, Gorway Road, Walsall, West Midlands, WS1 3BD",,05 August 2006,https://reports.ofsted.gov.uk/provider/41/70084
133911,University of Worcester,Apprenticeship provider,"Henwick Grove, Worcester, Worcestershire, WR2 6AJ",Outstanding,31 March 2022,https://reports.ofsted.gov.uk/provider/43/133911
70085,University of Worcester,Training provider,"2 Henwick Road, -, Worcester, Worcestershire, WR2 6AJ",,05 August 2006,https://reports.ofsted.gov.uk/provider/41/70085
133913,University of York,Apprenticeship provider,"Heslington, York, North Yorkshire, YO10 5DD",Outstanding,31 March 2022,https://reports.ofsted.gov.uk/provider/43/133913
70087,University of York,Training provider,"Department of Education, University of York, York, North Yorkshire, YO10 5DD",,05 August 2006,https://reports.ofsted.gov.uk/provider/41/70087
2791028,Urban Care Community Limited,Independent learning provider,"61 Cranbrook Road, Ilford, IG1 2JY",Outstanding,31 March 2022,https://reports.ofsted.gov.uk/provider/33/2791028
2761340,UserLab,Independent learning provider,"Tuspark, 27 Grainger Street, Newcastle Upon Tyne, NE1 5JE",,,https://reports.ofsted.gov.uk/provider/33/2761340
130681,USP College,Further education college,"Runnymede Chase, Benfleet, Essex, SS7 1TW",Outstanding,01/08/2017,https://reports.ofsted.gov.uk/provider/31/130681
1276404,Utility & Construction Training Limited,Independent learning provider,"Unit 5&11, Mercury Park, Mercury Way, Manchester, M41 7LY",Outstanding,31 March 2022,https://reports.ofsted.gov.uk/provider/33/1276404
52983,"V Learning Network, Trading as Step into Learning Ltd",Independent learning provider,"The Orchard Centre, Blind Hole, Market Street, Launceston, PL15 8AU",Outstanding,31 March 2022,https://reports.ofsted.gov.uk/provider/33/52983
2814680,Vale Training Services Limited,Independent learning provider,"Marsh Hill Farm, Marsh, Aylesbury, HP17 8ST",Outstanding,31 March 2022,https://reports.ofsted.gov.uk/provider/33/2814680
1276411,Valkyrie Support Services Ltd,Independent learning provider,"School House Farm, Beamhurst, Uttoxeter, Staffordshire, ST14 5EA",Outstanding,31 March 2022,https://reports.ofsted.gov.uk/provider/33/1276411
147464,Valley College,Independent learning provider,"Clod Lane, Haslingden, Rossendale, Lancashire, BB4 6LR",Outstanding,31 March 2022,https://reports.ofsted.gov.uk/provider/39/147464
130668,Varndean College,,"Surrenden Road, Brighton, East Sussex, BN1 6WQ",Outstanding,31 March 2022,https://reports.ofsted.gov.uk/provider/40/130668
2654237,Varsity Training Limited,Independent learning provider,"Pure Offices, 137 Pastures Avenue, St Georges, North Somerset, BS22 7SB",Outstanding,31 March 2022,https://reports.ofsted.gov.uk/provider/33/2654237
2691323,Velocity 1st Limited,Independent learning provider,"Unit 9 Courtyard, 31 Normanton West, Normanton, WF6 1JU",Outstanding,31 March 2022,https://reports.ofsted.gov.uk/provider/33/2691323
2539231,Venture Forward Limited,Independent learning provider,"5 School Road, Hythe, Southampton, SO45 6BJ",Outstanding,31 March 2022,https://reports.ofsted.gov.uk/provider/33/2539231
58179,Veolia Environment Development Centre Limited,Training provider,"Kingswood House, Kingswood Crescent, Cannock, Staffordshire, WS11 8JP",Good,13 May 2009,https://reports.ofsted.gov.uk/provider/30/58179
2691324,Verity Healthcare Limited,Independent learning provider,"Gateway Business Centre, 210 Church Road, London, E10 7JQ",,,https://reports.ofsted.gov.uk/provider/33/2691324
2814679,Vertex Company UK 1 Limited,Training provider,"Honda Motor Europe Academy, Cain Road, Bracknell, Berkshire, RG12 1HL",,,https://reports.ofsted.gov.uk/provider/30/2814679
2804846,Veterans Skills Academy CIC,Independent learning provider,"Unit 15 I E S Centre, Horndale Avenue, Aycliffe Business Park, Newton Aycliffe, DL5 6DS",,,https://reports.ofsted.gov.uk/provider/33/2804846
2741649,VIA East Midlands Limited,Independent learning provider,"Bilsthorpe Highways Depot, Bilsthorpe Business Park, Eakring Road, Bilsthorpe, Nottinghamshire, NG22 8ST",Outstanding,31 March 2022,https://reports.ofsted.gov.uk/provider/33/2741649
146043,Victoria College,,"Bell Hill, Northfield, Birmingham, West Midlands, B31 1LD",Outstanding,31 March 2022,https://reports.ofsted.gov.uk/provider/39/146043
2510862,Virgin Active Limited,Training provider,"Virgin Active, 26 Little Trinity Lane, Mansion House, London, EC4V 2AR",Good,29 November 2019,https://reports.ofsted.gov.uk/provider/30/2510862
2495037,Virtual Alliance Limited,Independent learning provider,"25 Bankside, Stationfields, Kidlington, Oxfordshire, OX5 1JE",Outstanding,31 March 2022,https://reports.ofsted.gov.uk/provider/33/2495037
59218,Vision Express,Training provider,"Vision Express, Mere Way, Nottingham, NG11 6NZ",Outstanding,16 December 2015,https://reports.ofsted.gov.uk/provider/30/59218
2717169,Vision Rehabilitation Training Ltd,Independent learning provider,"69 St. Ronans Crescent, Woodford Green, IG8 9DQ",Outstanding,31 March 2022,https://reports.ofsted.gov.uk/provider/33/2717169
2495302,Vision Training (North East) Limited,Independent learning provider,"12 Yarm Road, Stockton-on-Tees, TS18 3NA",Outstanding,31 March 2022,https://reports.ofsted.gov.uk/provider/33/2495302
2626855,Vita Skills Limited,Independent learning provider,"34 Kansas Ave, Media City, Manchester, M50 2GL",,,https://reports.ofsted.gov.uk/provider/33/2626855
2654174,Vocation Training,Independent learning provider,"The Savoy Centre, Northfield Road, Netherton, West Midlands, DY2 9ES",Outstanding,31 March 2022,https://reports.ofsted.gov.uk/provider/33/2654174
55230,Vocational Training Services Care Sector Limited,Independent learning provider,"Suite 4, Chalkwell Lawns, 648-656 London Road, Westcliff-On-Sea, Essex, SS0 9HR",Outstanding,31 March 2022,https://reports.ofsted.gov.uk/provider/33/55230
58570,VQ Solutions Ltd,Independent learning provider,"Osbourne House, 20 Victoria Avenue, Harrogate, HG1 5QY",Outstanding,31 March 2022,https://reports.ofsted.gov.uk/provider/33/58570
1270917,VSS Training And Development Limited,Independent learning provider,"Impact Group, 312 The Base, Dallam Lane, Warrington, WA2 7NG",,,https://reports.ofsted.gov.uk/provider/33/1270917
55247,Wakefield Metropolitan District Council,Training provider,"Manygates Education Centre, 24-26 Manygates Lane, Sandal, WF2 7DQ",Outstanding,31 March 2022,https://reports.ofsted.gov.uk/provider/42/55247
2643270,Walbrook Institute London Limited,Independent learning provider,"8th Floor, Peninsular House, 36 Monument Street, London, EC3R 8LJ",Outstanding,31 March 2022,https://reports.ofsted.gov.uk/provider/33/2643270
2626840,Wales England Care Ltd,Independent learning provider,"The Coach House, Workshop, Risca, Newport, NP11 6DF",Outstanding,31 March 2022,https://reports.ofsted.gov.uk/provider/33/2626840
130483,Walsall College,Further education college,"WISEMORE CAMPUS, LITTLETON STREET WEST, WALSALL, WEST MIDLANDS, WS2 8ES",Outstanding,31 March 2022,https://reports.ofsted.gov.uk/provider/31/130483
55074,Waltham Forest Chamber of Commerce Training Trust Limited,Independent learning provider,"Unit 6, Bourne Court, Southend Road, Woodford Green, IG8 8HD",Outstanding,31 March 2022,https://reports.ofsted.gov.uk/provider/33/55074
130456,Waltham Forest College,Further education college,"Forest Road, Walthamstow, London, E17 4JB",Outstanding,31 March 2022,https://reports.ofsted.gov.uk/provider/31/130456
53150,Waltham Forest London Borough Council,Training provider,"London Borough of Waltham Forest, Town Hall, Forest Road, LONDON, E17 4JF",Outstanding,31 March 2022,https://reports.ofsted.gov.uk/provider/42/53150
53152,Wandsworth London Borough Council,Training provider,"Wandsworth Lifelong Learning, Gwynneth Morgan Centre, 52 East Hill, Wandsworth, London, SW19 2HJ",Outstanding,31 March 2022,https://reports.ofsted.gov.uk/provider/42/53152
70080,Wandsworth Primary Schools' Consortium,Training provider,"Wandsworth Primary Schools' Consortium, St Mary's RC Primary School, 7 St Joseph's Street, London, Wandsworth, SW8 4EN",,05 August 2006,https://reports.ofsted.gov.uk/provider/41/70080
130617,Warrington and Vale Royal College,Further education college,"Winwick Road, Warrington, Cheshire, WA2 8QA",Outstanding,31 March 2022,https://reports.ofsted.gov.uk/provider/31/130617
,Warwickshire College,,"Warwickshire College, Royal Leamington Spa & Moreton Morrell, Warwick New Road, LEAMINGTON SPA, Warwickshire, CV32 5JE",,23 July 2002,https://reports.ofsted.gov.uk/provider/3/SC034225
130835,Warwickshire College Group,Further education college,"Warwick New Road, Royal Leamington Spa, Warwickshire, CV32 5JE",Outstanding,31 March 2022,https://reports.ofsted.gov.uk/provider/31/130835
55276,Warwickshire County Council,Training provider,"Pound Lane Teaching and Learning Centre, Pound Lane, Lillington, Leamington Spa, Warwickshire, CV32 7RT",Outstanding,31 March 2022,https://reports.ofsted.gov.uk/provider/42/55276
2625360,Warwickshire Garage and Transport Group Training Association Limited,Independent learning provider,"44 Holly Walk, Leamington Spa, CV32 4HY",Outstanding,31 March 2022,https://reports.ofsted.gov.uk/provider/33/2625360
2691325,Waterton Academy Trust,Independent learning provider,"Walton Primary Academy, The Grove, Wakefield, WF2 6LD",Outstanding,31 March 2022,https://reports.ofsted.gov.uk/provider/33/2691325
1276425,Watertrain Limited,Independent learning provider,"Suite A4, Chadwick House Warrington Road, Birchwood Park, Birchwood, Warrington, WA3 6AE",Outstanding,31 March 2022,https://reports.ofsted.gov.uk/provider/33/1276425
55287,Waverley Training Services,Training provider,"Waverley Training Services and Memorial Hall, Farnham Memorial Hall, Babbs Mead, West Street, Farnham, GU9 7EE",Outstanding,31 March 2022,https://reports.ofsted.gov.uk/provider/42/55287
2656454,We Are Digital Ltd,Independent learning provider,"Friars House, Manor House Drive, Coventry, CV1 2TE",,,https://reports.ofsted.gov.uk/provider/33/2656454
2654191,We Are Momentum Limited,Independent learning provider,"1 Booths Park, Chelford Road, Knutsford, WA16 8GS",Outstanding,31 March 2022,https://reports.ofsted.gov.uk/provider/33/2654191
55294,Webs Training Limited,Independent learning provider,"The Poplars, Wollaton Road, Beeston, Nottingham, NG9 2PD",Outstanding,31 March 2022,https://reports.ofsted.gov.uk/provider/33/55294
2791029,WEC Group Limited,Training provider,"WEC Group Engineering Academy, Premier Way, Blackburn, Lancashire, BB1 2JU",Outstanding,31 March 2022,https://reports.ofsted.gov.uk/provider/30/2791029
55295,Weir Training Limited,Independent learning provider,"Alpha 319, Building K Ground Floor, Chobham Business Centre, Chertsey Road, Chobham, Surrey, GU24 8JB",Outstanding,31 March 2022,https://reports.ofsted.gov.uk/provider/33/55295
1270876,Well Associates Limited,Independent learning provider,"Express & Star Building, 51 - 53 Queens St., Wolverhampton, WV1 1ES",Outstanding,31 March 2022,https://reports.ofsted.gov.uk/provider/33/1270876
150996,Wendover Online School,,"The Hif, Bisworth Road, Gayton, Northampton, NN7 3EY",,29 October 2024,https://reports.ofsted.gov.uk/provider/100003/150996
2730919,Wessex Water Services Limited,Training provider,"YTL Academy Site, 303 Preston Road, Yeovil, BA20 2ER",Outstanding,31 March 2022,https://reports.ofsted.gov.uk/provider/30/2730919
55307,West Berkshire Council,Training provider,"Council Offices, Market Street, Newbury, RG14 5LD",Outstanding,31 March 2022,https://reports.ofsted.gov.uk/provider/42/55307
55308,West Berkshire Training Consortium,Independent learning provider,"Consortium House, 7 Cheap Street, Newbury, West Berks, RG14 5DD",Outstanding,31 March 2022,https://reports.ofsted.gov.uk/provider/33/55308
1226981,West Essex SCITT,Training provider,"Epping Forest Schools Partnership Trust, St. John's CE Primary School, High Road, Buckhurst Hill, Essex, IG9 5RX",,18 December 2018,https://reports.ofsted.gov.uk/provider/41/1226981
130720,West Herts College,Further education college,"Watford Campus, Hempstead Road, Watford, Hertfordshire, WD17 3EZ",Outstanding,01/02/2019,https://reports.ofsted.gov.uk/provider/31/130720
150275,West London Performing Arts Academy (WLPA Academy),,"268 Northfield Avenue, London, W5 4UB",,,https://reports.ofsted.gov.uk/provider/39/150275
2654240,West London Skills Training Ltd,Independent learning provider,"Pump Lane, Silverdale road, Hayes, London, UB3 3BN",,,https://reports.ofsted.gov.uk/provider/33/2654240
132038,West Middlesex College,Further education college,"Colne Lodge, Longbridge Way, Uxbridge, UB8 2YG",Outstanding,21 June 2007,https://reports.ofsted.gov.uk/provider/31/132038
1244913,West Midlands Ambulance Service University NHS Foundation Trust,Independent learning provider,"Sandwell Ambulance Station, Shidas Lane, Oldbury, B69 2GR",Outstanding,31 March 2022,https://reports.ofsted.gov.uk/provider/33/1244913
130777,West Nottinghamshire College,Further education college,"Derby Road, Mansfield, Nottinghamshire, NG18 5BH",Outstanding,31 March 2022,https://reports.ofsted.gov.uk/provider/31/130777
130818,West Suffolk College,Further education college,"Out Risbygate, Bury St Edmunds, Suffolk, IP33 3RL",Outstanding,31 March 2022,https://reports.ofsted.gov.uk/provider/31/130818
50208,West Sussex County Council,Training provider,"Skills West Sussex County Council, Second Floor, 215 ,East Wing, County Hall, Chichester, Sussex, PO19 1RF",Outstanding,31 March 2022,https://reports.ofsted.gov.uk/provider/42/50208
130447,West Thames College,Further education college,"London Road, Isleworth, Middlesex, TW7 4HS",Outstanding,31 March 2022,https://reports.ofsted.gov.uk/provider/31/130447
2804843,West Yorkshire Colleges Consortium Limited,Independent learning provider,"Cookridge Street, Leeds, LS2 8BL",,,https://reports.ofsted.gov.uk/provider/33/2804843
58118,West Yorkshire Learning Providers Ltd,Independent learning provider,"Office 26, Bradford Chamber Business Park, New Lane, Laisterdyke, BRADFORD, Yorkshire, BD4 8BX",Outstanding,24 November 2008,https://reports.ofsted.gov.uk/provider/33/58118
2497161,Westcountry Schools Trust,Independent learning provider,"Morley Meadow, 51 Encombe Street, Plymouth, PL9 7GN",Outstanding,31 March 2022,https://reports.ofsted.gov.uk/provider/33/2497161
2772950,Western Driver Training,Independent learning provider,"Unit E3, Southgate, Frome, BA11 2RY",Outstanding,31 March 2022,https://reports.ofsted.gov.uk/provider/33/2772950
55353,Westminster City Council,Training provider,"Adult Education Service, 219 Lisson Grove, London, NW8 8LW",Outstanding,31 March 2022,https://reports.ofsted.gov.uk/provider/42/55353
51448,Westmorland and Furness Council,Training provider,"Adult Learning, Eamont Building, Skirsgill Lane, Penrith, CA10 2BQ",Outstanding,31 March 2022,https://reports.ofsted.gov.uk/provider/42/51448
130564,Weston College,Further education college,"Knightstone Road, Weston-Super-Mare, Somerset, BS23 2AL",Outstanding,31 March 2022,https://reports.ofsted.gov.uk/provider/31/130564
2772948,Wetherby Training Limited,Independent learning provider,"Unit 1a, Locksley Park, Blind Lane, York, YO26 7QJ",Outstanding,31 March 2022,https://reports.ofsted.gov.uk/provider/33/2772948
130653,Weymouth and Kingston Maurward College,Further education college,"Cranford Avenue, Weymouth, Dorset, DT4 7LQ",Outstanding,31 March 2022,https://reports.ofsted.gov.uk/provider/31/130653
55364,Whitby & District Fishing Industry Training School Limited,Independent learning provider,"Whitby Mission & Seafarers Centre, Haggersgate House, Haggersgate, Whitby, YO21 3PP",Outstanding,31 March 2022,https://reports.ofsted.gov.uk/provider/33/55364
2765331,White Point Solutions Ltd,Independent learning provider,"Unit 5 Spring Rise, Falconer Road, Haverhill, CB9 7XU",Outstanding,31 March 2022,https://reports.ofsted.gov.uk/provider/33/2765331
145148,White Rocks Farm,,"Underriver, Sevenoaks, Kent, TN15 0SL",Outstanding,31 March 2022,https://reports.ofsted.gov.uk/provider/39/145148
2643274,White Rose Training Limited,Independent learning provider,"White Rose House, 81b/c High Street, Ware, Hertfordshire, SG12 9AD",Outstanding,31 March 2022,https://reports.ofsted.gov.uk/provider/33/2643274
132054,Whitegates College,Further education college,"Dukeries Centre, Park Street, Worksop, S80 1HH",,21 February 2005,https://reports.ofsted.gov.uk/provider/31/132054
2654243,Whitehead-Ross Education and Consulting Limited,Independent learning provider,"137 New Road, Skewen, West Glamorgan, SA10 6HL",Outstanding,31 March 2022,https://reports.ofsted.gov.uk/provider/33/2654243
2526609,Whyy? Change Limited,Independent learning provider,"Unit 7B, AESSEAL New York Stadium, New York Way, Rotherham, S60 1FJ",Outstanding,31 March 2022,https://reports.ofsted.gov.uk/provider/33/2526609
151691,WiEducate LTD,,"8 Cheyne Walk, Northampton, NN1 5PT",,,https://reports.ofsted.gov.uk/provider/39/151691
130521,Wigan and Leigh College,Further education college,"PO Box 53, Parson's Walk, Wigan, Lancashire, WN1 1RS",Outstanding,31 March 2022,https://reports.ofsted.gov.uk/provider/31/130521
55378,Wigan Metropolitan Borough Council,Training provider,"Wigan Life Centre, South Building, College Avenue, Wigan, WN1 1NJ",Outstanding,31 March 2022,https://reports.ofsted.gov.uk/provider/42/55378
130580,Wilberforce College,,"Saltshouse Road, Kingston-upon-Hull, HU8 9HD",Outstanding,31 March 2022,https://reports.ofsted.gov.uk/provider/40/130580
133545,William Morris Sixth Form,,"St Dunstan's Road, London, W6 8RB",Outstanding,14 January 2003,https://reports.ofsted.gov.uk/provider/24/133545
149187,Willow Green CIO,,"Irwell Road, St Werburghs Development Centre, Willow Green Cio, Warrington, Cheshire, WA4 6DQ",Outstanding,31 March 2022,https://reports.ofsted.gov.uk/provider/39/149187
,Wiltshire College,,"Wiltshire College, Lackham Park, Lacock, CHIPPENHAM, Wiltshire, SN15 2NY",,11 February 2003,https://reports.ofsted.gov.uk/provider/3/SC042852
132779,Wiltshire College and University Centre,Further education college,"Cocklebury Road, Chippenham, Wiltshire, SN15 3QD",Outstanding,31 March 2022,https://reports.ofsted.gov.uk/provider/31/132779
55451,Wiltshire Transport Training & Development Limited,Independent learning provider,"Hopton Industrial Estate, London Road, SN10 2EX",Outstanding,17 February 2009,https://reports.ofsted.gov.uk/provider/33/55451
130604,Windsor Forest Colleges Group,Further education college,"Station Road, Langley, Slough, Berkshire, SL3 8BY",Outstanding,31/07/2022,https://reports.ofsted.gov.uk/provider/31/130604
2554023,Winnovation Limited,Independent learning provider,"Winovation, Houghtons Yard, Shields Road, Newcastle Upon Tyne, NE6 2YP",Outstanding,31 March 2022,https://reports.ofsted.gov.uk/provider/33/2554023
130522,Winstanley College,,"Winstanley Road, Billinge, Wigan, Lancashire, WN5 7XF",Outstanding,31 March 2022,https://reports.ofsted.gov.uk/provider/40/130522
55402,Wirral Metropolitan Borough Council,Training provider,"The Mallory Building, 1 Alice Ker Street, Wirral, Merseyside, CH41 2YA",Outstanding,31 March 2022,https://reports.ofsted.gov.uk/provider/42/55402
130493,Wirral Metropolitan College,Further education college,"Conway Park Campus, Conway Park, Europa Boulevard, Birkenhead, Merseyside, CH41 4NT",Outstanding,31 March 2022,https://reports.ofsted.gov.uk/provider/31/130493
2748186,Wise Training Streetworks and Construction Limited,Independent learning provider,"Melton Court Bizz Hub, Gibson Lane, Melton, NORTH FERRIBY, East Riding of Yorkshire, HU14 3HH",Outstanding,31 March 2022,https://reports.ofsted.gov.uk/provider/33/2748186
1278659,Wiser Academy Ltd,Independent learning provider,"Suite 3, Norman Court Barns, Norman Court Lane, Andover, SP11 7HB",Outstanding,31 March 2022,https://reports.ofsted.gov.uk/provider/33/1278659
2636513,Witton Lodge Community Association,Independent learning provider,"Perry Common Community Hall, 87 Witton Lodge Road, Birmingham, B23 5JD",Outstanding,31 March 2022,https://reports.ofsted.gov.uk/provider/33/2636513
130403,WM College,Further education college,"44 Crowndale Road, London, NW1 1TR",Outstanding,31 March 2022,https://reports.ofsted.gov.uk/provider/31/130403
2526602,WMC Training Ltd,Independent learning provider,"Rombourne Centre, 28 Cathedral Road, Cardiff, CF11 9LJ",Outstanding,31 March 2022,https://reports.ofsted.gov.uk/provider/33/2526602
145007,Woking College,,"Rydens Way, Woking, Surrey, GU22 9DL",Outstanding,31 March 2022,https://reports.ofsted.gov.uk/provider/46/145007
50246,Wokingham Council,Training provider,"Adult & Community Learning, Shute End, RG40 1BN",Outstanding,31 March 2022,https://reports.ofsted.gov.uk/provider/42/50246
55413,Wolverhampton Adult Education Service,Training provider,"Wolverhampton Adult Education Service, Old Hall Street, Wolverhampton, WV1 3AU",Outstanding,31 March 2022,https://reports.ofsted.gov.uk/provider/42/55413
55416,Women's Technology Training Limited,Independent learning provider,"Blackburne House, Blackburne Place, Liverpool, L8 7PE",Outstanding,31 March 2022,https://reports.ofsted.gov.uk/provider/33/55416
2868438,Women's Wellbeing Ltd,Independent learning provider,"220 Heybarnes Road, Birmingham, B10 9JF",,,https://reports.ofsted.gov.uk/provider/33/2868438
146554,Woodbridge College,,"Springfield Road, Kearsley, Bolton, Greater Manchester, BL4 8LB",Outstanding,31 March 2022,https://reports.ofsted.gov.uk/provider/39/146554
148421,Woodhouse College,,"Woodhouse Road, London, N12 9EY",Outstanding,31 March 2022,https://reports.ofsted.gov.uk/provider/46/148421
147958,Woodpecker Court,,"Woodpecker Court, 45 Wigmore Lane, Eythorne, Dover, Kent, CT15 4BF",Outstanding,31 March 2022,https://reports.ofsted.gov.uk/provider/39/147958
50262,Woodspeen Training Limited,Independent learning provider,"Wellington Mills, Heritage Exchange, 70 Plover Rd, Lindley, Huddersfield, West Yorkshire, HD3 3HR",Outstanding,31 March 2022,https://reports.ofsted.gov.uk/provider/33/50262
144888,Worcester Sixth Form College,,"Spetchley Road, Worcester, Worcestershire, WR5 2LU",Outstanding,31 March 2022,https://reports.ofsted.gov.uk/provider/46/144888
55422,Worcestershire County Council,Training provider,"Libraries & Learning Service, Adult Learning & Community Services, County Hall, Spetchley Road, Worcester, Worcestershire, WR5 2NP",Outstanding,31 March 2022,https://reports.ofsted.gov.uk/provider/42/55422
130419,Workers' Educational Association,Further education college,"4 Luke Street, London, EC2A 4XW",Outstanding,31 March 2022,https://reports.ofsted.gov.uk/provider/31/130419
2495041,Workforce Training & Development Ltd,Independent learning provider,"Welford Grange Farm, Naseby Road, Welford, Northampton, NN6 6HZ",Outstanding,31 March 2022,https://reports.ofsted.gov.uk/provider/33/2495041
2868454,Working Actively to Change Hillfields Limited,Independent learning provider,"11-12, Victoria Street, Coventry, CV1 5LZ",,,https://reports.ofsted.gov.uk/provider/33/2868454
1270891,Workpays Limited,Independent learning provider,"4 Babington Lane, Derby, DE1 1SU",Outstanding,31 March 2022,https://reports.ofsted.gov.uk/provider/33/1270891
58507,Works 4 U Support Services (Norman Mackie & Associates Ltd),,"Ambleside, Stalybridge, SK15 1EB",Outstanding,31 March 2022,https://reports.ofsted.gov.uk/provider/39/58507
2674167,Wow Hair Academy Limited,Independent learning provider,"6 King Street, Wolverhampton, West Midlands, WV1 1ST",Outstanding,31 March 2022,https://reports.ofsted.gov.uk/provider/33/2674167
130756,WQE and Regent College Group,,"University Road, Leicester, Leicestershire, LE1 7RJ",Outstanding,29/03/2018,https://reports.ofsted.gov.uk/provider/40/130756
2765332,Wren Kitchens Limited,Training provider,"The Nest, Falkland Way, Barton-Upon-Humber, DN18 5RL",Outstanding,31 March 2022,https://reports.ofsted.gov.uk/provider/30/2765332
150975,Writtle College Limited,Further education college,"Lordship Road, Writtle, Chelmsford, CM1 3RR",Outstanding,31 March 2022,https://reports.ofsted.gov.uk/provider/31/150975
55448,WS Training Ltd,Independent learning provider,"IP-City Centre, 1 Bath Street, Ipswich, IP2 8SD",Outstanding,31 March 2022,https://reports.ofsted.gov.uk/provider/33/55448
2761345,WYK Group Limited,Independent learning provider,"204a Cassland Road, London, E9 5AJ",Outstanding,31 March 2022,https://reports.ofsted.gov.uk/provider/33/2761345
130581,Wyke Sixth Form College,,"Bricknell Avenue, Hull, HU5 4NT",Outstanding,31 March 2022,https://reports.ofsted.gov.uk/provider/40/130581
2765333,Xact Consultancy and Training Ltd,Independent learning provider,"Unit 3, Abbey Lane Court, Abbey Lane, Evesham, WR11 4BY",Outstanding,31 March 2022,https://reports.ofsted.gov.uk/provider/33/2765333
130504,Xaverian College,,"Lower Park Road, Manchester, M14 5RB",Outstanding,31 March 2022,https://reports.ofsted.gov.uk/provider/40/130504
2691908,Xavier Catholic Education Trust,Independent learning provider,"Guildford Road, Chertsey, KT16 9LU",,,https://reports.ofsted.gov.uk/provider/33/2691908
1270898,Xtol Development Services Limited,Independent learning provider,"Rise House First Floor, 18 High Street, Rotherham, South Yorkshire, S60 1PP",Good,28 August 2019,https://reports.ofsted.gov.uk/provider/33/1270898
2868439,Xyrius Skills Limited,Independent learning provider,"Xyrius Group, 3a Regency Court, 2a High Street, Birmingham, B14 7SW",,,https://reports.ofsted.gov.uk/provider/33/2868439
2654175,Yellow Tree workforce development Limited,Independent learning provider,"5 East Gate Business Centre, BURTON-ON-TRENT, Staffordshire, DE13 0AT",Outstanding,31 March 2022,https://reports.ofsted.gov.uk/provider/33/2654175
130805,Yeovil College,Further education college,"Mudford Road, Yeovil, Somerset, BA21 4DR",Outstanding,31 March 2022,https://reports.ofsted.gov.uk/provider/31/130805
58237,YMCA Derbyshire,Independent learning provider,"Key college, 2nd floor, Derwent Stepping Stones Nursery building, St Marks Road, Derby, East Midlands, DE21 6AH",Outstanding,31 March 2022,https://reports.ofsted.gov.uk/provider/33/58237
147613,YMCA West Kent,,"164 Shipbourne Road, Tonbridge, TN10 3EJ",,,https://reports.ofsted.gov.uk/provider/39/147613
2868440,YMCA Wolverhampton,Independent learning provider,"Tramway Drive, Wolverhampton, WV2 1BJ",,,https://reports.ofsted.gov.uk/provider/33/2868440
130594,York College,Further education college,"Sim Balk Lane, York, North Yorkshire, YO23 2BB",Outstanding,31 March 2022,https://reports.ofsted.gov.uk/provider/31/130594
133914,York St John University,Apprenticeship provider,"Lord Mayor's Walk, York, North Yorkshire, YO31 7EX",Outstanding,31 March 2022,https://reports.ofsted.gov.uk/provider/43/133914
70118,York St John University,Training provider,"York St John University, Lord Mayor's Walk, York, York, YO31 7EX",,05 August 2006,https://reports.ofsted.gov.uk/provider/41/70118
2539228,Yorkshire Ambulance Service National Health Service Trust,Training provider,"Elm Bank Training Centre, Stanley Road, Wakefield, WF1 4LH",Outstanding,31 March 2022,https://reports.ofsted.gov.uk/provider/30/2539228
54956,Yorkshire College of Beauty Limited,Independent learning provider,"Regency House, Kirk Lane, Yeadon, Leeds, LS19 7EP",Outstanding,31 March 2022,https://reports.ofsted.gov.uk/provider/33/54956
2654198,Yorkshire Fitness and Leisure Limited,Independent learning provider,"20 Tinsley Park Road, Sheffield, S9 5DL",,,https://reports.ofsted.gov.uk/provider/33/2654198
58132,Yorkshire Training Partnership Limited,Independent learning provider,"Unit 1, Enterprise Court, Rotherham, South Yorkshire, S63 5DB",Outstanding,31 March 2022,https://reports.ofsted.gov.uk/provider/33/58132
1246912,Yorkshire Wolds Teacher Training,Training provider,"East Dale Road, Melton, Hull, East Yorkshire, HU14 3HS",,18 November 2019,https://reports.ofsted.gov.uk/provider/41/1246912
2748184,YTKO Limited,Independent learning provider,"Office 1.6 Temple studios, Lower Approach Road, Bristol, BS1 6QA",Outstanding,31 March 2022,https://reports.ofsted.gov.uk/provider/33/2748184
1280344,Zenith People Limited,Independent learning provider,"10 Merchant Court Monkton Business Park South Hebburn Tyne And Wear, HEBBURN, Tyne And Wear, NE31 2EX",Outstanding,31 March 2022,https://reports.ofsted.gov.uk/provider/33/1280344
