Provider Name,UKPRN,Training Options,Employer Reviews,Apprentice Reviews,Achievement Rate,Detail URL
HARTLEPOOL COLLEGE OF FURTHER EDUCATION,10002917,Day release,Good (1 employer review),Good (19 apprentice reviews),100% (out of 10 apprentices),https://findapprenticeshiptraining.apprenticeships.education.gov.uk/courses/104/providers/10002917?distance=10
WIGAN AND LEIGH COLLEGE,10007500,At apprentice's workplace,Good (3 employer reviews),Good (26 apprentice reviews),100% (out of 10 apprentices),https://findapprenticeshiptraining.apprenticeships.education.gov.uk/courses/104/providers/10007500?distance=10
EAST SUSSEX COUNTY COUNCIL,10002131,At apprentice's workplace,No reviews,No reviews,100% (out of 10 apprentices),https://findapprenticeshiptraining.apprenticeships.education.gov.uk/courses/104/providers/10002131?distance=10
DERWENTSIDE COLLEGE,10001934,At apprentice's workplace,Excellent (5 employer reviews),Good (47 apprentice reviews),93.8% (out of 20 apprentices),https://findapprenticeshiptraining.apprenticeships.education.gov.uk/courses/104/providers/10001934?distance=10
PMA LTD,10061640,At apprentice's workplace,No reviews,Good (12 apprentice reviews),92.9% (out of 10 apprentices),https://findapprenticeshiptraining.apprenticeships.education.gov.uk/courses/104/providers/10061640?distance=10
THE EDUCATION TRAINING COLLECTIVE,10006341,At apprentice's workplace; Day release,Excellent (1 employer review),Good (18 apprentice reviews),90% (out of 10 apprentices),https://findapprenticeshiptraining.apprenticeships.education.gov.uk/courses/104/providers/10006341?distance=10
UNIVERSITY OF EXETER,10007792,At apprentice's workplace; Block release,Excellent (4 employer reviews),Good (81 apprentice reviews),89.7% (out of 30 apprentices),https://findapprenticeshiptraining.apprenticeships.education.gov.uk/courses/104/providers/10007792?distance=10
ADALTA DEVELOPMENT LTD,10043865,At apprentice's workplace,No reviews,No reviews,87.5% (out of 20 apprentices),https://findapprenticeshiptraining.apprenticeships.education.gov.uk/courses/104/providers/10043865?distance=10
BLACKPOOL AND THE FYLDE COLLEGE,10000754,At apprentice's workplace; Day release; Block release,Excellent (2 employer reviews),Good (35 apprentice reviews),85.7% (out of 40 apprentices),https://findapprenticeshiptraining.apprenticeships.education.gov.uk/courses/104/providers/10000754?distance=10
BAUER RADIO LIMITED,10002230,At apprentice's workplace; Day release; Block release; Block release (multiple locations); Day release (multiple locations),Excellent (3 employer reviews),Good (16 apprentice reviews),85.7% (out of 10 apprentices),https://findapprenticeshiptraining.apprenticeships.education.gov.uk/courses/104/providers/10002230?distance=10
BPIF TRAINING LIMITED,10034212,At apprentice's workplace; Day release; Block release,Excellent (1 employer review),Good (11 apprentice reviews),85.7% (out of 10 apprentices),https://findapprenticeshiptraining.apprenticeships.education.gov.uk/courses/104/providers/10034212?distance=10
RNN GROUP,10005534,At apprentice's workplace,Excellent (1 employer review),No reviews,85.7% (out of 10 apprentices),https://findapprenticeshiptraining.apprenticeships.education.gov.uk/courses/104/providers/10005534?distance=10
CALDERDALE COLLEGE,10001093,Day release,Good (3 employer reviews),Good (7 apprentice reviews),85% (out of 20 apprentices),https://findapprenticeshiptraining.apprenticeships.education.gov.uk/courses/104/providers/10001093?distance=10
HAVANT AND SOUTH DOWNS COLLEGE,10005979,At apprentice's workplace; Day release,Excellent (2 employer reviews),Good (7 apprentice reviews),84.6% (out of 10 apprentices),https://findapprenticeshiptraining.apprenticeships.education.gov.uk/courses/104/providers/10005979?distance=10
Learn Plus Us,10028965,At apprentice's workplace,Good (1 employer review),Good (8 apprentice reviews),84.6% (out of 10 apprentices),https://findapprenticeshiptraining.apprenticeships.education.gov.uk/courses/104/providers/10028965?distance=10
NATIONAL BUSINESS COLLEGE LIMITED,10004499,At apprentice's workplace; Day release,Excellent (7 employer reviews),Excellent (7 apprentice reviews),83.3% (out of 10 apprentices),https://findapprenticeshiptraining.apprenticeships.education.gov.uk/courses/104/providers/10004499?distance=10
HULL COLLEGE,10003200,Day release,Excellent (1 employer review),Good (13 apprentice reviews),83.3% (out of 10 apprentices),https://findapprenticeshiptraining.apprenticeships.education.gov.uk/courses/104/providers/10003200?distance=10
KINGSTON UPON HULL CITY COUNCIL,10003198,Day release,Good (3 employer reviews),Excellent (7 apprentice reviews),83.3% (out of 10 apprentices),https://findapprenticeshiptraining.apprenticeships.education.gov.uk/courses/104/providers/10003198?distance=10
DAWN HODGE ASSOCIATES LIMITED,10022117,At apprentice's workplace,Good (1 employer review),Excellent (23 apprentice reviews),83.3% (out of 10 apprentices),https://findapprenticeshiptraining.apprenticeships.education.gov.uk/courses/104/providers/10022117?distance=10
PARTNERSHIP TRAINING LIMITED,10036548,At apprentice's workplace,No reviews,Excellent (37 apprentice reviews),83.3% (out of 10 apprentices),https://findapprenticeshiptraining.apprenticeships.education.gov.uk/courses/104/providers/10036548?distance=10
CRAVEN COLLEGE,10001743,At apprentice's workplace,No reviews,Good (5 apprentice reviews),83.3% (out of 10 apprentices),https://findapprenticeshiptraining.apprenticeships.education.gov.uk/courses/104/providers/10001743?distance=10
ACHIEVING FOR CHILDREN COMMUNITY INTEREST COMPANY,10047071,At apprentice's workplace,No reviews,No reviews,83.3% (out of 10 apprentices),https://findapprenticeshiptraining.apprenticeships.education.gov.uk/courses/104/providers/10047071?distance=10
AXIA SOLUTIONS LIMITED,10000470,At apprentice's workplace; Day release,Excellent (1 employer review),Excellent (9 apprentice reviews),81.8% (out of 10 apprentices),https://findapprenticeshiptraining.apprenticeships.education.gov.uk/courses/104/providers/10000470?distance=10
CITY OF SUNDERLAND COLLEGE,10001475,At apprentice's workplace,Excellent (3 employer reviews),Good (27 apprentice reviews),81.8% (out of 10 apprentices),https://findapprenticeshiptraining.apprenticeships.education.gov.uk/courses/104/providers/10001475?distance=10
LINDEN MANAGEMENT (UK) LIMITED,10027616,At apprentice's workplace; Day release; Block release,Excellent (2 employer reviews),Excellent (13 apprentice reviews),80% (out of 30 apprentices),https://findapprenticeshiptraining.apprenticeships.education.gov.uk/courses/104/providers/10027616?distance=10
CITY SKILLS LIMITED,10065422,At apprentice's workplace; Day release; Block release; Block release (multiple locations); Day release (multiple locations),Excellent (17 employer reviews),Excellent (35 apprentice reviews),80% (out of 10 apprentices),https://findapprenticeshiptraining.apprenticeships.education.gov.uk/courses/104/providers/10065422?distance=10
THE TRAFFORD AND STOCKPORT COLLEGE GROUP,10005998,At apprentice's workplace,No reviews,Good (14 apprentice reviews),80% (out of 20 apprentices),https://findapprenticeshiptraining.apprenticeships.education.gov.uk/courses/104/providers/10005998?distance=10
CHESTERFIELD COLLEGE,10001378,At apprentice's workplace,Excellent (24 employer reviews),Good (56 apprentice reviews),78.9% (out of 20 apprentices),https://findapprenticeshiptraining.apprenticeships.education.gov.uk/courses/104/providers/10001378?distance=10
MIDDLESBROUGH COLLEGE,10004344,Day release,Good (1 employer review),Good (15 apprentice reviews),78.9% (out of 20 apprentices),https://findapprenticeshiptraining.apprenticeships.education.gov.uk/courses/104/providers/10004344?distance=10
ESSEX COUNTY COUNCIL,10002327,Day release,No reviews,Good (11 apprentice reviews),78.6% (out of 10 apprentices),https://findapprenticeshiptraining.apprenticeships.education.gov.uk/courses/104/providers/10002327?distance=10
ASPIRE DEVELOPMENT (UK) LTD,10054055,At apprentice's workplace,No reviews,Excellent (7 apprentice reviews),78.3% (out of 20 apprentices),https://findapprenticeshiptraining.apprenticeships.education.gov.uk/courses/104/providers/10054055?distance=10
MILLBROOK MANAGEMENT SERVICES LIMITED,10005264,At apprentice's workplace; Day release; Day release (multiple locations),No reviews,No reviews,78.3% (out of 20 apprentices),https://findapprenticeshiptraining.apprenticeships.education.gov.uk/courses/104/providers/10005264?distance=10
DUDLEY COLLEGE OF TECHNOLOGY,10007924,At apprentice's workplace; Day release,Poor (6 employer reviews),Good (35 apprentice reviews),77.8% (out of 20 apprentices),https://findapprenticeshiptraining.apprenticeships.education.gov.uk/courses/104/providers/10007924?distance=10
DN COLLEGES GROUP,10004695,Day release; Day release (multiple locations),Excellent (6 employer reviews),Good (20 apprentice reviews),76.9% (out of 10 apprentices),https://findapprenticeshiptraining.apprenticeships.education.gov.uk/courses/104/providers/10004695?distance=10
ACCIPIO LIMITED,10058012,At apprentice's workplace; Day release; Block release,Excellent (6 employer reviews),Excellent (15 apprentice reviews),76.6% (out of 50 apprentices),https://findapprenticeshiptraining.apprenticeships.education.gov.uk/courses/104/providers/10058012?distance=10
UNIVERSITY OF LINCOLN,10007151,Block release,Excellent (1 employer review),Good (47 apprentice reviews),76.3% (out of 40 apprentices),https://findapprenticeshiptraining.apprenticeships.education.gov.uk/courses/104/providers/10007151?distance=10
FUEL LEARNING LIMITED,10058111,At apprentice's workplace; Day release,No reviews,Excellent (47 apprentice reviews),76% (out of 150 apprentices),https://findapprenticeshiptraining.apprenticeships.education.gov.uk/courses/104/providers/10058111?distance=10
CORNDEL LIMITED,10061407,At apprentice's workplace; Day release; Block release; Block release (multiple locations); Day release (multiple locations),Excellent (10 employer reviews),Excellent (326 apprentice reviews),75.3% (out of 1360 apprentices),https://findapprenticeshiptraining.apprenticeships.education.gov.uk/courses/104/providers/10061407?distance=10
COVENTRY AND WARWICKSHIRE CHAMBERS OF COMMERCE TRAINING LIMITED,10001309,Day release,Excellent (2 employer reviews),Good (14 apprentice reviews),75% (out of 10 apprentices),https://findapprenticeshiptraining.apprenticeships.education.gov.uk/courses/104/providers/10001309?distance=10
WHYY? CHANGE LIMITED,10054584,Day release,No reviews,Excellent (7 apprentice reviews),75% (out of 10 apprentices),https://findapprenticeshiptraining.apprenticeships.education.gov.uk/courses/104/providers/10054584?distance=10
SPORT STRUCTURES EDUCATION COMMUNITY INTEREST COMPANY,10032648,At apprentice's workplace; Day release; Block release,No reviews,No reviews,75% (out of 10 apprentices),https://findapprenticeshiptraining.apprenticeships.education.gov.uk/courses/104/providers/10032648?distance=10
ALWAYS CONSULT LTD,10034128,At apprentice's workplace; Day release; Block release,Excellent (1 employer review),Good (15 apprentice reviews),74.2% (out of 60 apprentices),https://findapprenticeshiptraining.apprenticeships.education.gov.uk/courses/104/providers/10034128?distance=10
CAPTIVA LEARNING LIMITED,10030870,At apprentice's workplace; Day release; Block release,Good (7 employer reviews),Good (80 apprentice reviews),73.9% (out of 200 apprentices),https://findapprenticeshiptraining.apprenticeships.education.gov.uk/courses/104/providers/10030870?distance=10
LEARNMORE NETWORK LIMITED,10045077,At apprentice's workplace,No reviews,Good (43 apprentice reviews),72.9% (out of 90 apprentices),https://findapprenticeshiptraining.apprenticeships.education.gov.uk/courses/104/providers/10045077?distance=10
Capital City College Group,10007455,At apprentice's workplace; Day release; Block release; Block release (multiple locations); Day release (multiple locations),Excellent (1 employer review),Good (42 apprentice reviews),72.7% (out of 10 apprentices),https://findapprenticeshiptraining.apprenticeships.education.gov.uk/courses/104/providers/10007455?distance=10
GLOUCESTERSHIRE ENTERPRISE LIMITED,10001041,Day release,Excellent (1 employer review),No reviews,72.2% (out of 20 apprentices),https://findapprenticeshiptraining.apprenticeships.education.gov.uk/courses/104/providers/10001041?distance=10
INSTEP UK LIMITED,10003317,At apprentice's workplace,No reviews,Good (57 apprentice reviews),71.7% (out of 150 apprentices),https://findapprenticeshiptraining.apprenticeships.education.gov.uk/courses/104/providers/10003317?distance=10
BRIDGWATER AND TAUNTON COLLEGE,10000878,Day release,Excellent (4 employer reviews),Good (53 apprentice reviews),71.4% (out of 10 apprentices),https://findapprenticeshiptraining.apprenticeships.education.gov.uk/courses/104/providers/10000878?distance=10
NEW CITY COLLEGE,10006963,Day release,Excellent (2 employer reviews),Good (6 apprentice reviews),71.4% (out of 10 apprentices),https://findapprenticeshiptraining.apprenticeships.education.gov.uk/courses/104/providers/10006963?distance=10
MIDDLESBROUGH COUNCIL,10004343,Day release,No reviews,No reviews,71.4% (out of 10 apprentices),https://findapprenticeshiptraining.apprenticeships.education.gov.uk/courses/104/providers/10004343?distance=10
GLP TRAINING LTD,10046997,At apprentice's workplace,Good (4 employer reviews),Excellent (59 apprentice reviews),71.1% (out of 80 apprentices),https://findapprenticeshiptraining.apprenticeships.education.gov.uk/courses/104/providers/10046997?distance=10
CHARTERED INSTITUTION OF RAILWAY OPERATORS,10040914,Day release; Block release,Excellent (1 employer review),No reviews,71% (out of 30 apprentices),https://findapprenticeshiptraining.apprenticeships.education.gov.uk/courses/104/providers/10040914?distance=10
LINCOLN COLLEGE,10003928,At apprentice's workplace,Good (6 employer reviews),Good (9 apprentice reviews),70.6% (out of 20 apprentices),https://findapprenticeshiptraining.apprenticeships.education.gov.uk/courses/104/providers/10003928?distance=10
WALSALL COLLEGE,10007315,At apprentice's workplace; Day release,Good (4 employer reviews),Good (23 apprentice reviews),70.6% (out of 20 apprentices),https://findapprenticeshiptraining.apprenticeships.education.gov.uk/courses/104/providers/10007315?distance=10
STEADFAST TRAINING LTD,10018942,At apprentice's workplace,Excellent (3 employer reviews),Excellent (20 apprentice reviews),70% (out of 10 apprentices),https://findapprenticeshiptraining.apprenticeships.education.gov.uk/courses/104/providers/10018942?distance=10
LAKES COLLEGE WEST CUMBRIA,10003753,Day release,Poor (3 employer reviews),Good (20 apprentice reviews),70% (out of 10 apprentices),https://findapprenticeshiptraining.apprenticeships.education.gov.uk/courses/104/providers/10003753?distance=10
NEWCASTLE UPON TYNE CITY COUNCIL,10004601,At apprentice's workplace; Day release,No reviews,No reviews,70% (out of 10 apprentices),https://findapprenticeshiptraining.apprenticeships.education.gov.uk/courses/104/providers/10004601?distance=10
SCCU LTD,10036794,At apprentice's workplace,Excellent (6 employer reviews),Excellent (46 apprentice reviews),69.2% (out of 10 apprentices),https://findapprenticeshiptraining.apprenticeships.education.gov.uk/courses/104/providers/10036794?distance=10
LMP Education,10040664,At apprentice's workplace,Good (12 employer reviews),Good (98 apprentice reviews),69.2% (out of 10 apprentices),https://findapprenticeshiptraining.apprenticeships.education.gov.uk/courses/104/providers/10040664?distance=10
MBKB LTD,10054216,At apprentice's workplace,Good (8 employer reviews),Good (143 apprentice reviews),69.2% (out of 40 apprentices),https://findapprenticeshiptraining.apprenticeships.education.gov.uk/courses/104/providers/10054216?distance=10
SALFORD CITY COLLEGE,10005032,At apprentice's workplace; Day release,Excellent (2 employer reviews),Good (26 apprentice reviews),69% (out of 30 apprentices),https://findapprenticeshiptraining.apprenticeships.education.gov.uk/courses/104/providers/10005032?distance=10
DOVE NEST MANAGEMENT TRAINING AND DEVELOPMENT LIMITED,10023085,Day release; Block release,Poor (1 employer review),Good (11 apprentice reviews),68.9% (out of 50 apprentices),https://findapprenticeshiptraining.apprenticeships.education.gov.uk/courses/104/providers/10023085?distance=10
NORTH HERTFORDSHIRE COLLEGE,10004690,Day release,No reviews,Good (19 apprentice reviews),68.1% (out of 120 apprentices),https://findapprenticeshiptraining.apprenticeships.education.gov.uk/courses/104/providers/10004690?distance=10
UNIVERSITY OF DERBY,10007851,At apprentice's workplace,Good (3 employer reviews),Good (73 apprentice reviews),67.9% (out of 30 apprentices),https://findapprenticeshiptraining.apprenticeships.education.gov.uk/courses/104/providers/10007851?distance=10
NEWCASTLE AND STAFFORD COLLEGES GROUP,10004603,At apprentice's workplace; Day release; Day release (multiple locations),Excellent (1 employer review),Excellent (23 apprentice reviews),66.7% (out of 10 apprentices),https://findapprenticeshiptraining.apprenticeships.education.gov.uk/courses/104/providers/10004603?distance=10
KNOWLEDGEBRIEF LIMITED,10038982,At apprentice's workplace,Excellent (1 employer review),Excellent (46 apprentice reviews),66.7% (out of 100 apprentices),https://findapprenticeshiptraining.apprenticeships.education.gov.uk/courses/104/providers/10038982?distance=10
BOOM TRAINING LIMITED,10044607,At apprentice's workplace,Excellent (2 employer reviews),Excellent (16 apprentice reviews),66.7% (out of 20 apprentices),https://findapprenticeshiptraining.apprenticeships.education.gov.uk/courses/104/providers/10044607?distance=10
HTP APPRENTICESHIP COLLEGE LTD,10003162,At apprentice's workplace,Excellent (2 employer reviews),Good (30 apprentice reviews),66.7% (out of 10 apprentices),https://findapprenticeshiptraining.apprenticeships.education.gov.uk/courses/104/providers/10003162?distance=10
J G W TRAINING LIMITED,10031399,At apprentice's workplace,Excellent (3 employer reviews),Good (8 apprentice reviews),66.7% (out of 40 apprentices),https://findapprenticeshiptraining.apprenticeships.education.gov.uk/courses/104/providers/10031399?distance=10
VALKYRIE SUPPORT SERVICES LTD,10026094,At apprentice's workplace,Excellent (1 employer review),No reviews,66.7% (out of 10 apprentices),https://findapprenticeshiptraining.apprenticeships.education.gov.uk/courses/104/providers/10026094?distance=10
DAMAR LIMITED,10001831,At apprentice's workplace,Good (6 employer reviews),Good (49 apprentice reviews),66.7% (out of 30 apprentices),https://findapprenticeshiptraining.apprenticeships.education.gov.uk/courses/104/providers/10001831?distance=10
THE NVQ TRAINING CENTRE LIMITED,10026397,At apprentice's workplace,Good (1 employer review),Good (5 apprentice reviews),66.7% (out of 10 apprentices),https://findapprenticeshiptraining.apprenticeships.education.gov.uk/courses/104/providers/10026397?distance=10
SMART TRAINING AND RECRUITMENT LIMITED,10005927,At apprentice's workplace,Good (4 employer reviews),Good (26 apprentice reviews),66.2% (out of 70 apprentices),https://findapprenticeshiptraining.apprenticeships.education.gov.uk/courses/104/providers/10005927?distance=10
ELIESHA TRAINING LIMITED,10026843,At apprentice's workplace,No reviews,No reviews,65.6% (out of 60 apprentices),https://findapprenticeshiptraining.apprenticeships.education.gov.uk/courses/104/providers/10026843?distance=10
PARETO LAW LIMITED,10025697,At apprentice's workplace; Day release; Block release; Block release (multiple locations); Day release (multiple locations),No reviews,No reviews,65.5% (out of 30 apprentices),https://findapprenticeshiptraining.apprenticeships.education.gov.uk/courses/104/providers/10025697?distance=10
ITEC TRAINING SOLUTIONS LTD,10001156,Day release; Block release,No reviews,Good (10 apprentice reviews),65.2% (out of 20 apprentices),https://findapprenticeshiptraining.apprenticeships.education.gov.uk/courses/104/providers/10001156?distance=10
GATESHEAD COUNCIL,10002639,At apprentice's workplace; Day release,Excellent (8 employer reviews),Excellent (24 apprentice reviews),65% (out of 20 apprentices),https://findapprenticeshiptraining.apprenticeships.education.gov.uk/courses/104/providers/10002639?distance=10
MERCURI INTERNATIONAL (UK) LIMITED,10056013,At apprentice's workplace,No reviews,Excellent (7 apprentice reviews),64.3% (out of 10 apprentices),https://findapprenticeshiptraining.apprenticeships.education.gov.uk/courses/104/providers/10056013?distance=10
HCRG CARE SERVICES LTD,10037401,At apprentice's workplace,Excellent (8 employer reviews),No reviews,64% (out of 30 apprentices),https://findapprenticeshiptraining.apprenticeships.education.gov.uk/courses/104/providers/10037401?distance=10
TQ EDUCATION AND TRAINING LIMITED,10002806,At apprentice's workplace; Day release; Block release,No reviews,Excellent (31 apprentice reviews),64% (out of 80 apprentices),https://findapprenticeshiptraining.apprenticeships.education.gov.uk/courses/104/providers/10002806?distance=10
SEETEC BUSINESS TECHNOLOGY CENTRE LIMITED,10005735,At apprentice's workplace,Good (2 employer reviews),Good (19 apprentice reviews),63.9% (out of 40 apprentices),https://findapprenticeshiptraining.apprenticeships.education.gov.uk/courses/104/providers/10005735?distance=10
THE APPRENTICESHIP COLLEGE LTD,10047111,At apprentice's workplace; Day release,Excellent (10 employer reviews),Good (17 apprentice reviews),63.8% (out of 130 apprentices),https://findapprenticeshiptraining.apprenticeships.education.gov.uk/courses/104/providers/10047111?distance=10
IODA LIMITED,10062064,At apprentice's workplace,Excellent (2 employer reviews),Excellent (36 apprentice reviews),63.7% (out of 140 apprentices),https://findapprenticeshiptraining.apprenticeships.education.gov.uk/courses/104/providers/10062064?distance=10
CITY OF WOLVERHAMPTON COLLEGE,10007578,At apprentice's workplace,Excellent (1 employer review),Good (13 apprentice reviews),63.6% (out of 10 apprentices),https://findapprenticeshiptraining.apprenticeships.education.gov.uk/courses/104/providers/10007578?distance=10
RHG CONSULT LTD,10029195,At apprentice's workplace; Day release; Day release (multiple locations),No reviews,Excellent (11 apprentice reviews),63.6% (out of 20 apprentices),https://findapprenticeshiptraining.apprenticeships.education.gov.uk/courses/104/providers/10029195?distance=10
BEST PRACTICE NETWORK LIMITED,10019464,At apprentice's workplace; Day release,Good (9 employer reviews),Good (129 apprentice reviews),62.7% (out of 80 apprentices),https://findapprenticeshiptraining.apprenticeships.education.gov.uk/courses/104/providers/10019464?distance=10
FAREPORT TRAINING ORGANISATION LIMITED,10002407,At apprentice's workplace; Day release; Block release,Excellent (3 employer reviews),Excellent (19 apprentice reviews),62.5% (out of 10 apprentices),https://findapprenticeshiptraining.apprenticeships.education.gov.uk/courses/104/providers/10002407?distance=10
REWARDS TRAINING RECRUITMENT CONSULTANCY LIMITED,10005457,At apprentice's workplace,Good (5 employer reviews),Excellent (18 apprentice reviews),62.5% (out of 10 apprentices),https://findapprenticeshiptraining.apprenticeships.education.gov.uk/courses/104/providers/10005457?distance=10
TOTAL PEOPLE LIMITED,10021755,At apprentice's workplace,Good (12 employer reviews),Good (18 apprentice reviews),62.5% (out of 20 apprentices),https://findapprenticeshiptraining.apprenticeships.education.gov.uk/courses/104/providers/10021755?distance=10
Future Talent Learning,10084912,Day release; Block release,Excellent (1 employer review),Good (27 apprentice reviews),62% (out of 130 apprentices),https://findapprenticeshiptraining.apprenticeships.education.gov.uk/courses/104/providers/10084912?distance=10
BARNSLEY COLLEGE,10000536,At apprentice's workplace; Day release; Block release,No reviews,Good (17 apprentice reviews),61.9% (out of 20 apprentices),https://findapprenticeshiptraining.apprenticeships.education.gov.uk/courses/104/providers/10000536?distance=10
SOUTH DEVON COLLEGE,10005977,At apprentice's workplace; Day release; Day release (multiple locations),Good (2 employer reviews),Good (14 apprentice reviews),61.8% (out of 60 apprentices),https://findapprenticeshiptraining.apprenticeships.education.gov.uk/courses/104/providers/10005977?distance=10
COVENTRY UNIVERSITY,10001726,Day release,No reviews,Good (51 apprentice reviews),61.1% (out of 70 apprentices),https://findapprenticeshiptraining.apprenticeships.education.gov.uk/courses/104/providers/10001726?distance=10
HAWK MANAGEMENT (UK) LIMITED,10009600,At apprentice's workplace,No reviews,Excellent (41 apprentice reviews),61% (out of 120 apprentices),https://findapprenticeshiptraining.apprenticeships.education.gov.uk/courses/104/providers/10009600?distance=10
WEIR TRAINING LIMITED,10007377,At apprentice's workplace,Excellent (4 employer reviews),Excellent (9 apprentice reviews),60% (out of 20 apprentices),https://findapprenticeshiptraining.apprenticeships.education.gov.uk/courses/104/providers/10007377?distance=10
NTG TRAINING LTD,10024833,At apprentice's workplace,Excellent (1 employer review),Excellent (8 apprentice reviews),60% (out of 20 apprentices),https://findapprenticeshiptraining.apprenticeships.education.gov.uk/courses/104/providers/10024833?distance=10
HEART OF ENGLAND TRAINING LIMITED,10002976,At apprentice's workplace,Excellent (26 employer reviews),Good (61 apprentice reviews),60% (out of 20 apprentices),https://findapprenticeshiptraining.apprenticeships.education.gov.uk/courses/104/providers/10002976?distance=10
TRAINING 2000 LIMITED,10006987,At apprentice's workplace; Day release,Good (2 employer reviews),Good (13 apprentice reviews),60% (out of 10 apprentices),https://findapprenticeshiptraining.apprenticeships.education.gov.uk/courses/104/providers/10006987?distance=10
IMPACT FUTURES TRAINING LIMITED,10018916,At apprentice's workplace,Excellent (14 employer reviews),Good (107 apprentice reviews),58.9% (out of 90 apprentices),https://findapprenticeshiptraining.apprenticeships.education.gov.uk/courses/104/providers/10018916?distance=10
BPP PROFESSIONAL EDUCATION LIMITED,10029952,Day release; Block release; Block release (multiple locations); Day release (multiple locations),Good (25 employer reviews),Good (312 apprentice reviews),58.8% (out of 100 apprentices),https://findapprenticeshiptraining.apprenticeships.education.gov.uk/courses/104/providers/10029952?distance=10
INSPIRO LEARNING LIMITED,10037348,At apprentice's workplace,Good (6 employer reviews),Good (154 apprentice reviews),58.8% (out of 20 apprentices),https://findapprenticeshiptraining.apprenticeships.education.gov.uk/courses/104/providers/10037348?distance=10
WILTSHIRE COLLEGE AND UNIVERSITY CENTRE,10007527,At apprentice's workplace; Day release; Block release; Block release (multiple locations); Day release (multiple locations),Good (2 employer reviews),Good (13 apprentice reviews),58.6% (out of 30 apprentices),https://findapprenticeshiptraining.apprenticeships.education.gov.uk/courses/104/providers/10007527?distance=10
HAPPY COMPUTERS LIMITED,10002888,Day release; Day release (multiple locations),No reviews,Excellent (10 apprentice reviews),58.6% (out of 30 apprentices),https://findapprenticeshiptraining.apprenticeships.education.gov.uk/courses/104/providers/10002888?distance=10
RAISE THE BAR LIMITED,10025429,At apprentice's workplace,Excellent (12 employer reviews),Good (53 apprentice reviews),58.5% (out of 180 apprentices),https://findapprenticeshiptraining.apprenticeships.education.gov.uk/courses/104/providers/10025429?distance=10
THE EDUCATION AND SKILLS PARTNERSHIP LTD,10052437,At apprentice's workplace; Day release; Block release,No reviews,No reviews,58.3% (out of 10 apprentices),https://findapprenticeshiptraining.apprenticeships.education.gov.uk/courses/104/providers/10052437?distance=10
SR APPRENTICESHIPS LIMITED,10031146,At apprentice's workplace,Good (1 employer review),Good (27 apprentice reviews),57.7% (out of 30 apprentices),https://findapprenticeshiptraining.apprenticeships.education.gov.uk/courses/104/providers/10031146?distance=10
CT SKILLS LIMITED,10001174,At apprentice's workplace,Excellent (4 employer reviews),Good (25 apprentice reviews),57.1% (out of 20 apprentices),https://findapprenticeshiptraining.apprenticeships.education.gov.uk/courses/104/providers/10001174?distance=10
TRAVIS PERKINS PLC,10027498,At apprentice's workplace,Excellent (1 employer review),Good (44 apprentice reviews),57.1% (out of 70 apprentices),https://findapprenticeshiptraining.apprenticeships.education.gov.uk/courses/104/providers/10027498?distance=10
HIT TRAINING LTD,10012467,At apprentice's workplace,Good (14 employer reviews),Excellent (165 apprentice reviews),55.7% (out of 170 apprentices),https://findapprenticeshiptraining.apprenticeships.education.gov.uk/courses/104/providers/10012467?distance=10
LIGHTHOUSE (TRAINING AND DEVELOPMENT) LTD,10053869,Day release,Good (1 employer review),Good (28 apprentice reviews),55.7% (out of 90 apprentices),https://findapprenticeshiptraining.apprenticeships.education.gov.uk/courses/104/providers/10053869?distance=10
B-SKILL LIMITED,10000488,At apprentice's workplace,Excellent (2 employer reviews),Excellent (16 apprentice reviews),55.6% (out of 10 apprentices),https://findapprenticeshiptraining.apprenticeships.education.gov.uk/courses/104/providers/10000488?distance=10
BRADFORD COLLEGE,10000840,Day release,Excellent (10 employer reviews),Good (24 apprentice reviews),55.6% (out of 10 apprentices),https://findapprenticeshiptraining.apprenticeships.education.gov.uk/courses/104/providers/10000840?distance=10
GENIUS SOFTWARE SOLUTIONS LIMITED,10038872,At apprentice's workplace,Good (1 employer review),No reviews,55.6% (out of 10 apprentices),https://findapprenticeshiptraining.apprenticeships.education.gov.uk/courses/104/providers/10038872?distance=10
EXETER COLLEGE,10002370,At apprentice's workplace; Day release,Excellent (38 employer reviews),Good (78 apprentice reviews),55% (out of 40 apprentices),https://findapprenticeshiptraining.apprenticeships.education.gov.uk/courses/104/providers/10002370?distance=10
KINGDOM ACADEMY LIMITED,10031127,Day release,No reviews,Excellent (38 apprentice reviews),55% (out of 20 apprentices),https://findapprenticeshiptraining.apprenticeships.education.gov.uk/courses/104/providers/10031127?distance=10
ALLIANCE LEARNING,10000238,Day release,Excellent (2 employer reviews),No reviews,54.5% (out of 10 apprentices),https://findapprenticeshiptraining.apprenticeships.education.gov.uk/courses/104/providers/10000238?distance=10
RIVERSIDE TRAINING LIMITED,10005488,At apprentice's workplace,Good (4 employer reviews),Good (22 apprentice reviews),54.5% (out of 20 apprentices),https://findapprenticeshiptraining.apprenticeships.education.gov.uk/courses/104/providers/10005488?distance=10
Nova Training,10027272,At apprentice's workplace; Day release; Day release (multiple locations),No reviews,Good (6 apprentice reviews),54.5% (out of 10 apprentices),https://findapprenticeshiptraining.apprenticeships.education.gov.uk/courses/104/providers/10027272?distance=10
NORTH LANCS. TRAINING GROUP CIC,10004692,At apprentice's workplace,Excellent (2 employer reviews),Good (26 apprentice reviews),53.8% (out of 40 apprentices),https://findapprenticeshiptraining.apprenticeships.education.gov.uk/courses/104/providers/10004692?distance=10
REMIT GROUP LIMITED,10023047,At apprentice's workplace; Day release,Good (2 employer reviews),Good (48 apprentice reviews),52.6% (out of 60 apprentices),https://findapprenticeshiptraining.apprenticeships.education.gov.uk/courses/104/providers/10023047?distance=10
STAFFORDSHIRE UNIVERSITY,10006299,Block release,Excellent (2 employer reviews),Good (55 apprentice reviews),52.4% (out of 20 apprentices),https://findapprenticeshiptraining.apprenticeships.education.gov.uk/courses/104/providers/10006299?distance=10
LIFETIME TRAINING GROUP LIMITED,10003915,At apprentice's workplace,Excellent (34 employer reviews),Good (439 apprentice reviews),51.7% (out of 240 apprentices),https://findapprenticeshiptraining.apprenticeships.education.gov.uk/courses/104/providers/10003915?distance=10
MERCURY TRAINING SERVICES LTD,10023787,At apprentice's workplace; Day release; Block release; Block release (multiple locations); Day release (multiple locations),Excellent (1 employer review),Excellent (28 apprentice reviews),50% (out of 10 apprentices),https://findapprenticeshiptraining.apprenticeships.education.gov.uk/courses/104/providers/10023787?distance=10
LEARNING SKILLS PARTNERSHIP LTD,10032740,At apprentice's workplace,Excellent (4 employer reviews),Good (22 apprentice reviews),50% (out of 10 apprentices),https://findapprenticeshiptraining.apprenticeships.education.gov.uk/courses/104/providers/10032740?distance=10
LEICESTER COLLEGE,10003867,Day release,Good (4 employer reviews),Good (19 apprentice reviews),50% (out of 20 apprentices),https://findapprenticeshiptraining.apprenticeships.education.gov.uk/courses/104/providers/10003867?distance=10
P.T.P. TRAINING LIMITED,10011880,At apprentice's workplace; Day release; Block release; Block release (multiple locations); Day release (multiple locations),Good (1 employer review),Good (30 apprentice reviews),50% (out of 20 apprentices),https://findapprenticeshiptraining.apprenticeships.education.gov.uk/courses/104/providers/10011880?distance=10
ENCOMPASS CONSULTANCY LIMITED,10032396,At apprentice's workplace,Excellent (1 employer review),Good (14 apprentice reviews),48.3% (out of 30 apprentices),https://findapprenticeshiptraining.apprenticeships.education.gov.uk/courses/104/providers/10032396?distance=10
THE ASHRIDGE (BONAR LAW MEMORIAL) TRUST,10008899,At apprentice's workplace; Day release; Block release,Good (1 employer review),Good (9 apprentice reviews),46.7% (out of 20 apprentices),https://findapprenticeshiptraining.apprenticeships.education.gov.uk/courses/104/providers/10008899?distance=10
MARR CORPORATION LIMITED,10024124,At apprentice's workplace,Good (5 employer reviews),Good (152 apprentice reviews),46.7% (out of 120 apprentices),https://findapprenticeshiptraining.apprenticeships.education.gov.uk/courses/104/providers/10024124?distance=10
BABINGTON BUSINESS COLLEGE LIMITED,10000494,At apprentice's workplace,Good (7 employer reviews),Good (170 apprentice reviews),46.5% (out of 140 apprentices),https://findapprenticeshiptraining.apprenticeships.education.gov.uk/courses/104/providers/10000494?distance=10
THE SOCIETY OF LOCAL AUTHORITY CHIEF EXECUTIVES AND SENIOR MANAGERS (SOLACE GROUP) LTD,10062076,At apprentice's workplace; Day release; Block release,Good (1 employer review),Good (7 apprentice reviews),46.4% (out of 100 apprentices),https://findapprenticeshiptraining.apprenticeships.education.gov.uk/courses/104/providers/10062076?distance=10
ISLE OF WIGHT COLLEGE,10003406,At apprentice's workplace; Day release,No reviews,Poor (8 apprentice reviews),45.5% (out of 10 apprentices),https://findapprenticeshiptraining.apprenticeships.education.gov.uk/courses/104/providers/10003406?distance=10
KENDAL COLLEGE,10003558,Day release; Day release (multiple locations),No reviews,Good (8 apprentice reviews),45.2% (out of 40 apprentices),https://findapprenticeshiptraining.apprenticeships.education.gov.uk/courses/104/providers/10003558?distance=10
NINE DOTS DEVELOPMENT LIMITED,10062335,At apprentice's workplace,Good (2 employer reviews),Good (10 apprentice reviews),43.5% (out of 150 apprentices),https://findapprenticeshiptraining.apprenticeships.education.gov.uk/courses/104/providers/10062335?distance=10
TRAINING EVENT SAFETY SOLUTIONS LTD,10031093,At apprentice's workplace,No reviews,Good (20 apprentice reviews),42.9% (out of 10 apprentices),https://findapprenticeshiptraining.apprenticeships.education.gov.uk/courses/104/providers/10031093?distance=10
WELL ASSOCIATES LIMITED,10031326,At apprentice's workplace; Day release,No reviews,No reviews,42.9% (out of 40 apprentices),https://findapprenticeshiptraining.apprenticeships.education.gov.uk/courses/104/providers/10031326?distance=10
THE EDUCATIONWISE ACADEMY LTD,10056839,Day release; Block release,Excellent (1 employer review),Good (13 apprentice reviews),41.7% (out of 10 apprentices),https://findapprenticeshiptraining.apprenticeships.education.gov.uk/courses/104/providers/10056839?distance=10
LANCASTER AND MORECAMBE COLLEGE,10003768,Day release; Block release,Good (1 employer review),Good (5 apprentice reviews),41.2% (out of 20 apprentices),https://findapprenticeshiptraining.apprenticeships.education.gov.uk/courses/104/providers/10003768?distance=10
CHICHESTER COLLEGE GROUP,10007817,Day release,Good (5 employer reviews),Good (28 apprentice reviews),41.2% (out of 20 apprentices),https://findapprenticeshiptraining.apprenticeships.education.gov.uk/courses/104/providers/10007817?distance=10
NEW COLLEGE DURHAM,10004576,Day release,Very poor (1 employer review),Good (20 apprentice reviews),41.2% (out of 20 apprentices),https://findapprenticeshiptraining.apprenticeships.education.gov.uk/courses/104/providers/10004576?distance=10
GATESHEAD COLLEGE,10002638,Day release; Block release,No reviews,Good (10 apprentice reviews),41.2% (out of 20 apprentices),https://findapprenticeshiptraining.apprenticeships.education.gov.uk/courses/104/providers/10002638?distance=10
DERBY BUSINESS COLLEGE LIMITED,10005109,At apprentice's workplace,Excellent (2 employer reviews),Good (37 apprentice reviews),40% (out of 30 apprentices),https://findapprenticeshiptraining.apprenticeships.education.gov.uk/courses/104/providers/10005109?distance=10
SOUTH HAMPSHIRE COLLEGE GROUP,10007928,At apprentice's workplace; Day release,Good (10 employer reviews),Good (27 apprentice reviews),39.1% (out of 20 apprentices),https://findapprenticeshiptraining.apprenticeships.education.gov.uk/courses/104/providers/10007928?distance=10
TOTAL TRAINING PROVISION LIMITED,10047356,At apprentice's workplace,Excellent (1 employer review),Excellent (10 apprentice reviews),38.7% (out of 30 apprentices),https://findapprenticeshiptraining.apprenticeships.education.gov.uk/courses/104/providers/10047356?distance=10
QOMMUNICATE LTD,10032616,At apprentice's workplace,Excellent (6 employer reviews),Good (38 apprentice reviews),38.5% (out of 10 apprentices),https://findapprenticeshiptraining.apprenticeships.education.gov.uk/courses/104/providers/10032616?distance=10
ACTIVATE LEARNING,10004927,At apprentice's workplace; Day release; Block release,Excellent (5 employer reviews),Good (20 apprentice reviews),35.4% (out of 100 apprentices),https://findapprenticeshiptraining.apprenticeships.education.gov.uk/courses/104/providers/10004927?distance=10
PARAGON EDUCATION & SKILLS LIMITED,10004977,At apprentice's workplace,Good (17 employer reviews),Good (210 apprentice reviews),35.2% (out of 110 apprentices),https://findapprenticeshiptraining.apprenticeships.education.gov.uk/courses/104/providers/10004977?distance=10
LEARNING CURVE GROUP LIMITED,10008935,At apprentice's workplace,Good (5 employer reviews),Good (44 apprentice reviews),32.8% (out of 60 apprentices),https://findapprenticeshiptraining.apprenticeships.education.gov.uk/courses/104/providers/10008935?distance=10
REALISE LEARNING AND EMPLOYMENT LIMITED,10034309,At apprentice's workplace,Good (10 employer reviews),Good (127 apprentice reviews),29.4% (out of 70 apprentices),https://findapprenticeshiptraining.apprenticeships.education.gov.uk/courses/104/providers/10034309?distance=10
CHERITH SIMMONS LEARNING & DEVELOPMENT LLP,10045070,Day release,Good (1 employer review),No reviews,29.4% (out of 20 apprentices),https://findapprenticeshiptraining.apprenticeships.education.gov.uk/courses/104/providers/10045070?distance=10
UMBRELLA TRAINING AND EMPLOYMENT SOLUTIONS LIMITED,10039668,At apprentice's workplace,Excellent (6 employer reviews),Good (13 apprentice reviews),27.7% (out of 50 apprentices),https://findapprenticeshiptraining.apprenticeships.education.gov.uk/courses/104/providers/10039668?distance=10
IXION HOLDINGS (CONTRACTS) LIMITED,10033758,At apprentice's workplace,Good (5 employer reviews),Excellent (18 apprentice reviews),27.4% (out of 70 apprentices),https://findapprenticeshiptraining.apprenticeships.education.gov.uk/courses/104/providers/10033758?distance=10
INTEC BUSINESS COLLEGES LIMITED,10003347,At apprentice's workplace,Excellent (5 employer reviews),Good (33 apprentice reviews),15.7% (out of 50 apprentices),https://findapprenticeshiptraining.apprenticeships.education.gov.uk/courses/104/providers/10003347?distance=10
BLACKBURN COLLEGE,10000747,At apprentice's workplace; Day release,Excellent (5 employer reviews),Excellent (9 apprentice reviews),,https://findapprenticeshiptraining.apprenticeships.education.gov.uk/courses/104/providers/10000747?distance=10
LONDON SOUTH EAST COLLEGES,10000948,Day release; Block release; Block release (multiple locations); Day release (multiple locations),Excellent (4 employer reviews),Excellent (9 apprentice reviews),,https://findapprenticeshiptraining.apprenticeships.education.gov.uk/courses/104/providers/10000948?distance=10
BUCKINGHAMSHIRE COUNCIL,10000976,At apprentice's workplace,Excellent (1 employer review),Excellent (8 apprentice reviews),,https://findapprenticeshiptraining.apprenticeships.education.gov.uk/courses/104/providers/10000976?distance=10
CAMBRIDGE PROFESSIONAL ACADEMY LIMITED,10001115,At apprentice's workplace; Day release; Block release; Block release (multiple locations); Day release (multiple locations),Excellent (5 employer reviews),Excellent (9 apprentice reviews),,https://findapprenticeshiptraining.apprenticeships.education.gov.uk/courses/104/providers/10001115?distance=10
RIVERSIDE COLLEGE,10002863,At apprentice's workplace; Day release,Excellent (2 employer reviews),Excellent (7 apprentice reviews),,https://findapprenticeshiptraining.apprenticeships.education.gov.uk/courses/104/providers/10002863?distance=10
IN-COMM TRAINING AND BUSINESS SERVICES LIMITED,10003280,At apprentice's workplace; Day release; Block release; Block release (multiple locations); Day release (multiple locations),Excellent (1 employer review),Excellent (14 apprentice reviews),,https://findapprenticeshiptraining.apprenticeships.education.gov.uk/courses/104/providers/10003280?distance=10
THELIGHTBULB LTD,10003919,At apprentice's workplace; Day release,Excellent (2 employer reviews),Excellent (11 apprentice reviews),,https://findapprenticeshiptraining.apprenticeships.education.gov.uk/courses/104/providers/10003919?distance=10
LOCOMOTIVATION LTD.,10003976,At apprentice's workplace,Excellent (22 employer reviews),Excellent (55 apprentice reviews),,https://findapprenticeshiptraining.apprenticeships.education.gov.uk/courses/104/providers/10003976?distance=10
POULTEC TRAINING LIMITED,10005172,At apprentice's workplace,Excellent (21 employer reviews),Excellent (49 apprentice reviews),,https://findapprenticeshiptraining.apprenticeships.education.gov.uk/courses/104/providers/10005172?distance=10
TRANSWORLD PUBLICATIONS SERVICES LIMITED,10005268,At apprentice's workplace; Day release,Excellent (1 employer review),Excellent (7 apprentice reviews),,https://findapprenticeshiptraining.apprenticeships.education.gov.uk/courses/104/providers/10005268?distance=10
THE SKILLS PARTNERSHIP LIMITED,10005894,At apprentice's workplace,Excellent (8 employer reviews),Excellent (46 apprentice reviews),,https://findapprenticeshiptraining.apprenticeships.education.gov.uk/courses/104/providers/10005894?distance=10
WEST BERKSHIRE TRAINING CONSORTIUM,10007402,At apprentice's workplace; Day release,Excellent (1 employer review),Excellent (6 apprentice reviews),,https://findapprenticeshiptraining.apprenticeships.education.gov.uk/courses/104/providers/10007402?distance=10
ACCESS TRAINING LIMITED,10009059,At apprentice's workplace; Day release,Excellent (4 employer reviews),Excellent (11 apprentice reviews),,https://findapprenticeshiptraining.apprenticeships.education.gov.uk/courses/104/providers/10009059?distance=10
QDOS TRAINING LIMITED,10021018,At apprentice's workplace,Excellent (1 employer review),Excellent (7 apprentice reviews),,https://findapprenticeshiptraining.apprenticeships.education.gov.uk/courses/104/providers/10021018?distance=10
VQ SOLUTIONS LTD,10022405,At apprentice's workplace; Day release,Excellent (4 employer reviews),Excellent (14 apprentice reviews),,https://findapprenticeshiptraining.apprenticeships.education.gov.uk/courses/104/providers/10022405?distance=10
SUTTON COLDFIELD TRAINING LIMITED,10023992,At apprentice's workplace,Excellent (19 employer reviews),Excellent (22 apprentice reviews),,https://findapprenticeshiptraining.apprenticeships.education.gov.uk/courses/104/providers/10023992?distance=10
TRAINPLUS LTD,10026331,At apprentice's workplace; Day release; Block release,Excellent (1 employer review),Excellent (26 apprentice reviews),,https://findapprenticeshiptraining.apprenticeships.education.gov.uk/courses/104/providers/10026331?distance=10
EDEN TRAINING SOLUTIONS LIMITED,10027766,At apprentice's workplace,Excellent (8 employer reviews),Excellent (86 apprentice reviews),,https://findapprenticeshiptraining.apprenticeships.education.gov.uk/courses/104/providers/10027766?distance=10
SOUTH WEST ASSOCIATION OF TRAINING PROVIDERS LIMITED,10032119,At apprentice's workplace; Day release,Excellent (1 employer review),Excellent (11 apprentice reviews),,https://findapprenticeshiptraining.apprenticeships.education.gov.uk/courses/104/providers/10032119?distance=10
DEERE APPRENTICESHIPS LTD,10034887,At apprentice's workplace,Excellent (3 employer reviews),Excellent (8 apprentice reviews),,https://findapprenticeshiptraining.apprenticeships.education.gov.uk/courses/104/providers/10034887?distance=10
FIRST INTUITION SOUTH LIMITED,10040718,Day release,Excellent (2 employer reviews),Excellent (16 apprentice reviews),,https://findapprenticeshiptraining.apprenticeships.education.gov.uk/courses/104/providers/10040718?distance=10
THE LINK TRAINING ACADEMY LIMITED,10042593,Day release,Excellent (8 employer reviews),Excellent (5 apprentice reviews),,https://findapprenticeshiptraining.apprenticeships.education.gov.uk/courses/104/providers/10042593?distance=10
JC TRAINING & CONSULTANCY LTD,10056657,At apprentice's workplace,Excellent (4 employer reviews),Excellent (26 apprentice reviews),,https://findapprenticeshiptraining.apprenticeships.education.gov.uk/courses/104/providers/10056657?distance=10
BMS Progress LLP,10065872,At apprentice's workplace; Day release,Excellent (21 employer reviews),Excellent (125 apprentice reviews),,https://findapprenticeshiptraining.apprenticeships.education.gov.uk/courses/104/providers/10065872?distance=10
THE S&A TRANSFORM GROUP LIMITED,10088850,At apprentice's workplace; Day release; Block release; Block release (multiple locations); Day release (multiple locations),Excellent (1 employer review),Excellent (12 apprentice reviews),,https://findapprenticeshiptraining.apprenticeships.education.gov.uk/courses/104/providers/10088850?distance=10
NATIONAL UPSKILL LIMITED,10092569,At apprentice's workplace,Excellent (2 employer reviews),Excellent (7 apprentice reviews),,https://findapprenticeshiptraining.apprenticeships.education.gov.uk/courses/104/providers/10092569?distance=10
IOEX LTD,10092745,At apprentice's workplace,Excellent (6 employer reviews),Excellent (12 apprentice reviews),,https://findapprenticeshiptraining.apprenticeships.education.gov.uk/courses/104/providers/10092745?distance=10
THE LEARNING FOUNDRY LIMITED,10000201,At apprentice's workplace; Day release; Block release,Excellent (1 employer review),Good (13 apprentice reviews),,https://findapprenticeshiptraining.apprenticeships.education.gov.uk/courses/104/providers/10000201?distance=10
C.M.S. VOCATIONAL TRAINING LIMITED,10001515,At apprentice's workplace,Excellent (11 employer reviews),Good (41 apprentice reviews),,https://findapprenticeshiptraining.apprenticeships.education.gov.uk/courses/104/providers/10001515?distance=10
GLOUCESTERSHIRE COLLEGE,10002696,Day release; Block release,Excellent (5 employer reviews),Good (22 apprentice reviews),,https://findapprenticeshiptraining.apprenticeships.education.gov.uk/courses/104/providers/10002696?distance=10
HADDON TRAINING LIMITED,10002841,At apprentice's workplace,Excellent (1 employer review),Good (16 apprentice reviews),,https://findapprenticeshiptraining.apprenticeships.education.gov.uk/courses/104/providers/10002841?distance=10
"HEREFORDSHIRE, LUDLOW, AND NORTH SHROPSHIRE COLLEGE",10003023,At apprentice's workplace,Excellent (2 employer reviews),Good (12 apprentice reviews),,https://findapprenticeshiptraining.apprenticeships.education.gov.uk/courses/104/providers/10003023?distance=10
HOPWOOD HALL COLLEGE,10003146,At apprentice's workplace,Excellent (2 employer reviews),Good (10 apprentice reviews),,https://findapprenticeshiptraining.apprenticeships.education.gov.uk/courses/104/providers/10003146?distance=10
KIRKLEES COLLEGE,10003189,Day release,Excellent (8 employer reviews),Good (16 apprentice reviews),,https://findapprenticeshiptraining.apprenticeships.education.gov.uk/courses/104/providers/10003189?distance=10
IPS INTERNATIONAL LIMITED,10003385,At apprentice's workplace; Block release; Block release (multiple locations),Excellent (1 employer review),Good (14 apprentice reviews),,https://findapprenticeshiptraining.apprenticeships.education.gov.uk/courses/104/providers/10003385?distance=10
M I T SKILLS LIMITED,10004440,At apprentice's workplace,Excellent (2 employer reviews),Good (10 apprentice reviews),,https://findapprenticeshiptraining.apprenticeships.education.gov.uk/courses/104/providers/10004440?distance=10
PETA LIMITED,10005064,Day release,Excellent (3 employer reviews),Good (12 apprentice reviews),,https://findapprenticeshiptraining.apprenticeships.education.gov.uk/courses/104/providers/10005064?distance=10
INSPIRE EDUCATION GROUP,10005077,Day release,Excellent (3 employer reviews),Good (11 apprentice reviews),,https://findapprenticeshiptraining.apprenticeships.education.gov.uk/courses/104/providers/10005077?distance=10
PRESTON COLLEGE,10005200,Day release,Excellent (6 employer reviews),Good (20 apprentice reviews),,https://findapprenticeshiptraining.apprenticeships.education.gov.uk/courses/104/providers/10005200?distance=10
SANDWELL COLLEGE,10005669,Day release,Excellent (6 employer reviews),Good (7 apprentice reviews),,https://findapprenticeshiptraining.apprenticeships.education.gov.uk/courses/104/providers/10005669?distance=10
SKERN LODGE LIMITED,10005886,At apprentice's workplace,Excellent (1 employer review),Good (7 apprentice reviews),,https://findapprenticeshiptraining.apprenticeships.education.gov.uk/courses/104/providers/10005886?distance=10
SOLIHULL COLLEGE AND UNIVERSITY CENTRE,10005946,Day release,Excellent (1 employer review),Good (17 apprentice reviews),,https://findapprenticeshiptraining.apprenticeships.education.gov.uk/courses/104/providers/10005946?distance=10
"SOLENT UNIVERSITY, SOUTHAMPTON",10006022,At apprentice's workplace,Excellent (4 employer reviews),Good (24 apprentice reviews),,https://findapprenticeshiptraining.apprenticeships.education.gov.uk/courses/104/providers/10006022?distance=10
STOKE ON TRENT COLLEGE,10006349,At apprentice's workplace; Day release,Excellent (2 employer reviews),Good (9 apprentice reviews),,https://findapprenticeshiptraining.apprenticeships.education.gov.uk/courses/104/providers/10006349?distance=10
TRAINING SERVICES 2000 LTD,10007015,At apprentice's workplace,Excellent (17 employer reviews),Good (73 apprentice reviews),,https://findapprenticeshiptraining.apprenticeships.education.gov.uk/courses/104/providers/10007015?distance=10
TRURO AND PENWITH COLLEGE,10007063,Day release,Excellent (15 employer reviews),Good (19 apprentice reviews),,https://findapprenticeshiptraining.apprenticeships.education.gov.uk/courses/104/providers/10007063?distance=10
WARRINGTON & VALE ROYAL COLLEGE,10007339,At apprentice's workplace; Block release,Excellent (2 employer reviews),Good (5 apprentice reviews),,https://findapprenticeshiptraining.apprenticeships.education.gov.uk/courses/104/providers/10007339?distance=10
WEST NOTTINGHAMSHIRE COLLEGE,10007427,At apprentice's workplace,Excellent (3 employer reviews),Good (23 apprentice reviews),,https://findapprenticeshiptraining.apprenticeships.education.gov.uk/courses/104/providers/10007427?distance=10
WESTON COLLEGE OF FURTHER AND HIGHER EDUCATION,10007459,At apprentice's workplace; Day release,Excellent (6 employer reviews),Good (85 apprentice reviews),,https://findapprenticeshiptraining.apprenticeships.education.gov.uk/courses/104/providers/10007459?distance=10
THE COLLEGE OF WEST ANGLIA,10007916,Day release,Excellent (2 employer reviews),Good (12 apprentice reviews),,https://findapprenticeshiptraining.apprenticeships.education.gov.uk/courses/104/providers/10007916?distance=10
HEART OF WORCESTERSHIRE COLLEGE,10007977,At apprentice's workplace,Excellent (5 employer reviews),Good (8 apprentice reviews),,https://findapprenticeshiptraining.apprenticeships.education.gov.uk/courses/104/providers/10007977?distance=10
SKILLS FOR SECURITY LIMITED,10010523,Day release,Excellent (4 employer reviews),Good (11 apprentice reviews),,https://findapprenticeshiptraining.apprenticeships.education.gov.uk/courses/104/providers/10010523?distance=10
CQM TRAINING AND CONSULTANCY LIMITED,10025961,At apprentice's workplace; Day release; Block release,Excellent (2 employer reviews),Good (17 apprentice reviews),,https://findapprenticeshiptraining.apprenticeships.education.gov.uk/courses/104/providers/10025961?distance=10
FOCUS TRAINING (SW) LIMITED,10026590,At apprentice's workplace,Excellent (2 employer reviews),Good (14 apprentice reviews),,https://findapprenticeshiptraining.apprenticeships.education.gov.uk/courses/104/providers/10026590?distance=10
QUALITRAIN LIMITED,10027438,At apprentice's workplace; Day release,Excellent (6 employer reviews),Good (39 apprentice reviews),,https://findapprenticeshiptraining.apprenticeships.education.gov.uk/courses/104/providers/10027438?distance=10
E-CAREERS EDUCATION LIMITED,10033482,At apprentice's workplace; Day release,Excellent (1 employer review),Good (6 apprentice reviews),,https://findapprenticeshiptraining.apprenticeships.education.gov.uk/courses/104/providers/10033482?distance=10
SBC TRAINING LIMITED,10033746,Day release,Excellent (3 employer reviews),Good (12 apprentice reviews),,https://findapprenticeshiptraining.apprenticeships.education.gov.uk/courses/104/providers/10033746?distance=10
BRIGHTER BEGINNINGS DAY NURSERY LIMITED,10034931,At apprentice's workplace,Excellent (1 employer review),Good (5 apprentice reviews),,https://findapprenticeshiptraining.apprenticeships.education.gov.uk/courses/104/providers/10034931?distance=10
SR SUPPLY CHAIN CONSULTANTS LTD,10036350,At apprentice's workplace,Excellent (1 employer review),Good (11 apprentice reviews),,https://findapprenticeshiptraining.apprenticeships.education.gov.uk/courses/104/providers/10036350?distance=10
CAPITAL 4 TRAINING LIMITED,10038922,At apprentice's workplace; Day release; Block release,Excellent (1 employer review),Good (7 apprentice reviews),,https://findapprenticeshiptraining.apprenticeships.education.gov.uk/courses/104/providers/10038922?distance=10
PIER TECHNOLOGY LTD,10040417,At apprentice's workplace,Excellent (1 employer review),Good (5 apprentice reviews),,https://findapprenticeshiptraining.apprenticeships.education.gov.uk/courses/104/providers/10040417?distance=10
LEWTAY TRAINING LIMITED,10043533,At apprentice's workplace,Excellent (2 employer reviews),Good (5 apprentice reviews),,https://findapprenticeshiptraining.apprenticeships.education.gov.uk/courses/104/providers/10043533?distance=10
APPRENTICE TEAM LTD,10043793,At apprentice's workplace,Excellent (8 employer reviews),Good (26 apprentice reviews),,https://findapprenticeshiptraining.apprenticeships.education.gov.uk/courses/104/providers/10043793?distance=10
REACH4SKILLS TRAINING LTD,10048229,At apprentice's workplace,Excellent (4 employer reviews),Good (8 apprentice reviews),,https://findapprenticeshiptraining.apprenticeships.education.gov.uk/courses/104/providers/10048229?distance=10
TRAINING WORKS (NW) LTD,10048848,At apprentice's workplace,Excellent (1 employer review),Good (16 apprentice reviews),,https://findapprenticeshiptraining.apprenticeships.education.gov.uk/courses/104/providers/10048848?distance=10
CEDARS TRAINING ACADEMY LIMITED,10056770,At apprentice's workplace,Excellent (2 employer reviews),Good (8 apprentice reviews),,https://findapprenticeshiptraining.apprenticeships.education.gov.uk/courses/104/providers/10056770?distance=10
APPRENTIFY LIMITED,10063272,At apprentice's workplace; Day release; Block release,Excellent (4 employer reviews),Good (38 apprentice reviews),,https://findapprenticeshiptraining.apprenticeships.education.gov.uk/courses/104/providers/10063272?distance=10
CAMBRIDGE SPARK LIMITED,10063309,At apprentice's workplace,Excellent (3 employer reviews),Good (92 apprentice reviews),,https://findapprenticeshiptraining.apprenticeships.education.gov.uk/courses/104/providers/10063309?distance=10
PROFESSIONAL APPRENTICESHIPS LTD,10065020,At apprentice's workplace,Excellent (2 employer reviews),Good (7 apprentice reviews),,https://findapprenticeshiptraining.apprenticeships.education.gov.uk/courses/104/providers/10065020?distance=10
CLEARLINE RECRUITMENT LTD,10066561,At apprentice's workplace,Excellent (1 employer review),Good (6 apprentice reviews),,https://findapprenticeshiptraining.apprenticeships.education.gov.uk/courses/104/providers/10066561?distance=10
GREENLIGHT TRAINING LIMITED,10080843,At apprentice's workplace; Day release; Block release,Excellent (7 employer reviews),Good (13 apprentice reviews),,https://findapprenticeshiptraining.apprenticeships.education.gov.uk/courses/104/providers/10080843?distance=10
CLEAR QUALITY LIMITED,10083283,At apprentice's workplace,Excellent (1 employer review),Good (21 apprentice reviews),,https://findapprenticeshiptraining.apprenticeships.education.gov.uk/courses/104/providers/10083283?distance=10
HUGH BAIRD COLLEGE,10003193,At apprentice's workplace; Day release,Excellent (1 employer review),Poor (17 apprentice reviews),,https://findapprenticeshiptraining.apprenticeships.education.gov.uk/courses/104/providers/10003193?distance=10
SKILLS EDGE TRAINING LTD,10030249,At apprentice's workplace,Excellent (4 employer reviews),Poor (8 apprentice reviews),,https://findapprenticeshiptraining.apprenticeships.education.gov.uk/courses/104/providers/10030249?distance=10
BISHOP AUCKLAND COLLEGE,10000720,At apprentice's workplace,Excellent (1 employer review),No reviews,,https://findapprenticeshiptraining.apprenticeships.education.gov.uk/courses/104/providers/10000720?distance=10
BRADFORD CITY COUNCIL,10000850,At apprentice's workplace; Day release,Excellent (1 employer review),No reviews,,https://findapprenticeshiptraining.apprenticeships.education.gov.uk/courses/104/providers/10000850?distance=10
CAMBRIDGESHIRE COUNTY COUNCIL,10001123,At apprentice's workplace; Day release,Excellent (1 employer review),No reviews,,https://findapprenticeshiptraining.apprenticeships.education.gov.uk/courses/104/providers/10001123?distance=10
SUPPLY CHAIN ACADEMY LIMITED,10001733,At apprentice's workplace; Day release,Excellent (1 employer review),No reviews,,https://findapprenticeshiptraining.apprenticeships.education.gov.uk/courses/104/providers/10001733?distance=10
DARLINGTON BOROUGH COUNCIL,10001848,Day release,Excellent (2 employer reviews),No reviews,,https://findapprenticeshiptraining.apprenticeships.education.gov.uk/courses/104/providers/10001848?distance=10
DAVIDSON TRAINING UK LIMITED,10001869,At apprentice's workplace,Excellent (3 employer reviews),No reviews,,https://findapprenticeshiptraining.apprenticeships.education.gov.uk/courses/104/providers/10001869?distance=10
TTE TRAINING LIMITED,10004589,At apprentice's workplace,Excellent (1 employer review),No reviews,,https://findapprenticeshiptraining.apprenticeships.education.gov.uk/courses/104/providers/10004589?distance=10
THE NORTHUMBERLAND COUNCIL,10004762,Day release,Excellent (1 employer review),No reviews,,https://findapprenticeshiptraining.apprenticeships.education.gov.uk/courses/104/providers/10004762?distance=10
OXFORD PROFESSIONAL EDUCATION GROUP LIMITED,10004935,At apprentice's workplace; Day release; Day release (multiple locations),Excellent (1 employer review),No reviews,,https://findapprenticeshiptraining.apprenticeships.education.gov.uk/courses/104/providers/10004935?distance=10
SKILLS TO GROUP LIMITED,10005277,Day release,Excellent (7 employer reviews),No reviews,,https://findapprenticeshiptraining.apprenticeships.education.gov.uk/courses/104/providers/10005277?distance=10
HOUSE OF CLIVE (HAIR AND BEAUTY) LIMITED,10005426,At apprentice's workplace; Day release; Day release (multiple locations),Excellent (3 employer reviews),No reviews,,https://findapprenticeshiptraining.apprenticeships.education.gov.uk/courses/104/providers/10005426?distance=10
NORTHAMPTON COLLEGE,10007011,At apprentice's workplace; Day release,Excellent (2 employer reviews),No reviews,,https://findapprenticeshiptraining.apprenticeships.education.gov.uk/courses/104/providers/10007011?distance=10
WEST THAMES COLLEGE,10007434,Day release,Excellent (2 employer reviews),No reviews,,https://findapprenticeshiptraining.apprenticeships.education.gov.uk/courses/104/providers/10007434?distance=10
LONDON LEARNING CONSORTIUM COMMUNITY INTEREST COMPANY,10021684,At apprentice's workplace,Excellent (1 employer review),No reviews,,https://findapprenticeshiptraining.apprenticeships.education.gov.uk/courses/104/providers/10021684?distance=10
PATHWAY FIRST LIMITED,10021793,At apprentice's workplace,Excellent (2 employer reviews),No reviews,,https://findapprenticeshiptraining.apprenticeships.education.gov.uk/courses/104/providers/10021793?distance=10
PHOENIX4TRAINING LLP,10024054,At apprentice's workplace,Excellent (2 employer reviews),No reviews,,https://findapprenticeshiptraining.apprenticeships.education.gov.uk/courses/104/providers/10024054?distance=10
THAT NAIL PLACE LIMITED,10028007,At apprentice's workplace; Day release,Excellent (8 employer reviews),No reviews,,https://findapprenticeshiptraining.apprenticeships.education.gov.uk/courses/104/providers/10028007?distance=10
IGNITE SPORT UK LIMITED,10029736,At apprentice's workplace,Excellent (2 employer reviews),No reviews,,https://findapprenticeshiptraining.apprenticeships.education.gov.uk/courses/104/providers/10029736?distance=10
1ST2 ACHIEVE TRAINING LIMITED,10031126,At apprentice's workplace,Excellent (2 employer reviews),No reviews,,https://findapprenticeshiptraining.apprenticeships.education.gov.uk/courses/104/providers/10031126?distance=10
AVEREE LTD,10036194,At apprentice's workplace; Day release; Day release (multiple locations),Excellent (1 employer review),No reviews,,https://findapprenticeshiptraining.apprenticeships.education.gov.uk/courses/104/providers/10036194?distance=10
A S TRAINING (INTERNATIONAL) LIMITED,10037198,At apprentice's workplace,Excellent (1 employer review),No reviews,,https://findapprenticeshiptraining.apprenticeships.education.gov.uk/courses/104/providers/10037198?distance=10
EXCEL TRAINING LIMITED,10037723,At apprentice's workplace,Excellent (1 employer review),No reviews,,https://findapprenticeshiptraining.apprenticeships.education.gov.uk/courses/104/providers/10037723?distance=10
BRAGD LLP,10040391,At apprentice's workplace; Day release; Block release; Block release (multiple locations); Day release (multiple locations),Excellent (1 employer review),No reviews,,https://findapprenticeshiptraining.apprenticeships.education.gov.uk/courses/104/providers/10040391?distance=10
GLASS & FENESTRATION TRAINING SOLUTIONS LTD,10040392,At apprentice's workplace,Excellent (1 employer review),No reviews,,https://findapprenticeshiptraining.apprenticeships.education.gov.uk/courses/104/providers/10040392?distance=10
OPTIMUM SKILLS LIMITED,10043661,At apprentice's workplace,Excellent (1 employer review),No reviews,,https://findapprenticeshiptraining.apprenticeships.education.gov.uk/courses/104/providers/10043661?distance=10
KIWI & YUZU LTD,10046679,At apprentice's workplace,Excellent (5 employer reviews),No reviews,,https://findapprenticeshiptraining.apprenticeships.education.gov.uk/courses/104/providers/10046679?distance=10
BLUE SKY ASSESSING & CONSULTANCY LTD,10046850,At apprentice's workplace,Excellent (1 employer review),No reviews,,https://findapprenticeshiptraining.apprenticeships.education.gov.uk/courses/104/providers/10046850?distance=10
VELOCITY 1ST LIMITED,10047354,At apprentice's workplace; Day release; Block release; Block release (multiple locations); Day release (multiple locations),Excellent (1 employer review),No reviews,,https://findapprenticeshiptraining.apprenticeships.education.gov.uk/courses/104/providers/10047354?distance=10
JLMS MANAGEMENT LTD.,10054679,At apprentice's workplace,Excellent (1 employer review),No reviews,,https://findapprenticeshiptraining.apprenticeships.education.gov.uk/courses/104/providers/10054679?distance=10
CONTRACTING SERVICES (EDUCATION AND SKILLS) LIMITED,10056737,At apprentice's workplace,Excellent (1 employer review),No reviews,,https://findapprenticeshiptraining.apprenticeships.education.gov.uk/courses/104/providers/10056737?distance=10
ASPIRE PROCUREMENT TRAINING LTD,10063268,At apprentice's workplace; Day release,Excellent (2 employer reviews),No reviews,,https://findapprenticeshiptraining.apprenticeships.education.gov.uk/courses/104/providers/10063268?distance=10
NC GROUP LTD,10064357,At apprentice's workplace; Day release; Block release,Excellent (1 employer review),No reviews,,https://findapprenticeshiptraining.apprenticeships.education.gov.uk/courses/104/providers/10064357?distance=10
EMPENTIS LIMITED,10065933,At apprentice's workplace; Day release; Block release,Excellent (1 employer review),No reviews,,https://findapprenticeshiptraining.apprenticeships.education.gov.uk/courses/104/providers/10065933?distance=10
C2C GROUP LIMITED,10092052,At apprentice's workplace,Excellent (2 employer reviews),No reviews,,https://findapprenticeshiptraining.apprenticeships.education.gov.uk/courses/104/providers/10092052?distance=10
HEREFORDSHIRE AND WORCESTERSHIRE GROUP TRAINING ASSOCIATION LIMITED,10003026,Day release; Day release (multiple locations),Good (3 employer reviews),Excellent (27 apprentice reviews),,https://findapprenticeshiptraining.apprenticeships.education.gov.uk/courses/104/providers/10003026?distance=10
NORFOLK COUNTY COUNCIL,10004657,At apprentice's workplace; Day release; Block release,Good (2 employer reviews),Excellent (6 apprentice reviews),,https://findapprenticeshiptraining.apprenticeships.education.gov.uk/courses/104/providers/10004657?distance=10
ROCHDALE TRAINING ASSOCIATION LIMITED,10005509,At apprentice's workplace; Day release; Block release,Good (3 employer reviews),Excellent (10 apprentice reviews),,https://findapprenticeshiptraining.apprenticeships.education.gov.uk/courses/104/providers/10005509?distance=10
S & B AUTOMOTIVE ACADEMY LIMITED,10005599,At apprentice's workplace,Good (1 employer review),Excellent (16 apprentice reviews),,https://findapprenticeshiptraining.apprenticeships.education.gov.uk/courses/104/providers/10005599?distance=10
SOUTHPORT COLLEGE,10006038,Day release,Good (1 employer review),Excellent (5 apprentice reviews),,https://findapprenticeshiptraining.apprenticeships.education.gov.uk/courses/104/providers/10006038?distance=10
SPAN TRAINING & DEVELOPMENT LIMITED,10009091,At apprentice's workplace,Good (3 employer reviews),Excellent (5 apprentice reviews),,https://findapprenticeshiptraining.apprenticeships.education.gov.uk/courses/104/providers/10009091?distance=10
ABM TRAINING (UK) LTD,10029426,At apprentice's workplace,Good (1 employer review),Excellent (21 apprentice reviews),,https://findapprenticeshiptraining.apprenticeships.education.gov.uk/courses/104/providers/10029426?distance=10
CROSBY MANAGEMENT TRAINING LTD,10034952,At apprentice's workplace; Day release; Day release (multiple locations),Good (3 employer reviews),Excellent (27 apprentice reviews),,https://findapprenticeshiptraining.apprenticeships.education.gov.uk/courses/104/providers/10034952?distance=10
SOMERSET SKILLS & LEARNING CIC,10042505,At apprentice's workplace; Day release,Good (1 employer review),Excellent (7 apprentice reviews),,https://findapprenticeshiptraining.apprenticeships.education.gov.uk/courses/104/providers/10042505?distance=10
SCL EDUCATION & TRAINING LIMITED,10043208,At apprentice's workplace,Good (2 employer reviews),Excellent (31 apprentice reviews),,https://findapprenticeshiptraining.apprenticeships.education.gov.uk/courses/104/providers/10043208?distance=10
SPORTING FUTURES TRAINING (UK) LTD,10046677,At apprentice's workplace; Day release,Good (2 employer reviews),Excellent (10 apprentice reviews),,https://findapprenticeshiptraining.apprenticeships.education.gov.uk/courses/104/providers/10046677?distance=10
FIRST INTUITION LIMITED,10056738,Block release,Good (9 employer reviews),Excellent (37 apprentice reviews),,https://findapprenticeshiptraining.apprenticeships.education.gov.uk/courses/104/providers/10056738?distance=10
BEDFORD COLLEGE,10000610,At apprentice's workplace,Good (5 employer reviews),Good (22 apprentice reviews),,https://findapprenticeshiptraining.apprenticeships.education.gov.uk/courses/104/providers/10000610?distance=10
"BOURNEMOUTH AND POOLE COLLEGE, THE",10000820,Day release,Good (4 employer reviews),Good (49 apprentice reviews),,https://findapprenticeshiptraining.apprenticeships.education.gov.uk/courses/104/providers/10000820?distance=10
UNITED COLLEGES GROUP,10001476,At apprentice's workplace,Good (2 employer reviews),Good (7 apprentice reviews),,https://findapprenticeshiptraining.apprenticeships.education.gov.uk/courses/104/providers/10001476?distance=10
COLCHESTER INSTITUTE,10001535,Day release,Good (6 employer reviews),Good (17 apprentice reviews),,https://findapprenticeshiptraining.apprenticeships.education.gov.uk/courses/104/providers/10001535?distance=10
THE COLLEGE OF ANIMAL WELFARE LIMITED,10001539,Block release,Good (1 employer review),Good (16 apprentice reviews),,https://findapprenticeshiptraining.apprenticeships.education.gov.uk/courses/104/providers/10001539?distance=10
CORNWALL COLLEGE,10001696,Day release,Good (5 employer reviews),Good (17 apprentice reviews),,https://findapprenticeshiptraining.apprenticeships.education.gov.uk/courses/104/providers/10001696?distance=10
DARLINGTON COLLEGE,10001850,Day release,Good (3 employer reviews),Good (13 apprentice reviews),,https://findapprenticeshiptraining.apprenticeships.education.gov.uk/courses/104/providers/10001850?distance=10
DCG,10001919,At apprentice's workplace; Day release,Good (2 employer reviews),Good (25 apprentice reviews),,https://findapprenticeshiptraining.apprenticeships.education.gov.uk/courses/104/providers/10001919?distance=10
FURNESS COLLEGE,10002599,Day release,Good (2 employer reviews),Good (9 apprentice reviews),,https://findapprenticeshiptraining.apprenticeships.education.gov.uk/courses/104/providers/10002599?distance=10
HARLOW COLLEGE,10002899,Day release,Good (3 employer reviews),Good (5 apprentice reviews),,https://findapprenticeshiptraining.apprenticeships.education.gov.uk/courses/104/providers/10002899?distance=10
HULL BUSINESS TRAINING CENTRE LIMITED,10003197,Day release,Good (3 employer reviews),Good (6 apprentice reviews),,https://findapprenticeshiptraining.apprenticeships.education.gov.uk/courses/104/providers/10003197?distance=10
JUNIPER TRAINING LIMITED,10003529,At apprentice's workplace,Good (1 employer review),Good (18 apprentice reviews),,https://findapprenticeshiptraining.apprenticeships.education.gov.uk/courses/104/providers/10003529?distance=10
MACCLESFIELD COLLEGE,10004144,At apprentice's workplace,Good (4 employer reviews),Good (19 apprentice reviews),,https://findapprenticeshiptraining.apprenticeships.education.gov.uk/courses/104/providers/10004144?distance=10
THE GROWTH COMPANY LIMITED,10004177,At apprentice's workplace,Good (5 employer reviews),Good (36 apprentice reviews),,https://findapprenticeshiptraining.apprenticeships.education.gov.uk/courses/104/providers/10004177?distance=10
NEW COLLEGE SWINDON,10004579,Day release,Good (1 employer review),Good (16 apprentice reviews),,https://findapprenticeshiptraining.apprenticeships.education.gov.uk/courses/104/providers/10004579?distance=10
NCG,10004599,Day release,Good (2 employer reviews),Good (23 apprentice reviews),,https://findapprenticeshiptraining.apprenticeships.education.gov.uk/courses/104/providers/10004599?distance=10
NEWHAM COLLEGE OF FURTHER EDUCATION,10004607,At apprentice's workplace; Day release,Good (6 employer reviews),Good (7 apprentice reviews),,https://findapprenticeshiptraining.apprenticeships.education.gov.uk/courses/104/providers/10004607?distance=10
PETROC,10004676,Day release,Good (3 employer reviews),Good (5 apprentice reviews),,https://findapprenticeshiptraining.apprenticeships.education.gov.uk/courses/104/providers/10004676?distance=10
CITY COLLEGE NORWICH,10004772,Day release,Good (6 employer reviews),Good (21 apprentice reviews),,https://findapprenticeshiptraining.apprenticeships.education.gov.uk/courses/104/providers/10004772?distance=10
"SHEFFIELD COLLEGE, THE",10005788,Day release,Good (2 employer reviews),Good (26 apprentice reviews),,https://findapprenticeshiptraining.apprenticeships.education.gov.uk/courses/104/providers/10005788?distance=10
SOUTH ESSEX COLLEGE OF FURTHER AND HIGHER EDUCATION,10005981,Block release,Good (3 employer reviews),Good (12 apprentice reviews),,https://findapprenticeshiptraining.apprenticeships.education.gov.uk/courses/104/providers/10005981?distance=10
TYNE COAST COLLEGE,10005999,Day release; Block release,Good (15 employer reviews),Good (5 apprentice reviews),,https://findapprenticeshiptraining.apprenticeships.education.gov.uk/courses/104/providers/10005999?distance=10
ST HELENS COLLEGE,10006174,At apprentice's workplace,Good (4 employer reviews),Good (7 apprentice reviews),,https://findapprenticeshiptraining.apprenticeships.education.gov.uk/courses/104/providers/10006174?distance=10
THE UNIVERSITY OF HUDDERSFIELD,10007148,Day release,Good (1 employer review),Good (37 apprentice reviews),,https://findapprenticeshiptraining.apprenticeships.education.gov.uk/courses/104/providers/10007148?distance=10
"HRUC (HARROW, RICHMOND AND UXBRIDGE COLLEGES)",10007193,At apprentice's workplace; Day release; Day release (multiple locations),Good (4 employer reviews),Good (20 apprentice reviews),,https://findapprenticeshiptraining.apprenticeships.education.gov.uk/courses/104/providers/10007193?distance=10
HEART OF YORKSHIRE EDUCATION GROUP,10007289,At apprentice's workplace,Good (2 employer reviews),Good (16 apprentice reviews),,https://findapprenticeshiptraining.apprenticeships.education.gov.uk/courses/104/providers/10007289?distance=10
WEST SUFFOLK COLLEGE,10007431,Day release; Day release (multiple locations),Good (6 employer reviews),Good (44 apprentice reviews),,https://findapprenticeshiptraining.apprenticeships.education.gov.uk/courses/104/providers/10007431?distance=10
YEOVIL COLLEGE,10007696,Day release,Good (5 employer reviews),Good (25 apprentice reviews),,https://findapprenticeshiptraining.apprenticeships.education.gov.uk/courses/104/providers/10007696?distance=10
TEC PARTNERSHIP,10007938,At apprentice's workplace,Good (1 employer review),Good (13 apprentice reviews),,https://findapprenticeshiptraining.apprenticeships.education.gov.uk/courses/104/providers/10007938?distance=10
NORTHERN CARE TRAINING LIMITED,10013515,At apprentice's workplace; Day release; Block release,Good (2 employer reviews),Good (7 apprentice reviews),,https://findapprenticeshiptraining.apprenticeships.education.gov.uk/courses/104/providers/10013515?distance=10
THE CHILD CARE COMPANY (OLD WINDSOR) LIMITED,10022788,At apprentice's workplace,Good (15 employer reviews),Good (87 apprentice reviews),,https://findapprenticeshiptraining.apprenticeships.education.gov.uk/courses/104/providers/10022788?distance=10
ACORN TRAINING LTD,10023489,At apprentice's workplace,Good (19 employer reviews),Good (20 apprentice reviews),,https://findapprenticeshiptraining.apprenticeships.education.gov.uk/courses/104/providers/10023489?distance=10
LUMINATE EDUCATION GROUP,10024962,Day release,Good (4 employer reviews),Good (44 apprentice reviews),,https://findapprenticeshiptraining.apprenticeships.education.gov.uk/courses/104/providers/10024962?distance=10
TRAIN TOGETHER LIMITED,10032052,At apprentice's workplace,Good (2 employer reviews),Good (23 apprentice reviews),,https://findapprenticeshiptraining.apprenticeships.education.gov.uk/courses/104/providers/10032052?distance=10
THE EQUESTRIAN LEARNING ACADEMY LIMITED,10034037,At apprentice's workplace; Day release,Good (2 employer reviews),Good (36 apprentice reviews),,https://findapprenticeshiptraining.apprenticeships.education.gov.uk/courses/104/providers/10034037?distance=10
NEXTSTEP TRAINING LIMITED,10034527,At apprentice's workplace; Day release; Block release,Good (1 employer review),Good (9 apprentice reviews),,https://findapprenticeshiptraining.apprenticeships.education.gov.uk/courses/104/providers/10034527?distance=10
PENSHAW VIEW TRAINING LIMITED,10038931,At apprentice's workplace,Good (1 employer review),Good (17 apprentice reviews),,https://findapprenticeshiptraining.apprenticeships.education.gov.uk/courses/104/providers/10038931?distance=10
TRS TRAINING LIMITED,10039242,At apprentice's workplace; Day release; Block release,Good (1 employer review),Good (19 apprentice reviews),,https://findapprenticeshiptraining.apprenticeships.education.gov.uk/courses/104/providers/10039242?distance=10
RM TRAINING (UK) LIMITED,10040011,At apprentice's workplace,Good (1 employer review),Good (5 apprentice reviews),,https://findapprenticeshiptraining.apprenticeships.education.gov.uk/courses/104/providers/10040011?distance=10
NOWSKILLS LIMITED,10040775,At apprentice's workplace,Good (4 employer reviews),Good (8 apprentice reviews),,https://findapprenticeshiptraining.apprenticeships.education.gov.uk/courses/104/providers/10040775?distance=10
BESPOKE PROFESSIONAL DEVELOPMENT AND TRAINING LIMITED,10045955,At apprentice's workplace,Good (2 employer reviews),Good (36 apprentice reviews),,https://findapprenticeshiptraining.apprenticeships.education.gov.uk/courses/104/providers/10045955?distance=10
PERFORMANCE LEARNING GROUP LTD,10052607,At apprentice's workplace; Block release,Good (2 employer reviews),Good (8 apprentice reviews),,https://findapprenticeshiptraining.apprenticeships.education.gov.uk/courses/104/providers/10052607?distance=10
EDUCATION AND SKILLS TRAINING & DEVELOPMENT LIMITED,10052638,At apprentice's workplace,Good (3 employer reviews),Good (63 apprentice reviews),,https://findapprenticeshiptraining.apprenticeships.education.gov.uk/courses/104/providers/10052638?distance=10
BESPOKE CONSULTANCY & EDUCATION LIMITED,10054118,At apprentice's workplace,Good (1 employer review),Good (14 apprentice reviews),,https://findapprenticeshiptraining.apprenticeships.education.gov.uk/courses/104/providers/10054118?distance=10
T3 TRAINING & DEVELOPMENT LTD,10056500,At apprentice's workplace,Good (2 employer reviews),Good (5 apprentice reviews),,https://findapprenticeshiptraining.apprenticeships.education.gov.uk/courses/104/providers/10056500?distance=10
SKILLCERT LIMITED,10061833,At apprentice's workplace,Good (3 employer reviews),Good (7 apprentice reviews),,https://findapprenticeshiptraining.apprenticeships.education.gov.uk/courses/104/providers/10061833?distance=10
SKILLS OFFICE NETWORK LTD,10082140,Day release; Block release,Good (3 employer reviews),Good (41 apprentice reviews),,https://findapprenticeshiptraining.apprenticeships.education.gov.uk/courses/104/providers/10082140?distance=10
Busy Bees Education and Training,10085899,At apprentice's workplace,Good (2 employer reviews),Good (45 apprentice reviews),,https://findapprenticeshiptraining.apprenticeships.education.gov.uk/courses/104/providers/10085899?distance=10
CU APPRENTICESHIPS (BETTER FUTURES) LIMITED,10091009,Day release,Good (1 employer review),Good (76 apprentice reviews),,https://findapprenticeshiptraining.apprenticeships.education.gov.uk/courses/104/providers/10091009?distance=10
CITY OF BRISTOL COLLEGE,10001467,At apprentice's workplace,Good (3 employer reviews),Poor (9 apprentice reviews),,https://findapprenticeshiptraining.apprenticeships.education.gov.uk/courses/104/providers/10001467?distance=10
LOUGHBOROUGH COLLEGE,10004112,Day release; Block release,Good (1 employer review),Poor (13 apprentice reviews),,https://findapprenticeshiptraining.apprenticeships.education.gov.uk/courses/104/providers/10004112?distance=10
REAL SKILLS TRAINING LTD,10043980,At apprentice's workplace; Day release; Block release,Good (4 employer reviews),Poor (12 apprentice reviews),,https://findapprenticeshiptraining.apprenticeships.education.gov.uk/courses/104/providers/10043980?distance=10
BASINGSTOKE COLLEGE OF TECHNOLOGY,10000560,At apprentice's workplace,Good (4 employer reviews),No reviews,,https://findapprenticeshiptraining.apprenticeships.education.gov.uk/courses/104/providers/10000560?distance=10
BROCKENHURST COLLEGE,10000944,At apprentice's workplace,Good (1 employer review),No reviews,,https://findapprenticeshiptraining.apprenticeships.education.gov.uk/courses/104/providers/10000944?distance=10
"EALING, HAMMERSMITH & WEST LONDON COLLEGE",10002094,Day release,Good (1 employer review),No reviews,,https://findapprenticeshiptraining.apprenticeships.education.gov.uk/courses/104/providers/10002094?distance=10
SHEFFIELD CITY COUNCIL,10002244,At apprentice's workplace,Good (1 employer review),No reviews,,https://findapprenticeshiptraining.apprenticeships.education.gov.uk/courses/104/providers/10002244?distance=10
INDEPENDENT TRAINING SERVICES LIMITED,10003289,At apprentice's workplace,Good (1 employer review),No reviews,,https://findapprenticeshiptraining.apprenticeships.education.gov.uk/courses/104/providers/10003289?distance=10
OAKLANDS COLLEGE,10004835,At apprentice's workplace; Day release,Good (1 employer review),No reviews,,https://findapprenticeshiptraining.apprenticeships.education.gov.uk/courses/104/providers/10004835?distance=10
SUFFOLK NEW COLLEGE,10006398,At apprentice's workplace,Good (2 employer reviews),No reviews,,https://findapprenticeshiptraining.apprenticeships.education.gov.uk/courses/104/providers/10006398?distance=10
W S TRAINING LTD.,10007659,At apprentice's workplace; Day release,Good (3 employer reviews),No reviews,,https://findapprenticeshiptraining.apprenticeships.education.gov.uk/courses/104/providers/10007659?distance=10
PGL TRAINING (PLUMBING) LIMITED,10008426,Day release,Good (1 employer review),No reviews,,https://findapprenticeshiptraining.apprenticeships.education.gov.uk/courses/104/providers/10008426?distance=10
SKILLWISE TRAINING UK LTD,10033209,At apprentice's workplace,Good (1 employer review),No reviews,,https://findapprenticeshiptraining.apprenticeships.education.gov.uk/courses/104/providers/10033209?distance=10
WORKPAYS LIMITED,10037289,At apprentice's workplace,Good (2 employer reviews),No reviews,,https://findapprenticeshiptraining.apprenticeships.education.gov.uk/courses/104/providers/10037289?distance=10
CROWN VOCATIONAL TRAINING LIMITED,10037798,At apprentice's workplace; Day release,Good (1 employer review),No reviews,,https://findapprenticeshiptraining.apprenticeships.education.gov.uk/courses/104/providers/10037798?distance=10
APPROVED TRAINING LIMITED,10056863,At apprentice's workplace,Good (3 employer reviews),No reviews,,https://findapprenticeshiptraining.apprenticeships.education.gov.uk/courses/104/providers/10056863?distance=10
CHESHIRE COLLEGE SOUTH AND WEST,10005972,At apprentice's workplace; Day release,Poor (1 employer review),Excellent (13 apprentice reviews),,https://findapprenticeshiptraining.apprenticeships.education.gov.uk/courses/104/providers/10005972?distance=10
E-TRAINING LIMITED,10002078,At apprentice's workplace,Poor (2 employer reviews),Good (15 apprentice reviews),,https://findapprenticeshiptraining.apprenticeships.education.gov.uk/courses/104/providers/10002078?distance=10
NOTTINGHAM COLLEGE,10004577,At apprentice's workplace,Poor (3 employer reviews),Good (30 apprentice reviews),,https://findapprenticeshiptraining.apprenticeships.education.gov.uk/courses/104/providers/10004577?distance=10
SKILLNET LIMITED,10005891,At apprentice's workplace,Poor (2 employer reviews),Good (24 apprentice reviews),,https://findapprenticeshiptraining.apprenticeships.education.gov.uk/courses/104/providers/10005891?distance=10
THE OLDHAM COLLEGE,10006770,Day release,Poor (7 employer reviews),Good (8 apprentice reviews),,https://findapprenticeshiptraining.apprenticeships.education.gov.uk/courses/104/providers/10006770?distance=10
SOUTH GLOUCESTERSHIRE AND STROUD COLLEGE,10036143,Day release; Day release (multiple locations),Poor (4 employer reviews),Good (16 apprentice reviews),,https://findapprenticeshiptraining.apprenticeships.education.gov.uk/courses/104/providers/10036143?distance=10
MULTIVERSE GROUP LIMITED,10055902,Day release; Block release,Poor (5 employer reviews),Good (669 apprentice reviews),,https://findapprenticeshiptraining.apprenticeships.education.gov.uk/courses/104/providers/10055902?distance=10
SKILLS4STEM LTD.,10062041,Day release; Block release; Block release (multiple locations); Day release (multiple locations),Poor (1 employer review),Poor (12 apprentice reviews),,https://findapprenticeshiptraining.apprenticeships.education.gov.uk/courses/104/providers/10062041?distance=10
DERWENT TRAINING ASSOCIATION,10009389,Day release,Poor (1 employer review),No reviews,,https://findapprenticeshiptraining.apprenticeships.education.gov.uk/courses/104/providers/10009389?distance=10
EKC GROUP,10006570,At apprentice's workplace; Day release,Very poor (1 employer review),Good (18 apprentice reviews),,https://findapprenticeshiptraining.apprenticeships.education.gov.uk/courses/104/providers/10006570?distance=10
UNIVERSITY OF NEWCASTLE UPON TYNE,10007799,Day release,Very poor (1 employer review),Good (17 apprentice reviews),,https://findapprenticeshiptraining.apprenticeships.education.gov.uk/courses/104/providers/10007799?distance=10
AURELIA TRAINING LIMITED,10000452,At apprentice's workplace; Day release,No reviews,Excellent (16 apprentice reviews),,https://findapprenticeshiptraining.apprenticeships.education.gov.uk/courses/104/providers/10000452?distance=10
EAST DURHAM COLLEGE,10002111,At apprentice's workplace; Day release,No reviews,Excellent (17 apprentice reviews),,https://findapprenticeshiptraining.apprenticeships.education.gov.uk/courses/104/providers/10002111?distance=10
GLOUCESTERSHIRE COUNTY COUNCIL,10002697,Day release,No reviews,Excellent (5 apprentice reviews),,https://findapprenticeshiptraining.apprenticeships.education.gov.uk/courses/104/providers/10002697?distance=10
THE UNIVERSITY OF BIRMINGHAM,10006840,At apprentice's workplace,No reviews,Excellent (14 apprentice reviews),,https://findapprenticeshiptraining.apprenticeships.education.gov.uk/courses/104/providers/10006840?distance=10
TACS Ltd,10020244,At apprentice's workplace,No reviews,Excellent (7 apprentice reviews),,https://findapprenticeshiptraining.apprenticeships.education.gov.uk/courses/104/providers/10020244?distance=10
GLOBAL SKILLS TRAINING LTD,10023829,At apprentice's workplace; Day release,No reviews,Excellent (5 apprentice reviews),,https://findapprenticeshiptraining.apprenticeships.education.gov.uk/courses/104/providers/10023829?distance=10
K S TRAINING LIMITED,10036736,At apprentice's workplace,No reviews,Excellent (24 apprentice reviews),,https://findapprenticeshiptraining.apprenticeships.education.gov.uk/courses/104/providers/10036736?distance=10
THE RECALVI ENTERPRISE LTD,10039140,At apprentice's workplace,No reviews,Excellent (11 apprentice reviews),,https://findapprenticeshiptraining.apprenticeships.education.gov.uk/courses/104/providers/10039140?distance=10
DYNAMO HEALTHCARE TRAINING LTD,10041239,At apprentice's workplace,No reviews,Excellent (8 apprentice reviews),,https://findapprenticeshiptraining.apprenticeships.education.gov.uk/courses/104/providers/10041239?distance=10
VARSITY TRAINING LIMITED,10049233,At apprentice's workplace; Day release; Day release (multiple locations),No reviews,Excellent (5 apprentice reviews),,https://findapprenticeshiptraining.apprenticeships.education.gov.uk/courses/104/providers/10049233?distance=10
SWARM TRAINING C.I.C.,10049392,At apprentice's workplace,No reviews,Excellent (9 apprentice reviews),,https://findapprenticeshiptraining.apprenticeships.education.gov.uk/courses/104/providers/10049392?distance=10
ASSOCIATED NEIGHBOUR TRAINING LIMITED,10057050,At apprentice's workplace,No reviews,Excellent (29 apprentice reviews),,https://findapprenticeshiptraining.apprenticeships.education.gov.uk/courses/104/providers/10057050?distance=10
JUICE TALENT DEVELOPMENT LIMITED,10063435,At apprentice's workplace,No reviews,Excellent (7 apprentice reviews),,https://findapprenticeshiptraining.apprenticeships.education.gov.uk/courses/104/providers/10063435?distance=10
UNIVERSITY COLLEGE BIRMINGHAM,10000712,At apprentice's workplace; Day release,No reviews,Good (42 apprentice reviews),,https://findapprenticeshiptraining.apprenticeships.education.gov.uk/courses/104/providers/10000712?distance=10
BOSTON COLLEGE,10000812,Day release,No reviews,Good (10 apprentice reviews),,https://findapprenticeshiptraining.apprenticeships.education.gov.uk/courses/104/providers/10000812?distance=10
BURTON AND SOUTH DERBYSHIRE COLLEGE,10001004,At apprentice's workplace; Block release,No reviews,Good (14 apprentice reviews),,https://findapprenticeshiptraining.apprenticeships.education.gov.uk/courses/104/providers/10001004?distance=10
CAMBRIDGE REGIONAL COLLEGE,10001116,At apprentice's workplace,No reviews,Good (9 apprentice reviews),,https://findapprenticeshiptraining.apprenticeships.education.gov.uk/courses/104/providers/10001116?distance=10
COVENTRY CITY COUNCIL,10001723,At apprentice's workplace; Day release,No reviews,Good (5 apprentice reviews),,https://findapprenticeshiptraining.apprenticeships.education.gov.uk/courses/104/providers/10001723?distance=10
GENII ENGINEERING & TECHNOLOGY TRAINING LIMITED,10002655,At apprentice's workplace; Day release; Block release; Block release (multiple locations); Day release (multiple locations),No reviews,Good (7 apprentice reviews),,https://findapprenticeshiptraining.apprenticeships.education.gov.uk/courses/104/providers/10002655?distance=10
EAST SUSSEX COLLEGE GROUP,10002923,At apprentice's workplace,No reviews,Good (11 apprentice reviews),,https://findapprenticeshiptraining.apprenticeships.education.gov.uk/courses/104/providers/10002923?distance=10
LEEDS BECKETT UNIVERSITY,10003861,Block release,No reviews,Good (32 apprentice reviews),,https://findapprenticeshiptraining.apprenticeships.education.gov.uk/courses/104/providers/10003861?distance=10
NEWBURY COLLEGE,10004596,At apprentice's workplace; Day release; Day release (multiple locations),No reviews,Good (6 apprentice reviews),,https://findapprenticeshiptraining.apprenticeships.education.gov.uk/courses/104/providers/10004596?distance=10
CITY COLLEGE PLYMOUTH,10005128,At apprentice's workplace,No reviews,Good (23 apprentice reviews),,https://findapprenticeshiptraining.apprenticeships.education.gov.uk/courses/104/providers/10005128?distance=10
STOCKTON-ON-TEES BOROUGH COUNCIL,10006337,Day release,No reviews,Good (7 apprentice reviews),,https://findapprenticeshiptraining.apprenticeships.education.gov.uk/courses/104/providers/10006337?distance=10
SURREY COUNTY COUNCIL,10006426,At apprentice's workplace; Day release; Block release,No reviews,Good (5 apprentice reviews),,https://findapprenticeshiptraining.apprenticeships.education.gov.uk/courses/104/providers/10006426?distance=10
BIRMINGHAM METROPOLITAN COLLEGE,10006442,At apprentice's workplace,No reviews,Good (11 apprentice reviews),,https://findapprenticeshiptraining.apprenticeships.education.gov.uk/courses/104/providers/10006442?distance=10
ASPIRE TRAINING TEAM LIMITED,10006942,At apprentice's workplace,No reviews,Good (18 apprentice reviews),,https://findapprenticeshiptraining.apprenticeships.education.gov.uk/courses/104/providers/10006942?distance=10
UNIVERSITY OF BEDFORDSHIRE,10007152,Day release,No reviews,Good (21 apprentice reviews),,https://findapprenticeshiptraining.apprenticeships.education.gov.uk/courses/104/providers/10007152?distance=10
WIRRAL METROPOLITAN COLLEGE,10007553,At apprentice's workplace; Day release,No reviews,Good (10 apprentice reviews),,https://findapprenticeshiptraining.apprenticeships.education.gov.uk/courses/104/providers/10007553?distance=10
FREIGHT TRANSPORT ASSOCIATION LIMITED,10008243,At apprentice's workplace; Day release,No reviews,Good (5 apprentice reviews),,https://findapprenticeshiptraining.apprenticeships.education.gov.uk/courses/104/providers/10008243?distance=10
PROFOUND SERVICES LIMITED,10022358,At apprentice's workplace,No reviews,Good (11 apprentice reviews),,https://findapprenticeshiptraining.apprenticeships.education.gov.uk/courses/104/providers/10022358?distance=10
Avant Skills Academy,10022513,Day release; Day release (multiple locations),No reviews,Good (5 apprentice reviews),,https://findapprenticeshiptraining.apprenticeships.education.gov.uk/courses/104/providers/10022513?distance=10
IMPACT LEARNING & DATA SOLUTIONS LIMITED,10022627,At apprentice's workplace,No reviews,Good (19 apprentice reviews),,https://findapprenticeshiptraining.apprenticeships.education.gov.uk/courses/104/providers/10022627?distance=10
MEDIPRO LIMITED,10023428,At apprentice's workplace; Day release; Block release,No reviews,Good (6 apprentice reviews),,https://findapprenticeshiptraining.apprenticeships.education.gov.uk/courses/104/providers/10023428?distance=10
Make UK,10025384,At apprentice's workplace; Block release,No reviews,Good (22 apprentice reviews),,https://findapprenticeshiptraining.apprenticeships.education.gov.uk/courses/104/providers/10025384?distance=10
WATERTRAIN LIMITED,10030871,At apprentice's workplace; Day release; Block release,No reviews,Good (7 apprentice reviews),,https://findapprenticeshiptraining.apprenticeships.education.gov.uk/courses/104/providers/10030871?distance=10
GREY SEAL ACADEMY LIMITED,10033815,At apprentice's workplace,No reviews,Good (9 apprentice reviews),,https://findapprenticeshiptraining.apprenticeships.education.gov.uk/courses/104/providers/10033815?distance=10
WMC TRAINING LTD,10038165,At apprentice's workplace,No reviews,Good (16 apprentice reviews),,https://findapprenticeshiptraining.apprenticeships.education.gov.uk/courses/104/providers/10038165?distance=10
GI GROUP RECRUITMENT LTD,10039882,At apprentice's workplace,No reviews,Good (7 apprentice reviews),,https://findapprenticeshiptraining.apprenticeships.education.gov.uk/courses/104/providers/10039882?distance=10
Makers Academy Ltd,10041057,At apprentice's workplace; Block release,No reviews,Good (12 apprentice reviews),,https://findapprenticeshiptraining.apprenticeships.education.gov.uk/courses/104/providers/10041057?distance=10
PROFESSIONAL DEVELOPMENT AND TRAINING LTD,10044419,At apprentice's workplace; Day release,No reviews,Good (16 apprentice reviews),,https://findapprenticeshiptraining.apprenticeships.education.gov.uk/courses/104/providers/10044419?distance=10
LEIGH ACADEMIES TRUST,10052832,At apprentice's workplace; Day release,No reviews,Good (5 apprentice reviews),,https://findapprenticeshiptraining.apprenticeships.education.gov.uk/courses/104/providers/10052832?distance=10
FE BUSINESS LIMITED,10052863,Day release; Block release,No reviews,Good (8 apprentice reviews),,https://findapprenticeshiptraining.apprenticeships.education.gov.uk/courses/104/providers/10052863?distance=10
ORANGE MOON TRAINING LIMITED,10054833,At apprentice's workplace,No reviews,Good (14 apprentice reviews),,https://findapprenticeshiptraining.apprenticeships.education.gov.uk/courses/104/providers/10054833?distance=10
EQUALS TRAINING LIMITED,10061466,At apprentice's workplace; Day release; Block release,No reviews,Good (7 apprentice reviews),,https://findapprenticeshiptraining.apprenticeships.education.gov.uk/courses/104/providers/10061466?distance=10
"BARKING, HAVERING AND REDBRIDGE UNIVERSITY HOSPITALS NHS TRUST",10063578,At apprentice's workplace; Day release; Day release (multiple locations),No reviews,Good (18 apprentice reviews),,https://findapprenticeshiptraining.apprenticeships.education.gov.uk/courses/104/providers/10063578?distance=10
CHILDBASE PARTNERSHIP LIMITED,10084678,At apprentice's workplace; Day release,No reviews,Good (12 apprentice reviews),,https://findapprenticeshiptraining.apprenticeships.education.gov.uk/courses/104/providers/10084678?distance=10
CAVITY DENTAL TRAINING LIMITED,10089621,At apprentice's workplace,No reviews,Good (5 apprentice reviews),,https://findapprenticeshiptraining.apprenticeships.education.gov.uk/courses/104/providers/10089621?distance=10
HERTFORD REGIONAL COLLEGE,10003035,At apprentice's workplace,No reviews,Poor (7 apprentice reviews),,https://findapprenticeshiptraining.apprenticeships.education.gov.uk/courses/104/providers/10003035?distance=10
Northwest Education And Training Ltd,10041486,At apprentice's workplace,No reviews,Poor (5 apprentice reviews),,https://findapprenticeshiptraining.apprenticeships.education.gov.uk/courses/104/providers/10041486?distance=10
ACCESS FURTHER EDUCATION LIMITED,10000080,At apprentice's workplace,No reviews,No reviews,,https://findapprenticeshiptraining.apprenticeships.education.gov.uk/courses/104/providers/10000080?distance=10
ACHIEVEMENT TRAINING LIMITED,10000099,At apprentice's workplace; Day release,No reviews,No reviews,,https://findapprenticeshiptraining.apprenticeships.education.gov.uk/courses/104/providers/10000099?distance=10
APPRENTICESHIP LEARNING SOLUTIONS LIMITED,10000105,At apprentice's workplace,No reviews,No reviews,,https://findapprenticeshiptraining.apprenticeships.education.gov.uk/courses/104/providers/10000105?distance=10
BARKING AND DAGENHAM COLLEGE,10000528,At apprentice's workplace,No reviews,No reviews,,https://findapprenticeshiptraining.apprenticeships.education.gov.uk/courses/104/providers/10000528?distance=10
EDUCATION DEVELOPMENT TRUST,10001298,Day release,No reviews,No reviews,,https://findapprenticeshiptraining.apprenticeships.education.gov.uk/courses/104/providers/10001298?distance=10
COUNTY DURHAM COUNCIL,10002064,Day release,No reviews,No reviews,,https://findapprenticeshiptraining.apprenticeships.education.gov.uk/courses/104/providers/10002064?distance=10
BIG CREATIVE TRAINING LTD,10002073,At apprentice's workplace; Day release,No reviews,No reviews,,https://findapprenticeshiptraining.apprenticeships.education.gov.uk/courses/104/providers/10002073?distance=10
ESCP EUROPE-BUSINESS SCHOOL,10002313,Day release; Block release,No reviews,No reviews,,https://findapprenticeshiptraining.apprenticeships.education.gov.uk/courses/104/providers/10002313?distance=10
First College,10002471,At apprentice's workplace,No reviews,No reviews,,https://findapprenticeshiptraining.apprenticeships.education.gov.uk/courses/104/providers/10002471?distance=10
JARROLD & SONS LIMITED,10003455,Day release; Block release,No reviews,No reviews,,https://findapprenticeshiptraining.apprenticeships.education.gov.uk/courses/104/providers/10003455?distance=10
AZESTA LIMITED,10003979,At apprentice's workplace,No reviews,No reviews,,https://findapprenticeshiptraining.apprenticeships.education.gov.uk/courses/104/providers/10003979?distance=10
LUTON BOROUGH COUNCIL,10004124,Day release,No reviews,No reviews,,https://findapprenticeshiptraining.apprenticeships.education.gov.uk/courses/104/providers/10004124?distance=10
MCARTHUR DEAN TRAINING LIMITED,10004257,At apprentice's workplace; Day release; Day release (multiple locations),No reviews,No reviews,,https://findapprenticeshiptraining.apprenticeships.education.gov.uk/courses/104/providers/10004257?distance=10
MILTON KEYNES COUNCIL,10004376,At apprentice's workplace; Day release,No reviews,No reviews,,https://findapprenticeshiptraining.apprenticeships.education.gov.uk/courses/104/providers/10004376?distance=10
MOULTON COLLEGE,10004442,At apprentice's workplace; Day release; Block release,No reviews,No reviews,,https://findapprenticeshiptraining.apprenticeships.education.gov.uk/courses/104/providers/10004442?distance=10
NORTH EAST SURREY COLLEGE OF TECHNOLOGY (NESCOT),10004686,Day release,No reviews,No reviews,,https://findapprenticeshiptraining.apprenticeships.education.gov.uk/courses/104/providers/10004686?distance=10
North Tyneside Adult Learning Service,10004714,Day release,No reviews,No reviews,,https://findapprenticeshiptraining.apprenticeships.education.gov.uk/courses/104/providers/10004714?distance=10
NORTH WEST COMMUNITY SERVICES TRAINING LTD,10004720,At apprentice's workplace,No reviews,No reviews,,https://findapprenticeshiptraining.apprenticeships.education.gov.uk/courses/104/providers/10004720?distance=10
PILOT IMS LIMITED,10005101,At apprentice's workplace,No reviews,No reviews,,https://findapprenticeshiptraining.apprenticeships.education.gov.uk/courses/104/providers/10005101?distance=10
RUNSHAW COLLEGE,10005575,Day release,No reviews,No reviews,,https://findapprenticeshiptraining.apprenticeships.education.gov.uk/courses/104/providers/10005575?distance=10
S.W. DURHAM TRAINING LIMITED,10006005,At apprentice's workplace; Day release,No reviews,No reviews,,https://findapprenticeshiptraining.apprenticeships.education.gov.uk/courses/104/providers/10006005?distance=10
UK TRAINING & DEVELOPMENT LIMITED,10007123,At apprentice's workplace,No reviews,No reviews,,https://findapprenticeshiptraining.apprenticeships.education.gov.uk/courses/104/providers/10007123?distance=10
Waverley Training Services,10008986,At apprentice's workplace,No reviews,No reviews,,https://findapprenticeshiptraining.apprenticeships.education.gov.uk/courses/104/providers/10008986?distance=10
FASHION RETAIL ACADEMY,10009213,At apprentice's workplace; Day release; Block release,No reviews,No reviews,,https://findapprenticeshiptraining.apprenticeships.education.gov.uk/courses/104/providers/10009213?distance=10
MAINSTREAM TRAINING LIMITED,10009491,At apprentice's workplace,No reviews,No reviews,,https://findapprenticeshiptraining.apprenticeships.education.gov.uk/courses/104/providers/10009491?distance=10
NISHKAM CIVIC ASSOCIATION,10012442,At apprentice's workplace; Day release,No reviews,No reviews,,https://findapprenticeshiptraining.apprenticeships.education.gov.uk/courses/104/providers/10012442?distance=10
D.T.K. BUSINESS SERVICES LIMITED,10013118,At apprentice's workplace,No reviews,No reviews,,https://findapprenticeshiptraining.apprenticeships.education.gov.uk/courses/104/providers/10013118?distance=10
HALIFAX OPPORTUNITIES TRUST,10013225,At apprentice's workplace; Day release; Block release,No reviews,No reviews,,https://findapprenticeshiptraining.apprenticeships.education.gov.uk/courses/104/providers/10013225?distance=10
ALAN HESTER ASSOCIATES LIMITED,10015933,At apprentice's workplace,No reviews,No reviews,,https://findapprenticeshiptraining.apprenticeships.education.gov.uk/courses/104/providers/10015933?distance=10
INTEGER TRAINING LIMITED,10019300,At apprentice's workplace,No reviews,No reviews,,https://findapprenticeshiptraining.apprenticeships.education.gov.uk/courses/104/providers/10019300?distance=10
EGLANTINE CATERING LIMITED,10020019,At apprentice's workplace,No reviews,No reviews,,https://findapprenticeshiptraining.apprenticeships.education.gov.uk/courses/104/providers/10020019?distance=10
THE COLLEGES' PARTNERSHIP LIMITED,10020932,At apprentice's workplace,No reviews,No reviews,,https://findapprenticeshiptraining.apprenticeships.education.gov.uk/courses/104/providers/10020932?distance=10
OXFORD HEALTH NHS FOUNDATION TRUST,10021243,Day release,No reviews,No reviews,,https://findapprenticeshiptraining.apprenticeships.education.gov.uk/courses/104/providers/10021243?distance=10
Alpha Gateway College,10022070,At apprentice's workplace; Day release,No reviews,No reviews,,https://findapprenticeshiptraining.apprenticeships.education.gov.uk/courses/104/providers/10022070?distance=10
MTD Training Ltd,10024659,At apprentice's workplace,No reviews,No reviews,,https://findapprenticeshiptraining.apprenticeships.education.gov.uk/courses/104/providers/10024659?distance=10
HYBRID TECHNICAL SERVICES LIMITED,10026620,At apprentice's workplace; Day release; Block release; Block release (multiple locations); Day release (multiple locations),No reviews,No reviews,,https://findapprenticeshiptraining.apprenticeships.education.gov.uk/courses/104/providers/10026620?distance=10
WORKFORCE TRAINING & DEVELOPMENT LTD,10027269,At apprentice's workplace,No reviews,No reviews,,https://findapprenticeshiptraining.apprenticeships.education.gov.uk/courses/104/providers/10027269?distance=10
STARTING OFF LIMITED,10027655,At apprentice's workplace,No reviews,No reviews,,https://findapprenticeshiptraining.apprenticeships.education.gov.uk/courses/104/providers/10027655?distance=10
TRAINING STRATEGIES LTD.,10027873,Day release,No reviews,No reviews,,https://findapprenticeshiptraining.apprenticeships.education.gov.uk/courses/104/providers/10027873?distance=10
ELEV8 TRAINING LIMITED,10029332,At apprentice's workplace; Day release; Block release,No reviews,No reviews,,https://findapprenticeshiptraining.apprenticeships.education.gov.uk/courses/104/providers/10029332?distance=10
THE WORKING KNOWLEDGE GROUP LIMITED,10031915,At apprentice's workplace,No reviews,No reviews,,https://findapprenticeshiptraining.apprenticeships.education.gov.uk/courses/104/providers/10031915?distance=10
OASIS CARE AND TRAINING AGENCY (OCTA),10032256,At apprentice's workplace,No reviews,No reviews,,https://findapprenticeshiptraining.apprenticeships.education.gov.uk/courses/104/providers/10032256?distance=10
PLACES FOR PEOPLE GROUP LIMITED,10032542,At apprentice's workplace; Day release; Day release (multiple locations),No reviews,No reviews,,https://findapprenticeshiptraining.apprenticeships.education.gov.uk/courses/104/providers/10032542?distance=10
ALL DIMENSION LIMITED,10032555,Day release,No reviews,No reviews,,https://findapprenticeshiptraining.apprenticeships.education.gov.uk/courses/104/providers/10032555?distance=10
AWC TRAINING LTD,10033536,At apprentice's workplace; Day release; Day release (multiple locations),No reviews,No reviews,,https://findapprenticeshiptraining.apprenticeships.education.gov.uk/courses/104/providers/10033536?distance=10
TRAIN 2 TRAIN LIMITED,10033640,At apprentice's workplace,No reviews,No reviews,,https://findapprenticeshiptraining.apprenticeships.education.gov.uk/courses/104/providers/10033640?distance=10
BRIGHT DIRECTION TRAINING LIMITED,10033710,Day release; Block release,No reviews,No reviews,,https://findapprenticeshiptraining.apprenticeships.education.gov.uk/courses/104/providers/10033710?distance=10
ACADEMIES ENTERPRISE TRUST,10033736,At apprentice's workplace,No reviews,No reviews,,https://findapprenticeshiptraining.apprenticeships.education.gov.uk/courses/104/providers/10033736?distance=10
ACTIV FIRST LIMITED,10034423,At apprentice's workplace,No reviews,No reviews,,https://findapprenticeshiptraining.apprenticeships.education.gov.uk/courses/104/providers/10034423?distance=10
QTS-GLOBAL LTD,10036134,At apprentice's workplace,No reviews,No reviews,,https://findapprenticeshiptraining.apprenticeships.education.gov.uk/courses/104/providers/10036134?distance=10
OTM APPRENTICESHIPS LTD,10037170,At apprentice's workplace,No reviews,No reviews,,https://findapprenticeshiptraining.apprenticeships.education.gov.uk/courses/104/providers/10037170?distance=10
HAMPSHIRE HOSPITALS NHS FOUNDATION TRUST,10037685,Day release; Block release; Block release (multiple locations); Day release (multiple locations),No reviews,No reviews,,https://findapprenticeshiptraining.apprenticeships.education.gov.uk/courses/104/providers/10037685?distance=10
FLM TRAINING LTD,10040440,At apprentice's workplace; Day release,No reviews,No reviews,,https://findapprenticeshiptraining.apprenticeships.education.gov.uk/courses/104/providers/10040440?distance=10
PROFESSIONAL QUALITY MANAGEMENT SERVICES LIMITED,10043841,Day release; Block release,No reviews,No reviews,,https://findapprenticeshiptraining.apprenticeships.education.gov.uk/courses/104/providers/10043841?distance=10
JAG TRAINING LIMITED,10046672,At apprentice's workplace; Day release; Block release,No reviews,No reviews,,https://findapprenticeshiptraining.apprenticeships.education.gov.uk/courses/104/providers/10046672?distance=10
IGNITE TRAINING LTD,10048827,Day release; Block release,No reviews,No reviews,,https://findapprenticeshiptraining.apprenticeships.education.gov.uk/courses/104/providers/10048827?distance=10
BELLEVUE EDUCATION INTERNATIONAL LIMITED,10053301,At apprentice's workplace,No reviews,No reviews,,https://findapprenticeshiptraining.apprenticeships.education.gov.uk/courses/104/providers/10053301?distance=10
QUALIA AESTHETICS LIMITED,10054006,At apprentice's workplace; Day release; Block release,No reviews,No reviews,,https://findapprenticeshiptraining.apprenticeships.education.gov.uk/courses/104/providers/10054006?distance=10
UK SKILLS ACADEMY LIMITED,10054946,At apprentice's workplace,No reviews,No reviews,,https://findapprenticeshiptraining.apprenticeships.education.gov.uk/courses/104/providers/10054946?distance=10
ABA PROCUREMENT LTD,10055013,At apprentice's workplace; Day release; Day release (multiple locations),No reviews,No reviews,,https://findapprenticeshiptraining.apprenticeships.education.gov.uk/courses/104/providers/10055013?distance=10
THE MANAGEMENT ACADEMY LTD,10058059,Day release; Block release,No reviews,No reviews,,https://findapprenticeshiptraining.apprenticeships.education.gov.uk/courses/104/providers/10058059?distance=10
GEM PARTNERSHIP LIMITED,10065710,At apprentice's workplace,No reviews,No reviews,,https://findapprenticeshiptraining.apprenticeships.education.gov.uk/courses/104/providers/10065710?distance=10
PHYSICAL EDUCATION & ACTIVE KIDS LTD,10084933,At apprentice's workplace,No reviews,No reviews,,https://findapprenticeshiptraining.apprenticeships.education.gov.uk/courses/104/providers/10084933?distance=10
Resolve ASB,10084984,At apprentice's workplace; Day release,No reviews,No reviews,,https://findapprenticeshiptraining.apprenticeships.education.gov.uk/courses/104/providers/10084984?distance=10
WHITE POINT SOLUTIONS LTD,10085944,At apprentice's workplace,No reviews,No reviews,,https://findapprenticeshiptraining.apprenticeships.education.gov.uk/courses/104/providers/10085944?distance=10
THE ACADEMY OF LEADERSHIP & MANAGEMENT LTD,10087529,Day release,No reviews,No reviews,,https://findapprenticeshiptraining.apprenticeships.education.gov.uk/courses/104/providers/10087529?distance=10
COMMUNITY MATTERS LTD.,10088215,At apprentice's workplace; Day release; Block release,No reviews,No reviews,,https://findapprenticeshiptraining.apprenticeships.education.gov.uk/courses/104/providers/10088215?distance=10
REED LEARNING LIMITED,10088273,At apprentice's workplace,No reviews,No reviews,,https://findapprenticeshiptraining.apprenticeships.education.gov.uk/courses/104/providers/10088273?distance=10
FIERI LEADERSHIP AND DEVELOPMENT LTD,10089666,At apprentice's workplace; Day release,No reviews,No reviews,,https://findapprenticeshiptraining.apprenticeships.education.gov.uk/courses/104/providers/10089666?distance=10
CASTLE & CO TRAINING LIMITED,10091500,At apprentice's workplace,No reviews,No reviews,,https://findapprenticeshiptraining.apprenticeships.education.gov.uk/courses/104/providers/10091500?distance=10
AM 2 PM GROUP HOLDINGS LIMITED,10092175,At apprentice's workplace,No reviews,No reviews,,https://findapprenticeshiptraining.apprenticeships.education.gov.uk/courses/104/providers/10092175?distance=10
ESTAR GROUP LIMITED,10094773,At apprentice's workplace; Day release; Block release,No reviews,No reviews,,https://findapprenticeshiptraining.apprenticeships.education.gov.uk/courses/104/providers/10094773?distance=10
PUREPAY RETAIL LIMITED,10096016,At apprentice's workplace,No reviews,No reviews,,https://findapprenticeshiptraining.apprenticeships.education.gov.uk/courses/104/providers/10096016?distance=10
