name,detail_url,ukprn,training_options,employer_reviews,apprentice_reviews,achievement_rate
HARTLEPOOL COLLEGE OF FURTHER EDUCATION,https://findapprenticeshiptraining.apprenticeships.education.gov.uk/courses/104/providers/10002917?distance=10,10002917,Day releaseOne day a week at the provider's location.,Good(1 employer review),Good(19 apprentice reviews),100% (out of 10 apprentices)
WIGAN AND LEIGH COLLEGE,https://findapprenticeshiptraining.apprenticeships.education.gov.uk/courses/104/providers/10007500?distance=10,10007500,At apprentice's workplaceTraining at the employer's location.,Good(3 employer reviews),Good(26 apprentice reviews),100% (out of 10 apprentices)
EAST SUSSEX COUNTY COUNCIL,https://findapprenticeshiptraining.apprenticeships.education.gov.uk/courses/104/providers/10002131?distance=10,10002131,At apprentice's workplaceTraining at the employer's location.,No employer reviews,No apprentice reviews,100% (out of 10 apprentices)
DERWENTSIDE COLLEGE,https://findapprenticeshiptraining.apprenticeships.education.gov.uk/courses/104/providers/10001934?distance=10,10001934,At apprentice's workplaceTraining at the employer's location.,Excellent(5 employer reviews),Good(47 apprentice reviews),93.8% (out of 20 apprentices)
PMA LTD,https://findapprenticeshiptraining.apprenticeships.education.gov.uk/courses/104/providers/10061640?distance=10,10061640,At apprentice's workplaceTraining at the employer's location.,No employer reviews,Good(12 apprentice reviews),92.9% (out of 10 apprentices)
THE EDUCATION TRAINING COLLECTIVE,https://findapprenticeshiptraining.apprenticeships.education.gov.uk/courses/104/providers/10006341?distance=10,10006341,"At apprentice's workplaceTraining at the employer's location., Day releaseOne day a week at the provider's location.",Excellent(1 employer review),Good(18 apprentice reviews),90% (out of 10 apprentices)
UNIVERSITY OF EXETER,https://findapprenticeshiptraining.apprenticeships.education.gov.uk/courses/104/providers/10007792?distance=10,10007792,"At apprentice's workplaceTraining at the employer's location., Block releaseBlocks of a week or more at the provider's location.",Excellent(4 employer reviews),Good(81 apprentice reviews),89.7% (out of 30 apprentices)
ADALTA DEVELOPMENT LTD,https://findapprenticeshiptraining.apprenticeships.education.gov.uk/courses/104/providers/10043865?distance=10,10043865,At apprentice's workplaceTraining at the employer's location.,No employer reviews,No apprentice reviews,87.5% (out of 20 apprentices)
BLACKPOOL AND THE FYLDE COLLEGE,https://findapprenticeshiptraining.apprenticeships.education.gov.uk/courses/104/providers/10000754?distance=10,10000754,"At apprentice's workplaceTraining at the employer's location., Block releaseBlocks of a week or more at the provider's location., Day releaseOne day a week at the provider's location.",Excellent(2 employer reviews),Good(35 apprentice reviews),85.7% (out of 40 apprentices)
BAUER RADIO LIMITED,https://findapprenticeshiptraining.apprenticeships.education.gov.uk/courses/104/providers/10002230?distance=10,10002230,"At apprentice's workplaceTraining at the employer's location., Block release at multiple locationsBlocks of a week or more at the provider's location., Day release at multiple locationsOne day a week at the provider's location.",Excellent(3 employer reviews),Good(16 apprentice reviews),85.7% (out of 10 apprentices)
BPIF TRAINING LIMITED,https://findapprenticeshiptraining.apprenticeships.education.gov.uk/courses/104/providers/10034212?distance=10,10034212,"At apprentice's workplaceTraining at the employer's location., Block releaseBlocks of a week or more at the provider's location., Day releaseOne day a week at the provider's location.",Excellent(1 employer review),Good(11 apprentice reviews),85.7% (out of 10 apprentices)
RNN GROUP,https://findapprenticeshiptraining.apprenticeships.education.gov.uk/courses/104/providers/10005534?distance=10,10005534,At apprentice's workplaceTraining at the employer's location.,Excellent(1 employer review),No apprentice reviews,85.7% (out of 10 apprentices)
CALDERDALE COLLEGE,https://findapprenticeshiptraining.apprenticeships.education.gov.uk/courses/104/providers/10001093?distance=10,10001093,Day releaseOne day a week at the provider's location.,Good(3 employer reviews),Good(7 apprentice reviews),85% (out of 20 apprentices)
HAVANT AND SOUTH DOWNS COLLEGE,https://findapprenticeshiptraining.apprenticeships.education.gov.uk/courses/104/providers/10005979?distance=10,10005979,"At apprentice's workplaceTraining at the employer's location., Day releaseOne day a week at the provider's location.",Excellent(2 employer reviews),Good(7 apprentice reviews),84.6% (out of 10 apprentices)
Learn Plus Us,https://findapprenticeshiptraining.apprenticeships.education.gov.uk/courses/104/providers/10028965?distance=10,10028965,At apprentice's workplaceTraining at the employer's location.,Good(1 employer review),Good(8 apprentice reviews),84.6% (out of 10 apprentices)
NATIONAL BUSINESS COLLEGE LIMITED,https://findapprenticeshiptraining.apprenticeships.education.gov.uk/courses/104/providers/10004499?distance=10,10004499,"At apprentice's workplaceTraining at the employer's location., Day releaseOne day a week at the provider's location.",Excellent(7 employer reviews),Excellent(7 apprentice reviews),83.3% (out of 10 apprentices)
HULL COLLEGE,https://findapprenticeshiptraining.apprenticeships.education.gov.uk/courses/104/providers/10003200?distance=10,10003200,Day releaseOne day a week at the provider's location.,Excellent(1 employer review),Good(13 apprentice reviews),83.3% (out of 10 apprentices)
KINGSTON UPON HULL CITY COUNCIL,https://findapprenticeshiptraining.apprenticeships.education.gov.uk/courses/104/providers/10003198?distance=10,10003198,Day releaseOne day a week at the provider's location.,Good(3 employer reviews),Excellent(7 apprentice reviews),83.3% (out of 10 apprentices)
DAWN HODGE ASSOCIATES LIMITED,https://findapprenticeshiptraining.apprenticeships.education.gov.uk/courses/104/providers/10022117?distance=10,10022117,At apprentice's workplaceTraining at the employer's location.,Good(1 employer review),Excellent(23 apprentice reviews),83.3% (out of 10 apprentices)
PARTNERSHIP TRAINING LIMITED,https://findapprenticeshiptraining.apprenticeships.education.gov.uk/courses/104/providers/10036548?distance=10,10036548,At apprentice's workplaceTraining at the employer's location.,No employer reviews,Excellent(37 apprentice reviews),83.3% (out of 10 apprentices)
CRAVEN COLLEGE,https://findapprenticeshiptraining.apprenticeships.education.gov.uk/courses/104/providers/10001743?distance=10,10001743,At apprentice's workplaceTraining at the employer's location.,No employer reviews,Good(5 apprentice reviews),83.3% (out of 10 apprentices)
ACHIEVING FOR CHILDREN COMMUNITY INTEREST COMPANY,https://findapprenticeshiptraining.apprenticeships.education.gov.uk/courses/104/providers/10047071?distance=10,10047071,At apprentice's workplaceTraining at the employer's location.,No employer reviews,No apprentice reviews,83.3% (out of 10 apprentices)
AXIA SOLUTIONS LIMITED,https://findapprenticeshiptraining.apprenticeships.education.gov.uk/courses/104/providers/10000470?distance=10,10000470,"At apprentice's workplaceTraining at the employer's location., Day releaseOne day a week at the provider's location.",Excellent(1 employer review),Excellent(9 apprentice reviews),81.8% (out of 10 apprentices)
CITY OF SUNDERLAND COLLEGE,https://findapprenticeshiptraining.apprenticeships.education.gov.uk/courses/104/providers/10001475?distance=10,10001475,At apprentice's workplaceTraining at the employer's location.,Excellent(3 employer reviews),Good(27 apprentice reviews),81.8% (out of 10 apprentices)
LINDEN MANAGEMENT (UK) LIMITED,https://findapprenticeshiptraining.apprenticeships.education.gov.uk/courses/104/providers/10027616?distance=10,10027616,"At apprentice's workplaceTraining at the employer's location., Block releaseBlocks of a week or more at the provider's location., Day releaseOne day a week at the provider's location.",Excellent(2 employer reviews),Excellent(13 apprentice reviews),80% (out of 30 apprentices)
CITY SKILLS LIMITED,https://findapprenticeshiptraining.apprenticeships.education.gov.uk/courses/104/providers/10065422?distance=10,10065422,"At apprentice's workplaceTraining at the employer's location., Block release at multiple locationsBlocks of a week or more at the provider's location., Day release at multiple locationsOne day a week at the provider's location.",Excellent(17 employer reviews),Excellent(35 apprentice reviews),80% (out of 10 apprentices)
THE TRAFFORD AND STOCKPORT COLLEGE GROUP,https://findapprenticeshiptraining.apprenticeships.education.gov.uk/courses/104/providers/10005998?distance=10,10005998,At apprentice's workplaceTraining at the employer's location.,No employer reviews,Good(14 apprentice reviews),80% (out of 20 apprentices)
CHESTERFIELD COLLEGE,https://findapprenticeshiptraining.apprenticeships.education.gov.uk/courses/104/providers/10001378?distance=10,10001378,At apprentice's workplaceTraining at the employer's location.,Excellent(24 employer reviews),Good(56 apprentice reviews),78.9% (out of 20 apprentices)
MIDDLESBROUGH COLLEGE,https://findapprenticeshiptraining.apprenticeships.education.gov.uk/courses/104/providers/10004344?distance=10,10004344,Day releaseOne day a week at the provider's location.,Good(1 employer review),Good(15 apprentice reviews),78.9% (out of 20 apprentices)
ESSEX COUNTY COUNCIL,https://findapprenticeshiptraining.apprenticeships.education.gov.uk/courses/104/providers/10002327?distance=10,10002327,Day releaseOne day a week at the provider's location.,No employer reviews,Good(11 apprentice reviews),78.6% (out of 10 apprentices)
ASPIRE DEVELOPMENT (UK) LTD,https://findapprenticeshiptraining.apprenticeships.education.gov.uk/courses/104/providers/10054055?distance=10,10054055,At apprentice's workplaceTraining at the employer's location.,No employer reviews,Excellent(7 apprentice reviews),78.3% (out of 20 apprentices)
MILLBROOK MANAGEMENT SERVICES LIMITED,https://findapprenticeshiptraining.apprenticeships.education.gov.uk/courses/104/providers/10005264?distance=10,10005264,"At apprentice's workplaceTraining at the employer's location., Day release at multiple locationsOne day a week at the provider's location.",No employer reviews,No apprentice reviews,78.3% (out of 20 apprentices)
DUDLEY COLLEGE OF TECHNOLOGY,https://findapprenticeshiptraining.apprenticeships.education.gov.uk/courses/104/providers/10007924?distance=10,10007924,"At apprentice's workplaceTraining at the employer's location., Day releaseOne day a week at the provider's location.",Poor(6 employer reviews),Good(35 apprentice reviews),77.8% (out of 20 apprentices)
DN COLLEGES GROUP,https://findapprenticeshiptraining.apprenticeships.education.gov.uk/courses/104/providers/10004695?distance=10,10004695,Day release at multiple locationsOne day a week at the provider's location.,Excellent(6 employer reviews),Good(20 apprentice reviews),76.9% (out of 10 apprentices)
ACCIPIO LIMITED,https://findapprenticeshiptraining.apprenticeships.education.gov.uk/courses/104/providers/10058012?distance=10,10058012,"At apprentice's workplaceTraining at the employer's location., Block releaseBlocks of a week or more at the provider's location., Day releaseOne day a week at the provider's location.",Excellent(6 employer reviews),Excellent(15 apprentice reviews),76.6% (out of 50 apprentices)
UNIVERSITY OF LINCOLN,https://findapprenticeshiptraining.apprenticeships.education.gov.uk/courses/104/providers/10007151?distance=10,10007151,Block releaseBlocks of a week or more at the provider's location.,Excellent(1 employer review),Good(47 apprentice reviews),76.3% (out of 40 apprentices)
FUEL LEARNING LIMITED,https://findapprenticeshiptraining.apprenticeships.education.gov.uk/courses/104/providers/10058111?distance=10,10058111,"At apprentice's workplaceTraining at the employer's location., Day releaseOne day a week at the provider's location.",No employer reviews,Excellent(47 apprentice reviews),76% (out of 150 apprentices)
CORNDEL LIMITED,https://findapprenticeshiptraining.apprenticeships.education.gov.uk/courses/104/providers/10061407?distance=10,10061407,"At apprentice's workplaceTraining at the employer's location., Block release at multiple locationsBlocks of a week or more at the provider's location., Day release at multiple locationsOne day a week at the provider's location.",Excellent(10 employer reviews),Excellent(326 apprentice reviews),75.3% (out of 1360 apprentices)
COVENTRY AND WARWICKSHIRE CHAMBERS OF COMMERCE TRAINING LIMITED,https://findapprenticeshiptraining.apprenticeships.education.gov.uk/courses/104/providers/10001309?distance=10,10001309,Day releaseOne day a week at the provider's location.,Excellent(2 employer reviews),Good(14 apprentice reviews),75% (out of 10 apprentices)
WHYY? CHANGE LIMITED,https://findapprenticeshiptraining.apprenticeships.education.gov.uk/courses/104/providers/10054584?distance=10,10054584,Day releaseOne day a week at the provider's location.,No employer reviews,Excellent(7 apprentice reviews),75% (out of 10 apprentices)
SPORT STRUCTURES EDUCATION COMMUNITY INTEREST COMPANY,https://findapprenticeshiptraining.apprenticeships.education.gov.uk/courses/104/providers/10032648?distance=10,10032648,"At apprentice's workplaceTraining at the employer's location., Block releaseBlocks of a week or more at the provider's location., Day releaseOne day a week at the provider's location.",No employer reviews,No apprentice reviews,75% (out of 10 apprentices)
ALWAYS CONSULT LTD,https://findapprenticeshiptraining.apprenticeships.education.gov.uk/courses/104/providers/10034128?distance=10,10034128,"At apprentice's workplaceTraining at the employer's location., Block releaseBlocks of a week or more at the provider's location., Day releaseOne day a week at the provider's location.",Excellent(1 employer review),Good(15 apprentice reviews),74.2% (out of 60 apprentices)
CAPTIVA LEARNING LIMITED,https://findapprenticeshiptraining.apprenticeships.education.gov.uk/courses/104/providers/10030870?distance=10,10030870,"At apprentice's workplaceTraining at the employer's location., Block releaseBlocks of a week or more at the provider's location., Day releaseOne day a week at the provider's location.",Good(7 employer reviews),Good(80 apprentice reviews),73.9% (out of 200 apprentices)
LEARNMORE NETWORK LIMITED,https://findapprenticeshiptraining.apprenticeships.education.gov.uk/courses/104/providers/10045077?distance=10,10045077,At apprentice's workplaceTraining at the employer's location.,No employer reviews,Good(43 apprentice reviews),72.9% (out of 90 apprentices)
Capital City College Group,https://findapprenticeshiptraining.apprenticeships.education.gov.uk/courses/104/providers/10007455?distance=10,10007455,"At apprentice's workplaceTraining at the employer's location., Block release at multiple locationsBlocks of a week or more at the provider's location., Day release at multiple locationsOne day a week at the provider's location.",Excellent(1 employer review),Good(42 apprentice reviews),72.7% (out of 10 apprentices)
GLOUCESTERSHIRE ENTERPRISE LIMITED,https://findapprenticeshiptraining.apprenticeships.education.gov.uk/courses/104/providers/10001041?distance=10,10001041,Day releaseOne day a week at the provider's location.,Excellent(1 employer review),No apprentice reviews,72.2% (out of 20 apprentices)
INSTEP UK LIMITED,https://findapprenticeshiptraining.apprenticeships.education.gov.uk/courses/104/providers/10003317?distance=10,10003317,At apprentice's workplaceTraining at the employer's location.,No employer reviews,Good(57 apprentice reviews),71.7% (out of 150 apprentices)
BRIDGWATER AND TAUNTON COLLEGE,https://findapprenticeshiptraining.apprenticeships.education.gov.uk/courses/104/providers/10000878?distance=10,10000878,Day releaseOne day a week at the provider's location.,Excellent(4 employer reviews),Good(53 apprentice reviews),71.4% (out of 10 apprentices)
NEW CITY COLLEGE,https://findapprenticeshiptraining.apprenticeships.education.gov.uk/courses/104/providers/10006963?distance=10,10006963,Day releaseOne day a week at the provider's location.,Excellent(2 employer reviews),Good(6 apprentice reviews),71.4% (out of 10 apprentices)
MIDDLESBROUGH COUNCIL,https://findapprenticeshiptraining.apprenticeships.education.gov.uk/courses/104/providers/10004343?distance=10,10004343,Day releaseOne day a week at the provider's location.,No employer reviews,No apprentice reviews,71.4% (out of 10 apprentices)
GLP TRAINING LTD,https://findapprenticeshiptraining.apprenticeships.education.gov.uk/courses/104/providers/10046997?distance=10,10046997,At apprentice's workplaceTraining at the employer's location.,Good(4 employer reviews),Excellent(59 apprentice reviews),71.1% (out of 80 apprentices)
CHARTERED INSTITUTION OF RAILWAY OPERATORS,https://findapprenticeshiptraining.apprenticeships.education.gov.uk/courses/104/providers/10040914?distance=10,10040914,"Block releaseBlocks of a week or more at the provider's location., Day releaseOne day a week at the provider's location.",Excellent(1 employer review),No apprentice reviews,71% (out of 30 apprentices)
LINCOLN COLLEGE,https://findapprenticeshiptraining.apprenticeships.education.gov.uk/courses/104/providers/10003928?distance=10,10003928,At apprentice's workplaceTraining at the employer's location.,Good(6 employer reviews),Good(9 apprentice reviews),70.6% (out of 20 apprentices)
WALSALL COLLEGE,https://findapprenticeshiptraining.apprenticeships.education.gov.uk/courses/104/providers/10007315?distance=10,10007315,"At apprentice's workplaceTraining at the employer's location., Day releaseOne day a week at the provider's location.",Good(4 employer reviews),Good(23 apprentice reviews),70.6% (out of 20 apprentices)
STEADFAST TRAINING LTD,https://findapprenticeshiptraining.apprenticeships.education.gov.uk/courses/104/providers/10018942?distance=10,10018942,At apprentice's workplaceTraining at the employer's location.,Excellent(3 employer reviews),Excellent(20 apprentice reviews),70% (out of 10 apprentices)
LAKES COLLEGE WEST CUMBRIA,https://findapprenticeshiptraining.apprenticeships.education.gov.uk/courses/104/providers/10003753?distance=10,10003753,Day releaseOne day a week at the provider's location.,Poor(3 employer reviews),Good(20 apprentice reviews),70% (out of 10 apprentices)
NEWCASTLE UPON TYNE CITY COUNCIL,https://findapprenticeshiptraining.apprenticeships.education.gov.uk/courses/104/providers/10004601?distance=10,10004601,"At apprentice's workplaceTraining at the employer's location., Day releaseOne day a week at the provider's location.",No employer reviews,No apprentice reviews,70% (out of 10 apprentices)
SCCU LTD,https://findapprenticeshiptraining.apprenticeships.education.gov.uk/courses/104/providers/10036794?distance=10,10036794,At apprentice's workplaceTraining at the employer's location.,Excellent(6 employer reviews),Excellent(46 apprentice reviews),69.2% (out of 10 apprentices)
LMP Education,https://findapprenticeshiptraining.apprenticeships.education.gov.uk/courses/104/providers/10040664?distance=10,10040664,At apprentice's workplaceTraining at the employer's location.,Good(12 employer reviews),Good(98 apprentice reviews),69.2% (out of 10 apprentices)
MBKB LTD,https://findapprenticeshiptraining.apprenticeships.education.gov.uk/courses/104/providers/10054216?distance=10,10054216,At apprentice's workplaceTraining at the employer's location.,Good(8 employer reviews),Good(143 apprentice reviews),69.2% (out of 40 apprentices)
SALFORD CITY COLLEGE,https://findapprenticeshiptraining.apprenticeships.education.gov.uk/courses/104/providers/10005032?distance=10,10005032,"At apprentice's workplaceTraining at the employer's location., Day releaseOne day a week at the provider's location.",Excellent(2 employer reviews),Good(26 apprentice reviews),69% (out of 30 apprentices)
DOVE NEST MANAGEMENT TRAINING AND DEVELOPMENT LIMITED,https://findapprenticeshiptraining.apprenticeships.education.gov.uk/courses/104/providers/10023085?distance=10,10023085,"Block releaseBlocks of a week or more at the provider's location., Day releaseOne day a week at the provider's location.",Poor(1 employer review),Good(11 apprentice reviews),68.9% (out of 50 apprentices)
NORTH HERTFORDSHIRE COLLEGE,https://findapprenticeshiptraining.apprenticeships.education.gov.uk/courses/104/providers/10004690?distance=10,10004690,Day releaseOne day a week at the provider's location.,No employer reviews,Good(19 apprentice reviews),68.1% (out of 120 apprentices)
UNIVERSITY OF DERBY,https://findapprenticeshiptraining.apprenticeships.education.gov.uk/courses/104/providers/10007851?distance=10,10007851,At apprentice's workplaceTraining at the employer's location.,Good(3 employer reviews),Good(73 apprentice reviews),67.9% (out of 30 apprentices)
NEWCASTLE AND STAFFORD COLLEGES GROUP,https://findapprenticeshiptraining.apprenticeships.education.gov.uk/courses/104/providers/10004603?distance=10,10004603,"At apprentice's workplaceTraining at the employer's location., Day release at multiple locationsOne day a week at the provider's location.",Excellent(1 employer review),Excellent(23 apprentice reviews),66.7% (out of 10 apprentices)
KNOWLEDGEBRIEF LIMITED,https://findapprenticeshiptraining.apprenticeships.education.gov.uk/courses/104/providers/10038982?distance=10,10038982,At apprentice's workplaceTraining at the employer's location.,Excellent(1 employer review),Excellent(46 apprentice reviews),66.7% (out of 100 apprentices)
BOOM TRAINING LIMITED,https://findapprenticeshiptraining.apprenticeships.education.gov.uk/courses/104/providers/10044607?distance=10,10044607,At apprentice's workplaceTraining at the employer's location.,Excellent(2 employer reviews),Excellent(16 apprentice reviews),66.7% (out of 20 apprentices)
HTP APPRENTICESHIP COLLEGE LTD,https://findapprenticeshiptraining.apprenticeships.education.gov.uk/courses/104/providers/10003162?distance=10,10003162,At apprentice's workplaceTraining at the employer's location.,Excellent(2 employer reviews),Good(30 apprentice reviews),66.7% (out of 10 apprentices)
J G W TRAINING LIMITED,https://findapprenticeshiptraining.apprenticeships.education.gov.uk/courses/104/providers/10031399?distance=10,10031399,At apprentice's workplaceTraining at the employer's location.,Excellent(3 employer reviews),Good(8 apprentice reviews),66.7% (out of 40 apprentices)
VALKYRIE SUPPORT SERVICES LTD,https://findapprenticeshiptraining.apprenticeships.education.gov.uk/courses/104/providers/10026094?distance=10,10026094,At apprentice's workplaceTraining at the employer's location.,Excellent(1 employer review),No apprentice reviews,66.7% (out of 10 apprentices)
DAMAR LIMITED,https://findapprenticeshiptraining.apprenticeships.education.gov.uk/courses/104/providers/10001831?distance=10,10001831,At apprentice's workplaceTraining at the employer's location.,Good(6 employer reviews),Good(49 apprentice reviews),66.7% (out of 30 apprentices)
THE NVQ TRAINING CENTRE LIMITED,https://findapprenticeshiptraining.apprenticeships.education.gov.uk/courses/104/providers/10026397?distance=10,10026397,At apprentice's workplaceTraining at the employer's location.,Good(1 employer review),Good(5 apprentice reviews),66.7% (out of 10 apprentices)
SMART TRAINING AND RECRUITMENT LIMITED,https://findapprenticeshiptraining.apprenticeships.education.gov.uk/courses/104/providers/10005927?distance=10,10005927,At apprentice's workplaceTraining at the employer's location.,Good(4 employer reviews),Good(26 apprentice reviews),66.2% (out of 70 apprentices)
ELIESHA TRAINING LIMITED,https://findapprenticeshiptraining.apprenticeships.education.gov.uk/courses/104/providers/10026843?distance=10,10026843,At apprentice's workplaceTraining at the employer's location.,No employer reviews,No apprentice reviews,65.6% (out of 60 apprentices)
PARETO LAW LIMITED,https://findapprenticeshiptraining.apprenticeships.education.gov.uk/courses/104/providers/10025697?distance=10,10025697,"At apprentice's workplaceTraining at the employer's location., Block release at multiple locationsBlocks of a week or more at the provider's location., Day release at multiple locationsOne day a week at the provider's location.",No employer reviews,No apprentice reviews,65.5% (out of 30 apprentices)
ITEC TRAINING SOLUTIONS LTD,https://findapprenticeshiptraining.apprenticeships.education.gov.uk/courses/104/providers/10001156?distance=10,10001156,"Block releaseBlocks of a week or more at the provider's location., Day releaseOne day a week at the provider's location.",No employer reviews,Good(10 apprentice reviews),65.2% (out of 20 apprentices)
GATESHEAD COUNCIL,https://findapprenticeshiptraining.apprenticeships.education.gov.uk/courses/104/providers/10002639?distance=10,10002639,"At apprentice's workplaceTraining at the employer's location., Day releaseOne day a week at the provider's location.",Excellent(8 employer reviews),Excellent(24 apprentice reviews),65% (out of 20 apprentices)
MERCURI INTERNATIONAL (UK) LIMITED,https://findapprenticeshiptraining.apprenticeships.education.gov.uk/courses/104/providers/10056013?distance=10,10056013,At apprentice's workplaceTraining at the employer's location.,No employer reviews,Excellent(7 apprentice reviews),64.3% (out of 10 apprentices)
HCRG CARE SERVICES LTD,https://findapprenticeshiptraining.apprenticeships.education.gov.uk/courses/104/providers/10037401?distance=10,10037401,At apprentice's workplaceTraining at the employer's location.,Excellent(8 employer reviews),No apprentice reviews,64% (out of 30 apprentices)
TQ EDUCATION AND TRAINING LIMITED,https://findapprenticeshiptraining.apprenticeships.education.gov.uk/courses/104/providers/10002806?distance=10,10002806,"At apprentice's workplaceTraining at the employer's location., Block releaseBlocks of a week or more at the provider's location., Day releaseOne day a week at the provider's location.",No employer reviews,Excellent(31 apprentice reviews),64% (out of 80 apprentices)
SEETEC BUSINESS TECHNOLOGY CENTRE LIMITED,https://findapprenticeshiptraining.apprenticeships.education.gov.uk/courses/104/providers/10005735?distance=10,10005735,At apprentice's workplaceTraining at the employer's location.,Good(2 employer reviews),Good(19 apprentice reviews),63.9% (out of 40 apprentices)
THE APPRENTICESHIP COLLEGE LTD,https://findapprenticeshiptraining.apprenticeships.education.gov.uk/courses/104/providers/10047111?distance=10,10047111,"At apprentice's workplaceTraining at the employer's location., Day releaseOne day a week at the provider's location.",Excellent(10 employer reviews),Good(17 apprentice reviews),63.8% (out of 130 apprentices)
IODA LIMITED,https://findapprenticeshiptraining.apprenticeships.education.gov.uk/courses/104/providers/10062064?distance=10,10062064,At apprentice's workplaceTraining at the employer's location.,Excellent(2 employer reviews),Excellent(36 apprentice reviews),63.7% (out of 140 apprentices)
CITY OF WOLVERHAMPTON COLLEGE,https://findapprenticeshiptraining.apprenticeships.education.gov.uk/courses/104/providers/10007578?distance=10,10007578,At apprentice's workplaceTraining at the employer's location.,Excellent(1 employer review),Good(13 apprentice reviews),63.6% (out of 10 apprentices)
RHG CONSULT LTD,https://findapprenticeshiptraining.apprenticeships.education.gov.uk/courses/104/providers/10029195?distance=10,10029195,"At apprentice's workplaceTraining at the employer's location., Day release at multiple locationsOne day a week at the provider's location.",No employer reviews,Excellent(11 apprentice reviews),63.6% (out of 20 apprentices)
BEST PRACTICE NETWORK LIMITED,https://findapprenticeshiptraining.apprenticeships.education.gov.uk/courses/104/providers/10019464?distance=10,10019464,"At apprentice's workplaceTraining at the employer's location., Day releaseOne day a week at the provider's location.",Good(9 employer reviews),Good(129 apprentice reviews),62.7% (out of 80 apprentices)
FAREPORT TRAINING ORGANISATION LIMITED,https://findapprenticeshiptraining.apprenticeships.education.gov.uk/courses/104/providers/10002407?distance=10,10002407,"At apprentice's workplaceTraining at the employer's location., Block releaseBlocks of a week or more at the provider's location., Day releaseOne day a week at the provider's location.",Excellent(3 employer reviews),Excellent(19 apprentice reviews),62.5% (out of 10 apprentices)
REWARDS TRAINING RECRUITMENT CONSULTANCY LIMITED,https://findapprenticeshiptraining.apprenticeships.education.gov.uk/courses/104/providers/10005457?distance=10,10005457,At apprentice's workplaceTraining at the employer's location.,Good(5 employer reviews),Excellent(18 apprentice reviews),62.5% (out of 10 apprentices)
TOTAL PEOPLE LIMITED,https://findapprenticeshiptraining.apprenticeships.education.gov.uk/courses/104/providers/10021755?distance=10,10021755,At apprentice's workplaceTraining at the employer's location.,Good(12 employer reviews),Good(18 apprentice reviews),62.5% (out of 20 apprentices)
Future Talent Learning,https://findapprenticeshiptraining.apprenticeships.education.gov.uk/courses/104/providers/10084912?distance=10,10084912,"Block releaseBlocks of a week or more at the provider's location., Day releaseOne day a week at the provider's location.",Excellent(1 employer review),Good(27 apprentice reviews),62% (out of 130 apprentices)
BARNSLEY COLLEGE,https://findapprenticeshiptraining.apprenticeships.education.gov.uk/courses/104/providers/10000536?distance=10,10000536,"At apprentice's workplaceTraining at the employer's location., Block releaseBlocks of a week or more at the provider's location., Day releaseOne day a week at the provider's location.",No employer reviews,Good(17 apprentice reviews),61.9% (out of 20 apprentices)
SOUTH DEVON COLLEGE,https://findapprenticeshiptraining.apprenticeships.education.gov.uk/courses/104/providers/10005977?distance=10,10005977,"At apprentice's workplaceTraining at the employer's location., Day release at multiple locationsOne day a week at the provider's location.",Good(2 employer reviews),Good(14 apprentice reviews),61.8% (out of 60 apprentices)
COVENTRY UNIVERSITY,https://findapprenticeshiptraining.apprenticeships.education.gov.uk/courses/104/providers/10001726?distance=10,10001726,Day releaseOne day a week at the provider's location.,No employer reviews,Good(51 apprentice reviews),61.1% (out of 70 apprentices)
HAWK MANAGEMENT (UK) LIMITED,https://findapprenticeshiptraining.apprenticeships.education.gov.uk/courses/104/providers/10009600?distance=10,10009600,At apprentice's workplaceTraining at the employer's location.,No employer reviews,Excellent(41 apprentice reviews),61% (out of 120 apprentices)
WEIR TRAINING LIMITED,https://findapprenticeshiptraining.apprenticeships.education.gov.uk/courses/104/providers/10007377?distance=10,10007377,At apprentice's workplaceTraining at the employer's location.,Excellent(4 employer reviews),Excellent(9 apprentice reviews),60% (out of 20 apprentices)
NTG TRAINING LTD,https://findapprenticeshiptraining.apprenticeships.education.gov.uk/courses/104/providers/10024833?distance=10,10024833,At apprentice's workplaceTraining at the employer's location.,Excellent(1 employer review),Excellent(8 apprentice reviews),60% (out of 20 apprentices)
HEART OF ENGLAND TRAINING LIMITED,https://findapprenticeshiptraining.apprenticeships.education.gov.uk/courses/104/providers/10002976?distance=10,10002976,At apprentice's workplaceTraining at the employer's location.,Excellent(26 employer reviews),Good(61 apprentice reviews),60% (out of 20 apprentices)
TRAINING 2000 LIMITED,https://findapprenticeshiptraining.apprenticeships.education.gov.uk/courses/104/providers/10006987?distance=10,10006987,"At apprentice's workplaceTraining at the employer's location., Day releaseOne day a week at the provider's location.",Good(2 employer reviews),Good(13 apprentice reviews),60% (out of 10 apprentices)
IMPACT FUTURES TRAINING LIMITED,https://findapprenticeshiptraining.apprenticeships.education.gov.uk/courses/104/providers/10018916?distance=10,10018916,At apprentice's workplaceTraining at the employer's location.,Excellent(14 employer reviews),Good(107 apprentice reviews),58.9% (out of 90 apprentices)
BPP PROFESSIONAL EDUCATION LIMITED,https://findapprenticeshiptraining.apprenticeships.education.gov.uk/courses/104/providers/10029952?distance=10,10029952,"Block release at multiple locationsBlocks of a week or more at the provider's location., Day release at multiple locationsOne day a week at the provider's location.",Good(25 employer reviews),Good(312 apprentice reviews),58.8% (out of 100 apprentices)
INSPIRO LEARNING LIMITED,https://findapprenticeshiptraining.apprenticeships.education.gov.uk/courses/104/providers/10037348?distance=10,10037348,At apprentice's workplaceTraining at the employer's location.,Good(6 employer reviews),Good(154 apprentice reviews),58.8% (out of 20 apprentices)
WILTSHIRE COLLEGE AND UNIVERSITY CENTRE,https://findapprenticeshiptraining.apprenticeships.education.gov.uk/courses/104/providers/10007527?distance=10,10007527,"At apprentice's workplaceTraining at the employer's location., Block release at multiple locationsBlocks of a week or more at the provider's location., Day release at multiple locationsOne day a week at the provider's location.",Good(2 employer reviews),Good(13 apprentice reviews),58.6% (out of 30 apprentices)
HAPPY COMPUTERS LIMITED,https://findapprenticeshiptraining.apprenticeships.education.gov.uk/courses/104/providers/10002888?distance=10,10002888,Day release at multiple locationsOne day a week at the provider's location.,No employer reviews,Excellent(10 apprentice reviews),58.6% (out of 30 apprentices)
RAISE THE BAR LIMITED,https://findapprenticeshiptraining.apprenticeships.education.gov.uk/courses/104/providers/10025429?distance=10,10025429,At apprentice's workplaceTraining at the employer's location.,Excellent(12 employer reviews),Good(53 apprentice reviews),58.5% (out of 180 apprentices)
THE EDUCATION AND SKILLS PARTNERSHIP LTD,https://findapprenticeshiptraining.apprenticeships.education.gov.uk/courses/104/providers/10052437?distance=10,10052437,"At apprentice's workplaceTraining at the employer's location., Block releaseBlocks of a week or more at the provider's location., Day releaseOne day a week at the provider's location.",No employer reviews,No apprentice reviews,58.3% (out of 10 apprentices)
SR APPRENTICESHIPS LIMITED,https://findapprenticeshiptraining.apprenticeships.education.gov.uk/courses/104/providers/10031146?distance=10,10031146,At apprentice's workplaceTraining at the employer's location.,Good(1 employer review),Good(27 apprentice reviews),57.7% (out of 30 apprentices)
CT SKILLS LIMITED,https://findapprenticeshiptraining.apprenticeships.education.gov.uk/courses/104/providers/10001174?distance=10,10001174,At apprentice's workplaceTraining at the employer's location.,Excellent(4 employer reviews),Good(25 apprentice reviews),57.1% (out of 20 apprentices)
TRAVIS PERKINS PLC,https://findapprenticeshiptraining.apprenticeships.education.gov.uk/courses/104/providers/10027498?distance=10,10027498,At apprentice's workplaceTraining at the employer's location.,Excellent(1 employer review),Good(44 apprentice reviews),57.1% (out of 70 apprentices)
HIT TRAINING LTD,https://findapprenticeshiptraining.apprenticeships.education.gov.uk/courses/104/providers/10012467?distance=10,10012467,At apprentice's workplaceTraining at the employer's location.,Good(14 employer reviews),Excellent(165 apprentice reviews),55.7% (out of 170 apprentices)
LIGHTHOUSE (TRAINING AND DEVELOPMENT) LTD,https://findapprenticeshiptraining.apprenticeships.education.gov.uk/courses/104/providers/10053869?distance=10,10053869,Day releaseOne day a week at the provider's location.,Good(1 employer review),Good(28 apprentice reviews),55.7% (out of 90 apprentices)
B-SKILL LIMITED,https://findapprenticeshiptraining.apprenticeships.education.gov.uk/courses/104/providers/10000488?distance=10,10000488,At apprentice's workplaceTraining at the employer's location.,Excellent(2 employer reviews),Excellent(16 apprentice reviews),55.6% (out of 10 apprentices)
BRADFORD COLLEGE,https://findapprenticeshiptraining.apprenticeships.education.gov.uk/courses/104/providers/10000840?distance=10,10000840,Day releaseOne day a week at the provider's location.,Excellent(10 employer reviews),Good(24 apprentice reviews),55.6% (out of 10 apprentices)
GENIUS SOFTWARE SOLUTIONS LIMITED,https://findapprenticeshiptraining.apprenticeships.education.gov.uk/courses/104/providers/10038872?distance=10,10038872,At apprentice's workplaceTraining at the employer's location.,Good(1 employer review),No apprentice reviews,55.6% (out of 10 apprentices)
EXETER COLLEGE,https://findapprenticeshiptraining.apprenticeships.education.gov.uk/courses/104/providers/10002370?distance=10,10002370,"At apprentice's workplaceTraining at the employer's location., Day releaseOne day a week at the provider's location.",Excellent(38 employer reviews),Good(78 apprentice reviews),55% (out of 40 apprentices)
KINGDOM ACADEMY LIMITED,https://findapprenticeshiptraining.apprenticeships.education.gov.uk/courses/104/providers/10031127?distance=10,10031127,Day releaseOne day a week at the provider's location.,No employer reviews,Excellent(38 apprentice reviews),55% (out of 20 apprentices)
ALLIANCE LEARNING,https://findapprenticeshiptraining.apprenticeships.education.gov.uk/courses/104/providers/10000238?distance=10,10000238,Day releaseOne day a week at the provider's location.,Excellent(2 employer reviews),No apprentice reviews,54.5% (out of 10 apprentices)
RIVERSIDE TRAINING LIMITED,https://findapprenticeshiptraining.apprenticeships.education.gov.uk/courses/104/providers/10005488?distance=10,10005488,At apprentice's workplaceTraining at the employer's location.,Good(4 employer reviews),Good(22 apprentice reviews),54.5% (out of 20 apprentices)
Nova Training,https://findapprenticeshiptraining.apprenticeships.education.gov.uk/courses/104/providers/10027272?distance=10,10027272,"At apprentice's workplaceTraining at the employer's location., Day release at multiple locationsOne day a week at the provider's location.",No employer reviews,Good(6 apprentice reviews),54.5% (out of 10 apprentices)
NORTH LANCS. TRAINING GROUP CIC,https://findapprenticeshiptraining.apprenticeships.education.gov.uk/courses/104/providers/10004692?distance=10,10004692,At apprentice's workplaceTraining at the employer's location.,Excellent(2 employer reviews),Good(26 apprentice reviews),53.8% (out of 40 apprentices)
REMIT GROUP LIMITED,https://findapprenticeshiptraining.apprenticeships.education.gov.uk/courses/104/providers/10023047?distance=10,10023047,"At apprentice's workplaceTraining at the employer's location., Day releaseOne day a week at the provider's location.",Good(2 employer reviews),Good(48 apprentice reviews),52.6% (out of 60 apprentices)
STAFFORDSHIRE UNIVERSITY,https://findapprenticeshiptraining.apprenticeships.education.gov.uk/courses/104/providers/10006299?distance=10,10006299,Block releaseBlocks of a week or more at the provider's location.,Excellent(2 employer reviews),Good(55 apprentice reviews),52.4% (out of 20 apprentices)
LIFETIME TRAINING GROUP LIMITED,https://findapprenticeshiptraining.apprenticeships.education.gov.uk/courses/104/providers/10003915?distance=10,10003915,At apprentice's workplaceTraining at the employer's location.,Excellent(34 employer reviews),Good(439 apprentice reviews),51.7% (out of 240 apprentices)
MERCURY TRAINING SERVICES LTD,https://findapprenticeshiptraining.apprenticeships.education.gov.uk/courses/104/providers/10023787?distance=10,10023787,"At apprentice's workplaceTraining at the employer's location., Block release at multiple locationsBlocks of a week or more at the provider's location., Day release at multiple locationsOne day a week at the provider's location.",Excellent(1 employer review),Excellent(28 apprentice reviews),50% (out of 10 apprentices)
LEARNING SKILLS PARTNERSHIP LTD,https://findapprenticeshiptraining.apprenticeships.education.gov.uk/courses/104/providers/10032740?distance=10,10032740,At apprentice's workplaceTraining at the employer's location.,Excellent(4 employer reviews),Good(22 apprentice reviews),50% (out of 10 apprentices)
LEICESTER COLLEGE,https://findapprenticeshiptraining.apprenticeships.education.gov.uk/courses/104/providers/10003867?distance=10,10003867,Day releaseOne day a week at the provider's location.,Good(4 employer reviews),Good(19 apprentice reviews),50% (out of 20 apprentices)
P.T.P. TRAINING LIMITED,https://findapprenticeshiptraining.apprenticeships.education.gov.uk/courses/104/providers/10011880?distance=10,10011880,"At apprentice's workplaceTraining at the employer's location., Block release at multiple locationsBlocks of a week or more at the provider's location., Day release at multiple locationsOne day a week at the provider's location.",Good(1 employer review),Good(30 apprentice reviews),50% (out of 20 apprentices)
ENCOMPASS CONSULTANCY LIMITED,https://findapprenticeshiptraining.apprenticeships.education.gov.uk/courses/104/providers/10032396?distance=10,10032396,At apprentice's workplaceTraining at the employer's location.,Excellent(1 employer review),Good(14 apprentice reviews),48.3% (out of 30 apprentices)
THE ASHRIDGE (BONAR LAW MEMORIAL) TRUST,https://findapprenticeshiptraining.apprenticeships.education.gov.uk/courses/104/providers/10008899?distance=10,10008899,"At apprentice's workplaceTraining at the employer's location., Block releaseBlocks of a week or more at the provider's location., Day releaseOne day a week at the provider's location.",Good(1 employer review),Good(9 apprentice reviews),46.7% (out of 20 apprentices)
MARR CORPORATION LIMITED,https://findapprenticeshiptraining.apprenticeships.education.gov.uk/courses/104/providers/10024124?distance=10,10024124,At apprentice's workplaceTraining at the employer's location.,Good(5 employer reviews),Good(152 apprentice reviews),46.7% (out of 120 apprentices)
BABINGTON BUSINESS COLLEGE LIMITED,https://findapprenticeshiptraining.apprenticeships.education.gov.uk/courses/104/providers/10000494?distance=10,10000494,At apprentice's workplaceTraining at the employer's location.,Good(7 employer reviews),Good(170 apprentice reviews),46.5% (out of 140 apprentices)
THE SOCIETY OF LOCAL AUTHORITY CHIEF EXECUTIVES AND SENIOR MANAGERS (SOLACE GROUP) LTD,https://findapprenticeshiptraining.apprenticeships.education.gov.uk/courses/104/providers/10062076?distance=10,10062076,"At apprentice's workplaceTraining at the employer's location., Block releaseBlocks of a week or more at the provider's location., Day releaseOne day a week at the provider's location.",Good(1 employer review),Good(7 apprentice reviews),46.4% (out of 100 apprentices)
ISLE OF WIGHT COLLEGE,https://findapprenticeshiptraining.apprenticeships.education.gov.uk/courses/104/providers/10003406?distance=10,10003406,"At apprentice's workplaceTraining at the employer's location., Day releaseOne day a week at the provider's location.",No employer reviews,Poor(8 apprentice reviews),45.5% (out of 10 apprentices)
KENDAL COLLEGE,https://findapprenticeshiptraining.apprenticeships.education.gov.uk/courses/104/providers/10003558?distance=10,10003558,Day release at multiple locationsOne day a week at the provider's location.,No employer reviews,Good(8 apprentice reviews),45.2% (out of 40 apprentices)
NINE DOTS DEVELOPMENT LIMITED,https://findapprenticeshiptraining.apprenticeships.education.gov.uk/courses/104/providers/10062335?distance=10,10062335,At apprentice's workplaceTraining at the employer's location.,Good(2 employer reviews),Good(10 apprentice reviews),43.5% (out of 150 apprentices)
TRAINING EVENT SAFETY SOLUTIONS LTD,https://findapprenticeshiptraining.apprenticeships.education.gov.uk/courses/104/providers/10031093?distance=10,10031093,At apprentice's workplaceTraining at the employer's location.,No employer reviews,Good(20 apprentice reviews),42.9% (out of 10 apprentices)
WELL ASSOCIATES LIMITED,https://findapprenticeshiptraining.apprenticeships.education.gov.uk/courses/104/providers/10031326?distance=10,10031326,"At apprentice's workplaceTraining at the employer's location., Day releaseOne day a week at the provider's location.",No employer reviews,No apprentice reviews,42.9% (out of 40 apprentices)
THE EDUCATIONWISE ACADEMY LTD,https://findapprenticeshiptraining.apprenticeships.education.gov.uk/courses/104/providers/10056839?distance=10,10056839,"Block releaseBlocks of a week or more at the provider's location., Day releaseOne day a week at the provider's location.",Excellent(1 employer review),Good(13 apprentice reviews),41.7% (out of 10 apprentices)
LANCASTER AND MORECAMBE COLLEGE,https://findapprenticeshiptraining.apprenticeships.education.gov.uk/courses/104/providers/10003768?distance=10,10003768,"Block releaseBlocks of a week or more at the provider's location., Day releaseOne day a week at the provider's location.",Good(1 employer review),Good(5 apprentice reviews),41.2% (out of 20 apprentices)
CHICHESTER COLLEGE GROUP,https://findapprenticeshiptraining.apprenticeships.education.gov.uk/courses/104/providers/10007817?distance=10,10007817,Day releaseOne day a week at the provider's location.,Good(5 employer reviews),Good(28 apprentice reviews),41.2% (out of 20 apprentices)
NEW COLLEGE DURHAM,https://findapprenticeshiptraining.apprenticeships.education.gov.uk/courses/104/providers/10004576?distance=10,10004576,Day releaseOne day a week at the provider's location.,Very poor(1 employer review),Good(20 apprentice reviews),41.2% (out of 20 apprentices)
GATESHEAD COLLEGE,https://findapprenticeshiptraining.apprenticeships.education.gov.uk/courses/104/providers/10002638?distance=10,10002638,"Block releaseBlocks of a week or more at the provider's location., Day releaseOne day a week at the provider's location.",No employer reviews,Good(10 apprentice reviews),41.2% (out of 20 apprentices)
DERBY BUSINESS COLLEGE LIMITED,https://findapprenticeshiptraining.apprenticeships.education.gov.uk/courses/104/providers/10005109?distance=10,10005109,At apprentice's workplaceTraining at the employer's location.,Excellent(2 employer reviews),Good(37 apprentice reviews),40% (out of 30 apprentices)
SOUTH HAMPSHIRE COLLEGE GROUP,https://findapprenticeshiptraining.apprenticeships.education.gov.uk/courses/104/providers/10007928?distance=10,10007928,"At apprentice's workplaceTraining at the employer's location., Day releaseOne day a week at the provider's location.",Good(10 employer reviews),Good(27 apprentice reviews),39.1% (out of 20 apprentices)
TOTAL TRAINING PROVISION LIMITED,https://findapprenticeshiptraining.apprenticeships.education.gov.uk/courses/104/providers/10047356?distance=10,10047356,At apprentice's workplaceTraining at the employer's location.,Excellent(1 employer review),Excellent(10 apprentice reviews),38.7% (out of 30 apprentices)
QOMMUNICATE LTD,https://findapprenticeshiptraining.apprenticeships.education.gov.uk/courses/104/providers/10032616?distance=10,10032616,At apprentice's workplaceTraining at the employer's location.,Excellent(6 employer reviews),Good(38 apprentice reviews),38.5% (out of 10 apprentices)
ACTIVATE LEARNING,https://findapprenticeshiptraining.apprenticeships.education.gov.uk/courses/104/providers/10004927?distance=10,10004927,"At apprentice's workplaceTraining at the employer's location., Block releaseBlocks of a week or more at the provider's location., Day releaseOne day a week at the provider's location.",Excellent(5 employer reviews),Good(20 apprentice reviews),35.4% (out of 100 apprentices)
PARAGON EDUCATION & SKILLS LIMITED,https://findapprenticeshiptraining.apprenticeships.education.gov.uk/courses/104/providers/10004977?distance=10,10004977,At apprentice's workplaceTraining at the employer's location.,Good(17 employer reviews),Good(210 apprentice reviews),35.2% (out of 110 apprentices)
LEARNING CURVE GROUP LIMITED,https://findapprenticeshiptraining.apprenticeships.education.gov.uk/courses/104/providers/10008935?distance=10,10008935,At apprentice's workplaceTraining at the employer's location.,Good(5 employer reviews),Good(44 apprentice reviews),32.8% (out of 60 apprentices)
REALISE LEARNING AND EMPLOYMENT LIMITED,https://findapprenticeshiptraining.apprenticeships.education.gov.uk/courses/104/providers/10034309?distance=10,10034309,At apprentice's workplaceTraining at the employer's location.,Good(10 employer reviews),Good(127 apprentice reviews),29.4% (out of 70 apprentices)
CHERITH SIMMONS LEARNING & DEVELOPMENT LLP,https://findapprenticeshiptraining.apprenticeships.education.gov.uk/courses/104/providers/10045070?distance=10,10045070,Day releaseOne day a week at the provider's location.,Good(1 employer review),No apprentice reviews,29.4% (out of 20 apprentices)
UMBRELLA TRAINING AND EMPLOYMENT SOLUTIONS LIMITED,https://findapprenticeshiptraining.apprenticeships.education.gov.uk/courses/104/providers/10039668?distance=10,10039668,At apprentice's workplaceTraining at the employer's location.,Excellent(6 employer reviews),Good(13 apprentice reviews),27.7% (out of 50 apprentices)
IXION HOLDINGS (CONTRACTS) LIMITED,https://findapprenticeshiptraining.apprenticeships.education.gov.uk/courses/104/providers/10033758?distance=10,10033758,At apprentice's workplaceTraining at the employer's location.,Good(5 employer reviews),Excellent(18 apprentice reviews),27.4% (out of 70 apprentices)
INTEC BUSINESS COLLEGES LIMITED,https://findapprenticeshiptraining.apprenticeships.education.gov.uk/courses/104/providers/10003347?distance=10,10003347,At apprentice's workplaceTraining at the employer's location.,Excellent(5 employer reviews),Good(33 apprentice reviews),15.7% (out of 50 apprentices)
BLACKBURN COLLEGE,https://findapprenticeshiptraining.apprenticeships.education.gov.uk/courses/104/providers/10000747?distance=10,10000747,"At apprentice's workplaceTraining at the employer's location., Day releaseOne day a week at the provider's location.",Excellent(5 employer reviews),Excellent(9 apprentice reviews),
LONDON SOUTH EAST COLLEGES,https://findapprenticeshiptraining.apprenticeships.education.gov.uk/courses/104/providers/10000948?distance=10,10000948,"Block release at multiple locationsBlocks of a week or more at the provider's location., Day release at multiple locationsOne day a week at the provider's location.",Excellent(4 employer reviews),Excellent(9 apprentice reviews),
BUCKINGHAMSHIRE COUNCIL,https://findapprenticeshiptraining.apprenticeships.education.gov.uk/courses/104/providers/10000976?distance=10,10000976,At apprentice's workplaceTraining at the employer's location.,Excellent(1 employer review),Excellent(8 apprentice reviews),
CAMBRIDGE PROFESSIONAL ACADEMY LIMITED,https://findapprenticeshiptraining.apprenticeships.education.gov.uk/courses/104/providers/10001115?distance=10,10001115,"At apprentice's workplaceTraining at the employer's location., Block release at multiple locationsBlocks of a week or more at the provider's location., Day release at multiple locationsOne day a week at the provider's location.",Excellent(5 employer reviews),Excellent(9 apprentice reviews),
RIVERSIDE COLLEGE,https://findapprenticeshiptraining.apprenticeships.education.gov.uk/courses/104/providers/10002863?distance=10,10002863,"At apprentice's workplaceTraining at the employer's location., Day releaseOne day a week at the provider's location.",Excellent(2 employer reviews),Excellent(7 apprentice reviews),
IN-COMM TRAINING AND BUSINESS SERVICES LIMITED,https://findapprenticeshiptraining.apprenticeships.education.gov.uk/courses/104/providers/10003280?distance=10,10003280,"At apprentice's workplaceTraining at the employer's location., Block release at multiple locationsBlocks of a week or more at the provider's location., Day release at multiple locationsOne day a week at the provider's location.",Excellent(1 employer review),Excellent(14 apprentice reviews),
THELIGHTBULB LTD,https://findapprenticeshiptraining.apprenticeships.education.gov.uk/courses/104/providers/10003919?distance=10,10003919,"At apprentice's workplaceTraining at the employer's location., Day releaseOne day a week at the provider's location.",Excellent(2 employer reviews),Excellent(11 apprentice reviews),
LOCOMOTIVATION LTD.,https://findapprenticeshiptraining.apprenticeships.education.gov.uk/courses/104/providers/10003976?distance=10,10003976,At apprentice's workplaceTraining at the employer's location.,Excellent(22 employer reviews),Excellent(55 apprentice reviews),
POULTEC TRAINING LIMITED,https://findapprenticeshiptraining.apprenticeships.education.gov.uk/courses/104/providers/10005172?distance=10,10005172,At apprentice's workplaceTraining at the employer's location.,Excellent(21 employer reviews),Excellent(49 apprentice reviews),
TRANSWORLD PUBLICATIONS SERVICES LIMITED,https://findapprenticeshiptraining.apprenticeships.education.gov.uk/courses/104/providers/10005268?distance=10,10005268,"At apprentice's workplaceTraining at the employer's location., Day releaseOne day a week at the provider's location.",Excellent(1 employer review),Excellent(7 apprentice reviews),
THE SKILLS PARTNERSHIP LIMITED,https://findapprenticeshiptraining.apprenticeships.education.gov.uk/courses/104/providers/10005894?distance=10,10005894,At apprentice's workplaceTraining at the employer's location.,Excellent(8 employer reviews),Excellent(46 apprentice reviews),
WEST BERKSHIRE TRAINING CONSORTIUM,https://findapprenticeshiptraining.apprenticeships.education.gov.uk/courses/104/providers/10007402?distance=10,10007402,"At apprentice's workplaceTraining at the employer's location., Day releaseOne day a week at the provider's location.",Excellent(1 employer review),Excellent(6 apprentice reviews),
ACCESS TRAINING LIMITED,https://findapprenticeshiptraining.apprenticeships.education.gov.uk/courses/104/providers/10009059?distance=10,10009059,"At apprentice's workplaceTraining at the employer's location., Day releaseOne day a week at the provider's location.",Excellent(4 employer reviews),Excellent(11 apprentice reviews),
QDOS TRAINING LIMITED,https://findapprenticeshiptraining.apprenticeships.education.gov.uk/courses/104/providers/10021018?distance=10,10021018,At apprentice's workplaceTraining at the employer's location.,Excellent(1 employer review),Excellent(7 apprentice reviews),
VQ SOLUTIONS LTD,https://findapprenticeshiptraining.apprenticeships.education.gov.uk/courses/104/providers/10022405?distance=10,10022405,"At apprentice's workplaceTraining at the employer's location., Day releaseOne day a week at the provider's location.",Excellent(4 employer reviews),Excellent(14 apprentice reviews),
SUTTON COLDFIELD TRAINING LIMITED,https://findapprenticeshiptraining.apprenticeships.education.gov.uk/courses/104/providers/10023992?distance=10,10023992,At apprentice's workplaceTraining at the employer's location.,Excellent(19 employer reviews),Excellent(22 apprentice reviews),
TRAINPLUS LTD,https://findapprenticeshiptraining.apprenticeships.education.gov.uk/courses/104/providers/10026331?distance=10,10026331,"At apprentice's workplaceTraining at the employer's location., Block releaseBlocks of a week or more at the provider's location., Day releaseOne day a week at the provider's location.",Excellent(1 employer review),Excellent(26 apprentice reviews),
EDEN TRAINING SOLUTIONS LIMITED,https://findapprenticeshiptraining.apprenticeships.education.gov.uk/courses/104/providers/10027766?distance=10,10027766,At apprentice's workplaceTraining at the employer's location.,Excellent(8 employer reviews),Excellent(86 apprentice reviews),
SOUTH WEST ASSOCIATION OF TRAINING PROVIDERS LIMITED,https://findapprenticeshiptraining.apprenticeships.education.gov.uk/courses/104/providers/10032119?distance=10,10032119,"At apprentice's workplaceTraining at the employer's location., Day releaseOne day a week at the provider's location.",Excellent(1 employer review),Excellent(11 apprentice reviews),
DEERE APPRENTICESHIPS LTD,https://findapprenticeshiptraining.apprenticeships.education.gov.uk/courses/104/providers/10034887?distance=10,10034887,At apprentice's workplaceTraining at the employer's location.,Excellent(3 employer reviews),Excellent(8 apprentice reviews),
FIRST INTUITION SOUTH LIMITED,https://findapprenticeshiptraining.apprenticeships.education.gov.uk/courses/104/providers/10040718?distance=10,10040718,Day releaseOne day a week at the provider's location.,Excellent(2 employer reviews),Excellent(16 apprentice reviews),
THE LINK TRAINING ACADEMY LIMITED,https://findapprenticeshiptraining.apprenticeships.education.gov.uk/courses/104/providers/10042593?distance=10,10042593,Day releaseOne day a week at the provider's location.,Excellent(8 employer reviews),Excellent(5 apprentice reviews),
JC TRAINING & CONSULTANCY LTD,https://findapprenticeshiptraining.apprenticeships.education.gov.uk/courses/104/providers/10056657?distance=10,10056657,At apprentice's workplaceTraining at the employer's location.,Excellent(4 employer reviews),Excellent(26 apprentice reviews),
BMS Progress LLP,https://findapprenticeshiptraining.apprenticeships.education.gov.uk/courses/104/providers/10065872?distance=10,10065872,"At apprentice's workplaceTraining at the employer's location., Day releaseOne day a week at the provider's location.",Excellent(21 employer reviews),Excellent(125 apprentice reviews),
THE S&A TRANSFORM GROUP LIMITED,https://findapprenticeshiptraining.apprenticeships.education.gov.uk/courses/104/providers/10088850?distance=10,10088850,"At apprentice's workplaceTraining at the employer's location., Block release at multiple locationsBlocks of a week or more at the provider's location., Day release at multiple locationsOne day a week at the provider's location.",Excellent(1 employer review),Excellent(12 apprentice reviews),
NATIONAL UPSKILL LIMITED,https://findapprenticeshiptraining.apprenticeships.education.gov.uk/courses/104/providers/10092569?distance=10,10092569,At apprentice's workplaceTraining at the employer's location.,Excellent(2 employer reviews),Excellent(7 apprentice reviews),
IOEX LTD,https://findapprenticeshiptraining.apprenticeships.education.gov.uk/courses/104/providers/10092745?distance=10,10092745,At apprentice's workplaceTraining at the employer's location.,Excellent(6 employer reviews),Excellent(12 apprentice reviews),
THE LEARNING FOUNDRY LIMITED,https://findapprenticeshiptraining.apprenticeships.education.gov.uk/courses/104/providers/10000201?distance=10,10000201,"At apprentice's workplaceTraining at the employer's location., Block releaseBlocks of a week or more at the provider's location., Day releaseOne day a week at the provider's location.",Excellent(1 employer review),Good(13 apprentice reviews),
C.M.S. VOCATIONAL TRAINING LIMITED,https://findapprenticeshiptraining.apprenticeships.education.gov.uk/courses/104/providers/10001515?distance=10,10001515,At apprentice's workplaceTraining at the employer's location.,Excellent(11 employer reviews),Good(41 apprentice reviews),
GLOUCESTERSHIRE COLLEGE,https://findapprenticeshiptraining.apprenticeships.education.gov.uk/courses/104/providers/10002696?distance=10,10002696,"Block releaseBlocks of a week or more at the provider's location., Day releaseOne day a week at the provider's location.",Excellent(5 employer reviews),Good(22 apprentice reviews),
HADDON TRAINING LIMITED,https://findapprenticeshiptraining.apprenticeships.education.gov.uk/courses/104/providers/10002841?distance=10,10002841,At apprentice's workplaceTraining at the employer's location.,Excellent(1 employer review),Good(16 apprentice reviews),
"HEREFORDSHIRE, LUDLOW, AND NORTH SHROPSHIRE COLLEGE",https://findapprenticeshiptraining.apprenticeships.education.gov.uk/courses/104/providers/10003023?distance=10,10003023,At apprentice's workplaceTraining at the employer's location.,Excellent(2 employer reviews),Good(12 apprentice reviews),
HOPWOOD HALL COLLEGE,https://findapprenticeshiptraining.apprenticeships.education.gov.uk/courses/104/providers/10003146?distance=10,10003146,At apprentice's workplaceTraining at the employer's location.,Excellent(2 employer reviews),Good(10 apprentice reviews),
KIRKLEES COLLEGE,https://findapprenticeshiptraining.apprenticeships.education.gov.uk/courses/104/providers/10003189?distance=10,10003189,Day releaseOne day a week at the provider's location.,Excellent(8 employer reviews),Good(16 apprentice reviews),
IPS INTERNATIONAL LIMITED,https://findapprenticeshiptraining.apprenticeships.education.gov.uk/courses/104/providers/10003385?distance=10,10003385,"At apprentice's workplaceTraining at the employer's location., Block release at multiple locationsBlocks of a week or more at the provider's location.",Excellent(1 employer review),Good(14 apprentice reviews),
M I T SKILLS LIMITED,https://findapprenticeshiptraining.apprenticeships.education.gov.uk/courses/104/providers/10004440?distance=10,10004440,At apprentice's workplaceTraining at the employer's location.,Excellent(2 employer reviews),Good(10 apprentice reviews),
PETA LIMITED,https://findapprenticeshiptraining.apprenticeships.education.gov.uk/courses/104/providers/10005064?distance=10,10005064,Day releaseOne day a week at the provider's location.,Excellent(3 employer reviews),Good(12 apprentice reviews),
INSPIRE EDUCATION GROUP,https://findapprenticeshiptraining.apprenticeships.education.gov.uk/courses/104/providers/10005077?distance=10,10005077,Day releaseOne day a week at the provider's location.,Excellent(3 employer reviews),Good(11 apprentice reviews),
PRESTON COLLEGE,https://findapprenticeshiptraining.apprenticeships.education.gov.uk/courses/104/providers/10005200?distance=10,10005200,Day releaseOne day a week at the provider's location.,Excellent(6 employer reviews),Good(20 apprentice reviews),
SANDWELL COLLEGE,https://findapprenticeshiptraining.apprenticeships.education.gov.uk/courses/104/providers/10005669?distance=10,10005669,Day releaseOne day a week at the provider's location.,Excellent(6 employer reviews),Good(7 apprentice reviews),
SKERN LODGE LIMITED,https://findapprenticeshiptraining.apprenticeships.education.gov.uk/courses/104/providers/10005886?distance=10,10005886,At apprentice's workplaceTraining at the employer's location.,Excellent(1 employer review),Good(7 apprentice reviews),
SOLIHULL COLLEGE AND UNIVERSITY CENTRE,https://findapprenticeshiptraining.apprenticeships.education.gov.uk/courses/104/providers/10005946?distance=10,10005946,Day releaseOne day a week at the provider's location.,Excellent(1 employer review),Good(17 apprentice reviews),
"SOLENT UNIVERSITY, SOUTHAMPTON",https://findapprenticeshiptraining.apprenticeships.education.gov.uk/courses/104/providers/10006022?distance=10,10006022,At apprentice's workplaceTraining at the employer's location.,Excellent(4 employer reviews),Good(24 apprentice reviews),
STOKE ON TRENT COLLEGE,https://findapprenticeshiptraining.apprenticeships.education.gov.uk/courses/104/providers/10006349?distance=10,10006349,"At apprentice's workplaceTraining at the employer's location., Day releaseOne day a week at the provider's location.",Excellent(2 employer reviews),Good(9 apprentice reviews),
TRAINING SERVICES 2000 LTD,https://findapprenticeshiptraining.apprenticeships.education.gov.uk/courses/104/providers/10007015?distance=10,10007015,At apprentice's workplaceTraining at the employer's location.,Excellent(17 employer reviews),Good(73 apprentice reviews),
TRURO AND PENWITH COLLEGE,https://findapprenticeshiptraining.apprenticeships.education.gov.uk/courses/104/providers/10007063?distance=10,10007063,Day releaseOne day a week at the provider's location.,Excellent(15 employer reviews),Good(19 apprentice reviews),
WARRINGTON & VALE ROYAL COLLEGE,https://findapprenticeshiptraining.apprenticeships.education.gov.uk/courses/104/providers/10007339?distance=10,10007339,"At apprentice's workplaceTraining at the employer's location., Block releaseBlocks of a week or more at the provider's location.",Excellent(2 employer reviews),Good(5 apprentice reviews),
WEST NOTTINGHAMSHIRE COLLEGE,https://findapprenticeshiptraining.apprenticeships.education.gov.uk/courses/104/providers/10007427?distance=10,10007427,At apprentice's workplaceTraining at the employer's location.,Excellent(3 employer reviews),Good(23 apprentice reviews),
WESTON COLLEGE OF FURTHER AND HIGHER EDUCATION,https://findapprenticeshiptraining.apprenticeships.education.gov.uk/courses/104/providers/10007459?distance=10,10007459,"At apprentice's workplaceTraining at the employer's location., Day releaseOne day a week at the provider's location.",Excellent(6 employer reviews),Good(85 apprentice reviews),
THE COLLEGE OF WEST ANGLIA,https://findapprenticeshiptraining.apprenticeships.education.gov.uk/courses/104/providers/10007916?distance=10,10007916,Day releaseOne day a week at the provider's location.,Excellent(2 employer reviews),Good(12 apprentice reviews),
HEART OF WORCESTERSHIRE COLLEGE,https://findapprenticeshiptraining.apprenticeships.education.gov.uk/courses/104/providers/10007977?distance=10,10007977,At apprentice's workplaceTraining at the employer's location.,Excellent(5 employer reviews),Good(8 apprentice reviews),
SKILLS FOR SECURITY LIMITED,https://findapprenticeshiptraining.apprenticeships.education.gov.uk/courses/104/providers/10010523?distance=10,10010523,Day releaseOne day a week at the provider's location.,Excellent(4 employer reviews),Good(11 apprentice reviews),
CQM TRAINING AND CONSULTANCY LIMITED,https://findapprenticeshiptraining.apprenticeships.education.gov.uk/courses/104/providers/10025961?distance=10,10025961,"At apprentice's workplaceTraining at the employer's location., Block releaseBlocks of a week or more at the provider's location., Day releaseOne day a week at the provider's location.",Excellent(2 employer reviews),Good(17 apprentice reviews),
FOCUS TRAINING (SW) LIMITED,https://findapprenticeshiptraining.apprenticeships.education.gov.uk/courses/104/providers/10026590?distance=10,10026590,At apprentice's workplaceTraining at the employer's location.,Excellent(2 employer reviews),Good(14 apprentice reviews),
QUALITRAIN LIMITED,https://findapprenticeshiptraining.apprenticeships.education.gov.uk/courses/104/providers/10027438?distance=10,10027438,"At apprentice's workplaceTraining at the employer's location., Day releaseOne day a week at the provider's location.",Excellent(6 employer reviews),Good(39 apprentice reviews),
E-CAREERS EDUCATION LIMITED,https://findapprenticeshiptraining.apprenticeships.education.gov.uk/courses/104/providers/10033482?distance=10,10033482,"At apprentice's workplaceTraining at the employer's location., Day releaseOne day a week at the provider's location.",Excellent(1 employer review),Good(6 apprentice reviews),
SBC TRAINING LIMITED,https://findapprenticeshiptraining.apprenticeships.education.gov.uk/courses/104/providers/10033746?distance=10,10033746,Day releaseOne day a week at the provider's location.,Excellent(3 employer reviews),Good(12 apprentice reviews),
BRIGHTER BEGINNINGS DAY NURSERY LIMITED,https://findapprenticeshiptraining.apprenticeships.education.gov.uk/courses/104/providers/10034931?distance=10,10034931,At apprentice's workplaceTraining at the employer's location.,Excellent(1 employer review),Good(5 apprentice reviews),
SR SUPPLY CHAIN CONSULTANTS LTD,https://findapprenticeshiptraining.apprenticeships.education.gov.uk/courses/104/providers/10036350?distance=10,10036350,At apprentice's workplaceTraining at the employer's location.,Excellent(1 employer review),Good(11 apprentice reviews),
CAPITAL 4 TRAINING LIMITED,https://findapprenticeshiptraining.apprenticeships.education.gov.uk/courses/104/providers/10038922?distance=10,10038922,"At apprentice's workplaceTraining at the employer's location., Block releaseBlocks of a week or more at the provider's location., Day releaseOne day a week at the provider's location.",Excellent(1 employer review),Good(7 apprentice reviews),
PIER TECHNOLOGY LTD,https://findapprenticeshiptraining.apprenticeships.education.gov.uk/courses/104/providers/10040417?distance=10,10040417,At apprentice's workplaceTraining at the employer's location.,Excellent(1 employer review),Good(5 apprentice reviews),
LEWTAY TRAINING LIMITED,https://findapprenticeshiptraining.apprenticeships.education.gov.uk/courses/104/providers/10043533?distance=10,10043533,At apprentice's workplaceTraining at the employer's location.,Excellent(2 employer reviews),Good(5 apprentice reviews),
APPRENTICE TEAM LTD,https://findapprenticeshiptraining.apprenticeships.education.gov.uk/courses/104/providers/10043793?distance=10,10043793,At apprentice's workplaceTraining at the employer's location.,Excellent(8 employer reviews),Good(26 apprentice reviews),
REACH4SKILLS TRAINING LTD,https://findapprenticeshiptraining.apprenticeships.education.gov.uk/courses/104/providers/10048229?distance=10,10048229,At apprentice's workplaceTraining at the employer's location.,Excellent(4 employer reviews),Good(8 apprentice reviews),
TRAINING WORKS (NW) LTD,https://findapprenticeshiptraining.apprenticeships.education.gov.uk/courses/104/providers/10048848?distance=10,10048848,At apprentice's workplaceTraining at the employer's location.,Excellent(1 employer review),Good(16 apprentice reviews),
CEDARS TRAINING ACADEMY LIMITED,https://findapprenticeshiptraining.apprenticeships.education.gov.uk/courses/104/providers/10056770?distance=10,10056770,At apprentice's workplaceTraining at the employer's location.,Excellent(2 employer reviews),Good(8 apprentice reviews),
APPRENTIFY LIMITED,https://findapprenticeshiptraining.apprenticeships.education.gov.uk/courses/104/providers/10063272?distance=10,10063272,"At apprentice's workplaceTraining at the employer's location., Block releaseBlocks of a week or more at the provider's location., Day releaseOne day a week at the provider's location.",Excellent(4 employer reviews),Good(38 apprentice reviews),
CAMBRIDGE SPARK LIMITED,https://findapprenticeshiptraining.apprenticeships.education.gov.uk/courses/104/providers/10063309?distance=10,10063309,At apprentice's workplaceTraining at the employer's location.,Excellent(3 employer reviews),Good(92 apprentice reviews),
PROFESSIONAL APPRENTICESHIPS LTD,https://findapprenticeshiptraining.apprenticeships.education.gov.uk/courses/104/providers/10065020?distance=10,10065020,At apprentice's workplaceTraining at the employer's location.,Excellent(2 employer reviews),Good(7 apprentice reviews),
CLEARLINE RECRUITMENT LTD,https://findapprenticeshiptraining.apprenticeships.education.gov.uk/courses/104/providers/10066561?distance=10,10066561,At apprentice's workplaceTraining at the employer's location.,Excellent(1 employer review),Good(6 apprentice reviews),
GREENLIGHT TRAINING LIMITED,https://findapprenticeshiptraining.apprenticeships.education.gov.uk/courses/104/providers/10080843?distance=10,10080843,"At apprentice's workplaceTraining at the employer's location., Block releaseBlocks of a week or more at the provider's location., Day releaseOne day a week at the provider's location.",Excellent(7 employer reviews),Good(13 apprentice reviews),
CLEAR QUALITY LIMITED,https://findapprenticeshiptraining.apprenticeships.education.gov.uk/courses/104/providers/10083283?distance=10,10083283,At apprentice's workplaceTraining at the employer's location.,Excellent(1 employer review),Good(21 apprentice reviews),
HUGH BAIRD COLLEGE,https://findapprenticeshiptraining.apprenticeships.education.gov.uk/courses/104/providers/10003193?distance=10,10003193,"At apprentice's workplaceTraining at the employer's location., Day releaseOne day a week at the provider's location.",Excellent(1 employer review),Poor(17 apprentice reviews),
SKILLS EDGE TRAINING LTD,https://findapprenticeshiptraining.apprenticeships.education.gov.uk/courses/104/providers/10030249?distance=10,10030249,At apprentice's workplaceTraining at the employer's location.,Excellent(4 employer reviews),Poor(8 apprentice reviews),
BISHOP AUCKLAND COLLEGE,https://findapprenticeshiptraining.apprenticeships.education.gov.uk/courses/104/providers/10000720?distance=10,10000720,At apprentice's workplaceTraining at the employer's location.,Excellent(1 employer review),No apprentice reviews,
BRADFORD CITY COUNCIL,https://findapprenticeshiptraining.apprenticeships.education.gov.uk/courses/104/providers/10000850?distance=10,10000850,"At apprentice's workplaceTraining at the employer's location., Day releaseOne day a week at the provider's location.",Excellent(1 employer review),No apprentice reviews,
CAMBRIDGESHIRE COUNTY COUNCIL,https://findapprenticeshiptraining.apprenticeships.education.gov.uk/courses/104/providers/10001123?distance=10,10001123,"At apprentice's workplaceTraining at the employer's location., Day releaseOne day a week at the provider's location.",Excellent(1 employer review),No apprentice reviews,
SUPPLY CHAIN ACADEMY LIMITED,https://findapprenticeshiptraining.apprenticeships.education.gov.uk/courses/104/providers/10001733?distance=10,10001733,"At apprentice's workplaceTraining at the employer's location., Day releaseOne day a week at the provider's location.",Excellent(1 employer review),No apprentice reviews,
DARLINGTON BOROUGH COUNCIL,https://findapprenticeshiptraining.apprenticeships.education.gov.uk/courses/104/providers/10001848?distance=10,10001848,Day releaseOne day a week at the provider's location.,Excellent(2 employer reviews),No apprentice reviews,
DAVIDSON TRAINING UK LIMITED,https://findapprenticeshiptraining.apprenticeships.education.gov.uk/courses/104/providers/10001869?distance=10,10001869,At apprentice's workplaceTraining at the employer's location.,Excellent(3 employer reviews),No apprentice reviews,
TTE TRAINING LIMITED,https://findapprenticeshiptraining.apprenticeships.education.gov.uk/courses/104/providers/10004589?distance=10,10004589,At apprentice's workplaceTraining at the employer's location.,Excellent(1 employer review),No apprentice reviews,
THE NORTHUMBERLAND COUNCIL,https://findapprenticeshiptraining.apprenticeships.education.gov.uk/courses/104/providers/10004762?distance=10,10004762,Day releaseOne day a week at the provider's location.,Excellent(1 employer review),No apprentice reviews,
OXFORD PROFESSIONAL EDUCATION GROUP LIMITED,https://findapprenticeshiptraining.apprenticeships.education.gov.uk/courses/104/providers/10004935?distance=10,10004935,"At apprentice's workplaceTraining at the employer's location., Day release at multiple locationsOne day a week at the provider's location.",Excellent(1 employer review),No apprentice reviews,
SKILLS TO GROUP LIMITED,https://findapprenticeshiptraining.apprenticeships.education.gov.uk/courses/104/providers/10005277?distance=10,10005277,Day releaseOne day a week at the provider's location.,Excellent(7 employer reviews),No apprentice reviews,
HOUSE OF CLIVE (HAIR AND BEAUTY) LIMITED,https://findapprenticeshiptraining.apprenticeships.education.gov.uk/courses/104/providers/10005426?distance=10,10005426,"At apprentice's workplaceTraining at the employer's location., Day release at multiple locationsOne day a week at the provider's location.",Excellent(3 employer reviews),No apprentice reviews,
NORTHAMPTON COLLEGE,https://findapprenticeshiptraining.apprenticeships.education.gov.uk/courses/104/providers/10007011?distance=10,10007011,"At apprentice's workplaceTraining at the employer's location., Day releaseOne day a week at the provider's location.",Excellent(2 employer reviews),No apprentice reviews,
WEST THAMES COLLEGE,https://findapprenticeshiptraining.apprenticeships.education.gov.uk/courses/104/providers/10007434?distance=10,10007434,Day releaseOne day a week at the provider's location.,Excellent(2 employer reviews),No apprentice reviews,
LONDON LEARNING CONSORTIUM COMMUNITY INTEREST COMPANY,https://findapprenticeshiptraining.apprenticeships.education.gov.uk/courses/104/providers/10021684?distance=10,10021684,At apprentice's workplaceTraining at the employer's location.,Excellent(1 employer review),No apprentice reviews,
PATHWAY FIRST LIMITED,https://findapprenticeshiptraining.apprenticeships.education.gov.uk/courses/104/providers/10021793?distance=10,10021793,At apprentice's workplaceTraining at the employer's location.,Excellent(2 employer reviews),No apprentice reviews,
PHOENIX4TRAINING LLP,https://findapprenticeshiptraining.apprenticeships.education.gov.uk/courses/104/providers/10024054?distance=10,10024054,At apprentice's workplaceTraining at the employer's location.,Excellent(2 employer reviews),No apprentice reviews,
THAT NAIL PLACE LIMITED,https://findapprenticeshiptraining.apprenticeships.education.gov.uk/courses/104/providers/10028007?distance=10,10028007,"At apprentice's workplaceTraining at the employer's location., Day releaseOne day a week at the provider's location.",Excellent(8 employer reviews),No apprentice reviews,
IGNITE SPORT UK LIMITED,https://findapprenticeshiptraining.apprenticeships.education.gov.uk/courses/104/providers/10029736?distance=10,10029736,At apprentice's workplaceTraining at the employer's location.,Excellent(2 employer reviews),No apprentice reviews,
1ST2 ACHIEVE TRAINING LIMITED,https://findapprenticeshiptraining.apprenticeships.education.gov.uk/courses/104/providers/10031126?distance=10,10031126,At apprentice's workplaceTraining at the employer's location.,Excellent(2 employer reviews),No apprentice reviews,
AVEREE LTD,https://findapprenticeshiptraining.apprenticeships.education.gov.uk/courses/104/providers/10036194?distance=10,10036194,"At apprentice's workplaceTraining at the employer's location., Day release at multiple locationsOne day a week at the provider's location.",Excellent(1 employer review),No apprentice reviews,
A S TRAINING (INTERNATIONAL) LIMITED,https://findapprenticeshiptraining.apprenticeships.education.gov.uk/courses/104/providers/10037198?distance=10,10037198,At apprentice's workplaceTraining at the employer's location.,Excellent(1 employer review),No apprentice reviews,
EXCEL TRAINING LIMITED,https://findapprenticeshiptraining.apprenticeships.education.gov.uk/courses/104/providers/10037723?distance=10,10037723,At apprentice's workplaceTraining at the employer's location.,Excellent(1 employer review),No apprentice reviews,
BRAGD LLP,https://findapprenticeshiptraining.apprenticeships.education.gov.uk/courses/104/providers/10040391?distance=10,10040391,"At apprentice's workplaceTraining at the employer's location., Block release at multiple locationsBlocks of a week or more at the provider's location., Day release at multiple locationsOne day a week at the provider's location.",Excellent(1 employer review),No apprentice reviews,
GLASS & FENESTRATION TRAINING SOLUTIONS LTD,https://findapprenticeshiptraining.apprenticeships.education.gov.uk/courses/104/providers/10040392?distance=10,10040392,At apprentice's workplaceTraining at the employer's location.,Excellent(1 employer review),No apprentice reviews,
OPTIMUM SKILLS LIMITED,https://findapprenticeshiptraining.apprenticeships.education.gov.uk/courses/104/providers/10043661?distance=10,10043661,At apprentice's workplaceTraining at the employer's location.,Excellent(1 employer review),No apprentice reviews,
KIWI & YUZU LTD,https://findapprenticeshiptraining.apprenticeships.education.gov.uk/courses/104/providers/10046679?distance=10,10046679,At apprentice's workplaceTraining at the employer's location.,Excellent(5 employer reviews),No apprentice reviews,
BLUE SKY ASSESSING & CONSULTANCY LTD,https://findapprenticeshiptraining.apprenticeships.education.gov.uk/courses/104/providers/10046850?distance=10,10046850,At apprentice's workplaceTraining at the employer's location.,Excellent(1 employer review),No apprentice reviews,
VELOCITY 1ST LIMITED,https://findapprenticeshiptraining.apprenticeships.education.gov.uk/courses/104/providers/10047354?distance=10,10047354,"At apprentice's workplaceTraining at the employer's location., Block release at multiple locationsBlocks of a week or more at the provider's location., Day release at multiple locationsOne day a week at the provider's location.",Excellent(1 employer review),No apprentice reviews,
JLMS MANAGEMENT LTD.,https://findapprenticeshiptraining.apprenticeships.education.gov.uk/courses/104/providers/10054679?distance=10,10054679,At apprentice's workplaceTraining at the employer's location.,Excellent(1 employer review),No apprentice reviews,
CONTRACTING SERVICES (EDUCATION AND SKILLS) LIMITED,https://findapprenticeshiptraining.apprenticeships.education.gov.uk/courses/104/providers/10056737?distance=10,10056737,At apprentice's workplaceTraining at the employer's location.,Excellent(1 employer review),No apprentice reviews,
ASPIRE PROCUREMENT TRAINING LTD,https://findapprenticeshiptraining.apprenticeships.education.gov.uk/courses/104/providers/10063268?distance=10,10063268,"At apprentice's workplaceTraining at the employer's location., Day releaseOne day a week at the provider's location.",Excellent(2 employer reviews),No apprentice reviews,
NC GROUP LTD,https://findapprenticeshiptraining.apprenticeships.education.gov.uk/courses/104/providers/10064357?distance=10,10064357,"At apprentice's workplaceTraining at the employer's location., Block releaseBlocks of a week or more at the provider's location., Day releaseOne day a week at the provider's location.",Excellent(1 employer review),No apprentice reviews,
EMPENTIS LIMITED,https://findapprenticeshiptraining.apprenticeships.education.gov.uk/courses/104/providers/10065933?distance=10,10065933,"At apprentice's workplaceTraining at the employer's location., Block releaseBlocks of a week or more at the provider's location., Day releaseOne day a week at the provider's location.",Excellent(1 employer review),No apprentice reviews,
C2C GROUP LIMITED,https://findapprenticeshiptraining.apprenticeships.education.gov.uk/courses/104/providers/10092052?distance=10,10092052,At apprentice's workplaceTraining at the employer's location.,Excellent(2 employer reviews),No apprentice reviews,
HEREFORDSHIRE AND WORCESTERSHIRE GROUP TRAINING ASSOCIATION LIMITED,https://findapprenticeshiptraining.apprenticeships.education.gov.uk/courses/104/providers/10003026?distance=10,10003026,Day release at multiple locationsOne day a week at the provider's location.,Good(3 employer reviews),Excellent(27 apprentice reviews),
NORFOLK COUNTY COUNCIL,https://findapprenticeshiptraining.apprenticeships.education.gov.uk/courses/104/providers/10004657?distance=10,10004657,"At apprentice's workplaceTraining at the employer's location., Block releaseBlocks of a week or more at the provider's location., Day releaseOne day a week at the provider's location.",Good(2 employer reviews),Excellent(6 apprentice reviews),
ROCHDALE TRAINING ASSOCIATION LIMITED,https://findapprenticeshiptraining.apprenticeships.education.gov.uk/courses/104/providers/10005509?distance=10,10005509,"At apprentice's workplaceTraining at the employer's location., Block releaseBlocks of a week or more at the provider's location., Day releaseOne day a week at the provider's location.",Good(3 employer reviews),Excellent(10 apprentice reviews),
S & B AUTOMOTIVE ACADEMY LIMITED,https://findapprenticeshiptraining.apprenticeships.education.gov.uk/courses/104/providers/10005599?distance=10,10005599,At apprentice's workplaceTraining at the employer's location.,Good(1 employer review),Excellent(16 apprentice reviews),
SOUTHPORT COLLEGE,https://findapprenticeshiptraining.apprenticeships.education.gov.uk/courses/104/providers/10006038?distance=10,10006038,Day releaseOne day a week at the provider's location.,Good(1 employer review),Excellent(5 apprentice reviews),
SPAN TRAINING & DEVELOPMENT LIMITED,https://findapprenticeshiptraining.apprenticeships.education.gov.uk/courses/104/providers/10009091?distance=10,10009091,At apprentice's workplaceTraining at the employer's location.,Good(3 employer reviews),Excellent(5 apprentice reviews),
ABM TRAINING (UK) LTD,https://findapprenticeshiptraining.apprenticeships.education.gov.uk/courses/104/providers/10029426?distance=10,10029426,At apprentice's workplaceTraining at the employer's location.,Good(1 employer review),Excellent(21 apprentice reviews),
CROSBY MANAGEMENT TRAINING LTD,https://findapprenticeshiptraining.apprenticeships.education.gov.uk/courses/104/providers/10034952?distance=10,10034952,"At apprentice's workplaceTraining at the employer's location., Day release at multiple locationsOne day a week at the provider's location.",Good(3 employer reviews),Excellent(27 apprentice reviews),
SOMERSET SKILLS & LEARNING CIC,https://findapprenticeshiptraining.apprenticeships.education.gov.uk/courses/104/providers/10042505?distance=10,10042505,"At apprentice's workplaceTraining at the employer's location., Day releaseOne day a week at the provider's location.",Good(1 employer review),Excellent(7 apprentice reviews),
SCL EDUCATION & TRAINING LIMITED,https://findapprenticeshiptraining.apprenticeships.education.gov.uk/courses/104/providers/10043208?distance=10,10043208,At apprentice's workplaceTraining at the employer's location.,Good(2 employer reviews),Excellent(31 apprentice reviews),
SPORTING FUTURES TRAINING (UK) LTD,https://findapprenticeshiptraining.apprenticeships.education.gov.uk/courses/104/providers/10046677?distance=10,10046677,"At apprentice's workplaceTraining at the employer's location., Day releaseOne day a week at the provider's location.",Good(2 employer reviews),Excellent(10 apprentice reviews),
FIRST INTUITION LIMITED,https://findapprenticeshiptraining.apprenticeships.education.gov.uk/courses/104/providers/10056738?distance=10,10056738,Block releaseBlocks of a week or more at the provider's location.,Good(9 employer reviews),Excellent(37 apprentice reviews),
BEDFORD COLLEGE,https://findapprenticeshiptraining.apprenticeships.education.gov.uk/courses/104/providers/10000610?distance=10,10000610,At apprentice's workplaceTraining at the employer's location.,Good(5 employer reviews),Good(22 apprentice reviews),
"BOURNEMOUTH AND POOLE COLLEGE, THE",https://findapprenticeshiptraining.apprenticeships.education.gov.uk/courses/104/providers/10000820?distance=10,10000820,Day releaseOne day a week at the provider's location.,Good(4 employer reviews),Good(49 apprentice reviews),
UNITED COLLEGES GROUP,https://findapprenticeshiptraining.apprenticeships.education.gov.uk/courses/104/providers/10001476?distance=10,10001476,At apprentice's workplaceTraining at the employer's location.,Good(2 employer reviews),Good(7 apprentice reviews),
COLCHESTER INSTITUTE,https://findapprenticeshiptraining.apprenticeships.education.gov.uk/courses/104/providers/10001535?distance=10,10001535,Day releaseOne day a week at the provider's location.,Good(6 employer reviews),Good(17 apprentice reviews),
THE COLLEGE OF ANIMAL WELFARE LIMITED,https://findapprenticeshiptraining.apprenticeships.education.gov.uk/courses/104/providers/10001539?distance=10,10001539,Block releaseBlocks of a week or more at the provider's location.,Good(1 employer review),Good(16 apprentice reviews),
CORNWALL COLLEGE,https://findapprenticeshiptraining.apprenticeships.education.gov.uk/courses/104/providers/10001696?distance=10,10001696,Day releaseOne day a week at the provider's location.,Good(5 employer reviews),Good(17 apprentice reviews),
DARLINGTON COLLEGE,https://findapprenticeshiptraining.apprenticeships.education.gov.uk/courses/104/providers/10001850?distance=10,10001850,Day releaseOne day a week at the provider's location.,Good(3 employer reviews),Good(13 apprentice reviews),
DCG,https://findapprenticeshiptraining.apprenticeships.education.gov.uk/courses/104/providers/10001919?distance=10,10001919,"At apprentice's workplaceTraining at the employer's location., Day releaseOne day a week at the provider's location.",Good(2 employer reviews),Good(25 apprentice reviews),
FURNESS COLLEGE,https://findapprenticeshiptraining.apprenticeships.education.gov.uk/courses/104/providers/10002599?distance=10,10002599,Day releaseOne day a week at the provider's location.,Good(2 employer reviews),Good(9 apprentice reviews),
HARLOW COLLEGE,https://findapprenticeshiptraining.apprenticeships.education.gov.uk/courses/104/providers/10002899?distance=10,10002899,Day releaseOne day a week at the provider's location.,Good(3 employer reviews),Good(5 apprentice reviews),
HULL BUSINESS TRAINING CENTRE LIMITED,https://findapprenticeshiptraining.apprenticeships.education.gov.uk/courses/104/providers/10003197?distance=10,10003197,Day releaseOne day a week at the provider's location.,Good(3 employer reviews),Good(6 apprentice reviews),
JUNIPER TRAINING LIMITED,https://findapprenticeshiptraining.apprenticeships.education.gov.uk/courses/104/providers/10003529?distance=10,10003529,At apprentice's workplaceTraining at the employer's location.,Good(1 employer review),Good(18 apprentice reviews),
MACCLESFIELD COLLEGE,https://findapprenticeshiptraining.apprenticeships.education.gov.uk/courses/104/providers/10004144?distance=10,10004144,At apprentice's workplaceTraining at the employer's location.,Good(4 employer reviews),Good(19 apprentice reviews),
THE GROWTH COMPANY LIMITED,https://findapprenticeshiptraining.apprenticeships.education.gov.uk/courses/104/providers/10004177?distance=10,10004177,At apprentice's workplaceTraining at the employer's location.,Good(5 employer reviews),Good(36 apprentice reviews),
NEW COLLEGE SWINDON,https://findapprenticeshiptraining.apprenticeships.education.gov.uk/courses/104/providers/10004579?distance=10,10004579,Day releaseOne day a week at the provider's location.,Good(1 employer review),Good(16 apprentice reviews),
NCG,https://findapprenticeshiptraining.apprenticeships.education.gov.uk/courses/104/providers/10004599?distance=10,10004599,Day releaseOne day a week at the provider's location.,Good(2 employer reviews),Good(23 apprentice reviews),
NEWHAM COLLEGE OF FURTHER EDUCATION,https://findapprenticeshiptraining.apprenticeships.education.gov.uk/courses/104/providers/10004607?distance=10,10004607,"At apprentice's workplaceTraining at the employer's location., Day releaseOne day a week at the provider's location.",Good(6 employer reviews),Good(7 apprentice reviews),
PETROC,https://findapprenticeshiptraining.apprenticeships.education.gov.uk/courses/104/providers/10004676?distance=10,10004676,Day releaseOne day a week at the provider's location.,Good(3 employer reviews),Good(5 apprentice reviews),
CITY COLLEGE NORWICH,https://findapprenticeshiptraining.apprenticeships.education.gov.uk/courses/104/providers/10004772?distance=10,10004772,Day releaseOne day a week at the provider's location.,Good(6 employer reviews),Good(21 apprentice reviews),
"SHEFFIELD COLLEGE, THE",https://findapprenticeshiptraining.apprenticeships.education.gov.uk/courses/104/providers/10005788?distance=10,10005788,Day releaseOne day a week at the provider's location.,Good(2 employer reviews),Good(26 apprentice reviews),
SOUTH ESSEX COLLEGE OF FURTHER AND HIGHER EDUCATION,https://findapprenticeshiptraining.apprenticeships.education.gov.uk/courses/104/providers/10005981?distance=10,10005981,Block releaseBlocks of a week or more at the provider's location.,Good(3 employer reviews),Good(12 apprentice reviews),
TYNE COAST COLLEGE,https://findapprenticeshiptraining.apprenticeships.education.gov.uk/courses/104/providers/10005999?distance=10,10005999,"Block releaseBlocks of a week or more at the provider's location., Day releaseOne day a week at the provider's location.",Good(15 employer reviews),Good(5 apprentice reviews),
ST HELENS COLLEGE,https://findapprenticeshiptraining.apprenticeships.education.gov.uk/courses/104/providers/10006174?distance=10,10006174,At apprentice's workplaceTraining at the employer's location.,Good(4 employer reviews),Good(7 apprentice reviews),
THE UNIVERSITY OF HUDDERSFIELD,https://findapprenticeshiptraining.apprenticeships.education.gov.uk/courses/104/providers/10007148?distance=10,10007148,Day releaseOne day a week at the provider's location.,Good(1 employer review),Good(37 apprentice reviews),
"HRUC (HARROW, RICHMOND AND UXBRIDGE COLLEGES)",https://findapprenticeshiptraining.apprenticeships.education.gov.uk/courses/104/providers/10007193?distance=10,10007193,"At apprentice's workplaceTraining at the employer's location., Day release at multiple locationsOne day a week at the provider's location.",Good(4 employer reviews),Good(20 apprentice reviews),
HEART OF YORKSHIRE EDUCATION GROUP,https://findapprenticeshiptraining.apprenticeships.education.gov.uk/courses/104/providers/10007289?distance=10,10007289,At apprentice's workplaceTraining at the employer's location.,Good(2 employer reviews),Good(16 apprentice reviews),
WEST SUFFOLK COLLEGE,https://findapprenticeshiptraining.apprenticeships.education.gov.uk/courses/104/providers/10007431?distance=10,10007431,Day release at multiple locationsOne day a week at the provider's location.,Good(6 employer reviews),Good(44 apprentice reviews),
YEOVIL COLLEGE,https://findapprenticeshiptraining.apprenticeships.education.gov.uk/courses/104/providers/10007696?distance=10,10007696,Day releaseOne day a week at the provider's location.,Good(5 employer reviews),Good(25 apprentice reviews),
TEC PARTNERSHIP,https://findapprenticeshiptraining.apprenticeships.education.gov.uk/courses/104/providers/10007938?distance=10,10007938,At apprentice's workplaceTraining at the employer's location.,Good(1 employer review),Good(13 apprentice reviews),
NORTHERN CARE TRAINING LIMITED,https://findapprenticeshiptraining.apprenticeships.education.gov.uk/courses/104/providers/10013515?distance=10,10013515,"At apprentice's workplaceTraining at the employer's location., Block releaseBlocks of a week or more at the provider's location., Day releaseOne day a week at the provider's location.",Good(2 employer reviews),Good(7 apprentice reviews),
THE CHILD CARE COMPANY (OLD WINDSOR) LIMITED,https://findapprenticeshiptraining.apprenticeships.education.gov.uk/courses/104/providers/10022788?distance=10,10022788,At apprentice's workplaceTraining at the employer's location.,Good(15 employer reviews),Good(87 apprentice reviews),
ACORN TRAINING LTD,https://findapprenticeshiptraining.apprenticeships.education.gov.uk/courses/104/providers/10023489?distance=10,10023489,At apprentice's workplaceTraining at the employer's location.,Good(19 employer reviews),Good(20 apprentice reviews),
LUMINATE EDUCATION GROUP,https://findapprenticeshiptraining.apprenticeships.education.gov.uk/courses/104/providers/10024962?distance=10,10024962,Day releaseOne day a week at the provider's location.,Good(4 employer reviews),Good(44 apprentice reviews),
TRAIN TOGETHER LIMITED,https://findapprenticeshiptraining.apprenticeships.education.gov.uk/courses/104/providers/10032052?distance=10,10032052,At apprentice's workplaceTraining at the employer's location.,Good(2 employer reviews),Good(23 apprentice reviews),
THE EQUESTRIAN LEARNING ACADEMY LIMITED,https://findapprenticeshiptraining.apprenticeships.education.gov.uk/courses/104/providers/10034037?distance=10,10034037,"At apprentice's workplaceTraining at the employer's location., Day releaseOne day a week at the provider's location.",Good(2 employer reviews),Good(36 apprentice reviews),
NEXTSTEP TRAINING LIMITED,https://findapprenticeshiptraining.apprenticeships.education.gov.uk/courses/104/providers/10034527?distance=10,10034527,"At apprentice's workplaceTraining at the employer's location., Block releaseBlocks of a week or more at the provider's location., Day releaseOne day a week at the provider's location.",Good(1 employer review),Good(9 apprentice reviews),
PENSHAW VIEW TRAINING LIMITED,https://findapprenticeshiptraining.apprenticeships.education.gov.uk/courses/104/providers/10038931?distance=10,10038931,At apprentice's workplaceTraining at the employer's location.,Good(1 employer review),Good(17 apprentice reviews),
TRS TRAINING LIMITED,https://findapprenticeshiptraining.apprenticeships.education.gov.uk/courses/104/providers/10039242?distance=10,10039242,"At apprentice's workplaceTraining at the employer's location., Block releaseBlocks of a week or more at the provider's location., Day releaseOne day a week at the provider's location.",Good(1 employer review),Good(19 apprentice reviews),
RM TRAINING (UK) LIMITED,https://findapprenticeshiptraining.apprenticeships.education.gov.uk/courses/104/providers/10040011?distance=10,10040011,At apprentice's workplaceTraining at the employer's location.,Good(1 employer review),Good(5 apprentice reviews),
NOWSKILLS LIMITED,https://findapprenticeshiptraining.apprenticeships.education.gov.uk/courses/104/providers/10040775?distance=10,10040775,At apprentice's workplaceTraining at the employer's location.,Good(4 employer reviews),Good(8 apprentice reviews),
BESPOKE PROFESSIONAL DEVELOPMENT AND TRAINING LIMITED,https://findapprenticeshiptraining.apprenticeships.education.gov.uk/courses/104/providers/10045955?distance=10,10045955,At apprentice's workplaceTraining at the employer's location.,Good(2 employer reviews),Good(36 apprentice reviews),
PERFORMANCE LEARNING GROUP LTD,https://findapprenticeshiptraining.apprenticeships.education.gov.uk/courses/104/providers/10052607?distance=10,10052607,"At apprentice's workplaceTraining at the employer's location., Block releaseBlocks of a week or more at the provider's location.",Good(2 employer reviews),Good(8 apprentice reviews),
EDUCATION AND SKILLS TRAINING & DEVELOPMENT LIMITED,https://findapprenticeshiptraining.apprenticeships.education.gov.uk/courses/104/providers/10052638?distance=10,10052638,At apprentice's workplaceTraining at the employer's location.,Good(3 employer reviews),Good(63 apprentice reviews),
BESPOKE CONSULTANCY & EDUCATION LIMITED,https://findapprenticeshiptraining.apprenticeships.education.gov.uk/courses/104/providers/10054118?distance=10,10054118,At apprentice's workplaceTraining at the employer's location.,Good(1 employer review),Good(14 apprentice reviews),
T3 TRAINING & DEVELOPMENT LTD,https://findapprenticeshiptraining.apprenticeships.education.gov.uk/courses/104/providers/10056500?distance=10,10056500,At apprentice's workplaceTraining at the employer's location.,Good(2 employer reviews),Good(5 apprentice reviews),
SKILLCERT LIMITED,https://findapprenticeshiptraining.apprenticeships.education.gov.uk/courses/104/providers/10061833?distance=10,10061833,At apprentice's workplaceTraining at the employer's location.,Good(3 employer reviews),Good(7 apprentice reviews),
SKILLS OFFICE NETWORK LTD,https://findapprenticeshiptraining.apprenticeships.education.gov.uk/courses/104/providers/10082140?distance=10,10082140,"Block releaseBlocks of a week or more at the provider's location., Day releaseOne day a week at the provider's location.",Good(3 employer reviews),Good(41 apprentice reviews),
Busy Bees Education and Training,https://findapprenticeshiptraining.apprenticeships.education.gov.uk/courses/104/providers/10085899?distance=10,10085899,At apprentice's workplaceTraining at the employer's location.,Good(2 employer reviews),Good(45 apprentice reviews),
CU APPRENTICESHIPS (BETTER FUTURES) LIMITED,https://findapprenticeshiptraining.apprenticeships.education.gov.uk/courses/104/providers/10091009?distance=10,10091009,Day releaseOne day a week at the provider's location.,Good(1 employer review),Good(76 apprentice reviews),
CITY OF BRISTOL COLLEGE,https://findapprenticeshiptraining.apprenticeships.education.gov.uk/courses/104/providers/10001467?distance=10,10001467,At apprentice's workplaceTraining at the employer's location.,Good(3 employer reviews),Poor(9 apprentice reviews),
LOUGHBOROUGH COLLEGE,https://findapprenticeshiptraining.apprenticeships.education.gov.uk/courses/104/providers/10004112?distance=10,10004112,"Block releaseBlocks of a week or more at the provider's location., Day releaseOne day a week at the provider's location.",Good(1 employer review),Poor(13 apprentice reviews),
REAL SKILLS TRAINING LTD,https://findapprenticeshiptraining.apprenticeships.education.gov.uk/courses/104/providers/10043980?distance=10,10043980,"At apprentice's workplaceTraining at the employer's location., Block releaseBlocks of a week or more at the provider's location., Day releaseOne day a week at the provider's location.",Good(4 employer reviews),Poor(12 apprentice reviews),
BASINGSTOKE COLLEGE OF TECHNOLOGY,https://findapprenticeshiptraining.apprenticeships.education.gov.uk/courses/104/providers/10000560?distance=10,10000560,At apprentice's workplaceTraining at the employer's location.,Good(4 employer reviews),No apprentice reviews,
BROCKENHURST COLLEGE,https://findapprenticeshiptraining.apprenticeships.education.gov.uk/courses/104/providers/10000944?distance=10,10000944,At apprentice's workplaceTraining at the employer's location.,Good(1 employer review),No apprentice reviews,
"EALING, HAMMERSMITH & WEST LONDON COLLEGE",https://findapprenticeshiptraining.apprenticeships.education.gov.uk/courses/104/providers/10002094?distance=10,10002094,Day releaseOne day a week at the provider's location.,Good(1 employer review),No apprentice reviews,
SHEFFIELD CITY COUNCIL,https://findapprenticeshiptraining.apprenticeships.education.gov.uk/courses/104/providers/10002244?distance=10,10002244,At apprentice's workplaceTraining at the employer's location.,Good(1 employer review),No apprentice reviews,
INDEPENDENT TRAINING SERVICES LIMITED,https://findapprenticeshiptraining.apprenticeships.education.gov.uk/courses/104/providers/10003289?distance=10,10003289,At apprentice's workplaceTraining at the employer's location.,Good(1 employer review),No apprentice reviews,
OAKLANDS COLLEGE,https://findapprenticeshiptraining.apprenticeships.education.gov.uk/courses/104/providers/10004835?distance=10,10004835,"At apprentice's workplaceTraining at the employer's location., Day releaseOne day a week at the provider's location.",Good(1 employer review),No apprentice reviews,
SUFFOLK NEW COLLEGE,https://findapprenticeshiptraining.apprenticeships.education.gov.uk/courses/104/providers/10006398?distance=10,10006398,At apprentice's workplaceTraining at the employer's location.,Good(2 employer reviews),No apprentice reviews,
W S TRAINING LTD.,https://findapprenticeshiptraining.apprenticeships.education.gov.uk/courses/104/providers/10007659?distance=10,10007659,"At apprentice's workplaceTraining at the employer's location., Day releaseOne day a week at the provider's location.",Good(3 employer reviews),No apprentice reviews,
PGL TRAINING (PLUMBING) LIMITED,https://findapprenticeshiptraining.apprenticeships.education.gov.uk/courses/104/providers/10008426?distance=10,10008426,Day releaseOne day a week at the provider's location.,Good(1 employer review),No apprentice reviews,
SKILLWISE TRAINING UK LTD,https://findapprenticeshiptraining.apprenticeships.education.gov.uk/courses/104/providers/10033209?distance=10,10033209,At apprentice's workplaceTraining at the employer's location.,Good(1 employer review),No apprentice reviews,
WORKPAYS LIMITED,https://findapprenticeshiptraining.apprenticeships.education.gov.uk/courses/104/providers/10037289?distance=10,10037289,At apprentice's workplaceTraining at the employer's location.,Good(2 employer reviews),No apprentice reviews,
CROWN VOCATIONAL TRAINING LIMITED,https://findapprenticeshiptraining.apprenticeships.education.gov.uk/courses/104/providers/10037798?distance=10,10037798,"At apprentice's workplaceTraining at the employer's location., Day releaseOne day a week at the provider's location.",Good(1 employer review),No apprentice reviews,
APPROVED TRAINING LIMITED,https://findapprenticeshiptraining.apprenticeships.education.gov.uk/courses/104/providers/10056863?distance=10,10056863,At apprentice's workplaceTraining at the employer's location.,Good(3 employer reviews),No apprentice reviews,
CHESHIRE COLLEGE SOUTH AND WEST,https://findapprenticeshiptraining.apprenticeships.education.gov.uk/courses/104/providers/10005972?distance=10,10005972,"At apprentice's workplaceTraining at the employer's location., Day releaseOne day a week at the provider's location.",Poor(1 employer review),Excellent(13 apprentice reviews),
E-TRAINING LIMITED,https://findapprenticeshiptraining.apprenticeships.education.gov.uk/courses/104/providers/10002078?distance=10,10002078,At apprentice's workplaceTraining at the employer's location.,Poor(2 employer reviews),Good(15 apprentice reviews),
NOTTINGHAM COLLEGE,https://findapprenticeshiptraining.apprenticeships.education.gov.uk/courses/104/providers/10004577?distance=10,10004577,At apprentice's workplaceTraining at the employer's location.,Poor(3 employer reviews),Good(30 apprentice reviews),
SKILLNET LIMITED,https://findapprenticeshiptraining.apprenticeships.education.gov.uk/courses/104/providers/10005891?distance=10,10005891,At apprentice's workplaceTraining at the employer's location.,Poor(2 employer reviews),Good(24 apprentice reviews),
THE OLDHAM COLLEGE,https://findapprenticeshiptraining.apprenticeships.education.gov.uk/courses/104/providers/10006770?distance=10,10006770,Day releaseOne day a week at the provider's location.,Poor(7 employer reviews),Good(8 apprentice reviews),
SOUTH GLOUCESTERSHIRE AND STROUD COLLEGE,https://findapprenticeshiptraining.apprenticeships.education.gov.uk/courses/104/providers/10036143?distance=10,10036143,Day release at multiple locationsOne day a week at the provider's location.,Poor(4 employer reviews),Good(16 apprentice reviews),
MULTIVERSE GROUP LIMITED,https://findapprenticeshiptraining.apprenticeships.education.gov.uk/courses/104/providers/10055902?distance=10,10055902,"Block releaseBlocks of a week or more at the provider's location., Day releaseOne day a week at the provider's location.",Poor(5 employer reviews),Good(669 apprentice reviews),
SKILLS4STEM LTD.,https://findapprenticeshiptraining.apprenticeships.education.gov.uk/courses/104/providers/10062041?distance=10,10062041,"Block release at multiple locationsBlocks of a week or more at the provider's location., Day release at multiple locationsOne day a week at the provider's location.",Poor(1 employer review),Poor(12 apprentice reviews),
DERWENT TRAINING ASSOCIATION,https://findapprenticeshiptraining.apprenticeships.education.gov.uk/courses/104/providers/10009389?distance=10,10009389,Day releaseOne day a week at the provider's location.,Poor(1 employer review),No apprentice reviews,
EKC GROUP,https://findapprenticeshiptraining.apprenticeships.education.gov.uk/courses/104/providers/10006570?distance=10,10006570,"At apprentice's workplaceTraining at the employer's location., Day releaseOne day a week at the provider's location.",Very poor(1 employer review),Good(18 apprentice reviews),
UNIVERSITY OF NEWCASTLE UPON TYNE,https://findapprenticeshiptraining.apprenticeships.education.gov.uk/courses/104/providers/10007799?distance=10,10007799,Day releaseOne day a week at the provider's location.,Very poor(1 employer review),Good(17 apprentice reviews),
AURELIA TRAINING LIMITED,https://findapprenticeshiptraining.apprenticeships.education.gov.uk/courses/104/providers/10000452?distance=10,10000452,"At apprentice's workplaceTraining at the employer's location., Day releaseOne day a week at the provider's location.",No employer reviews,Excellent(16 apprentice reviews),
EAST DURHAM COLLEGE,https://findapprenticeshiptraining.apprenticeships.education.gov.uk/courses/104/providers/10002111?distance=10,10002111,"At apprentice's workplaceTraining at the employer's location., Day releaseOne day a week at the provider's location.",No employer reviews,Excellent(17 apprentice reviews),
GLOUCESTERSHIRE COUNTY COUNCIL,https://findapprenticeshiptraining.apprenticeships.education.gov.uk/courses/104/providers/10002697?distance=10,10002697,Day releaseOne day a week at the provider's location.,No employer reviews,Excellent(5 apprentice reviews),
THE UNIVERSITY OF BIRMINGHAM,https://findapprenticeshiptraining.apprenticeships.education.gov.uk/courses/104/providers/10006840?distance=10,10006840,At apprentice's workplaceTraining at the employer's location.,No employer reviews,Excellent(14 apprentice reviews),
TACS Ltd,https://findapprenticeshiptraining.apprenticeships.education.gov.uk/courses/104/providers/10020244?distance=10,10020244,At apprentice's workplaceTraining at the employer's location.,No employer reviews,Excellent(7 apprentice reviews),
GLOBAL SKILLS TRAINING LTD,https://findapprenticeshiptraining.apprenticeships.education.gov.uk/courses/104/providers/10023829?distance=10,10023829,"At apprentice's workplaceTraining at the employer's location., Day releaseOne day a week at the provider's location.",No employer reviews,Excellent(5 apprentice reviews),
K S TRAINING LIMITED,https://findapprenticeshiptraining.apprenticeships.education.gov.uk/courses/104/providers/10036736?distance=10,10036736,At apprentice's workplaceTraining at the employer's location.,No employer reviews,Excellent(24 apprentice reviews),
THE RECALVI ENTERPRISE LTD,https://findapprenticeshiptraining.apprenticeships.education.gov.uk/courses/104/providers/10039140?distance=10,10039140,At apprentice's workplaceTraining at the employer's location.,No employer reviews,Excellent(11 apprentice reviews),
DYNAMO HEALTHCARE TRAINING LTD,https://findapprenticeshiptraining.apprenticeships.education.gov.uk/courses/104/providers/10041239?distance=10,10041239,At apprentice's workplaceTraining at the employer's location.,No employer reviews,Excellent(8 apprentice reviews),
VARSITY TRAINING LIMITED,https://findapprenticeshiptraining.apprenticeships.education.gov.uk/courses/104/providers/10049233?distance=10,10049233,"At apprentice's workplaceTraining at the employer's location., Day release at multiple locationsOne day a week at the provider's location.",No employer reviews,Excellent(5 apprentice reviews),
SWARM TRAINING C.I.C.,https://findapprenticeshiptraining.apprenticeships.education.gov.uk/courses/104/providers/10049392?distance=10,10049392,At apprentice's workplaceTraining at the employer's location.,No employer reviews,Excellent(9 apprentice reviews),
ASSOCIATED NEIGHBOUR TRAINING LIMITED,https://findapprenticeshiptraining.apprenticeships.education.gov.uk/courses/104/providers/10057050?distance=10,10057050,At apprentice's workplaceTraining at the employer's location.,No employer reviews,Excellent(29 apprentice reviews),
JUICE TALENT DEVELOPMENT LIMITED,https://findapprenticeshiptraining.apprenticeships.education.gov.uk/courses/104/providers/10063435?distance=10,10063435,At apprentice's workplaceTraining at the employer's location.,No employer reviews,Excellent(7 apprentice reviews),
UNIVERSITY COLLEGE BIRMINGHAM,https://findapprenticeshiptraining.apprenticeships.education.gov.uk/courses/104/providers/10000712?distance=10,10000712,"At apprentice's workplaceTraining at the employer's location., Day releaseOne day a week at the provider's location.",No employer reviews,Good(42 apprentice reviews),
BOSTON COLLEGE,https://findapprenticeshiptraining.apprenticeships.education.gov.uk/courses/104/providers/10000812?distance=10,10000812,Day releaseOne day a week at the provider's location.,No employer reviews,Good(10 apprentice reviews),
BURTON AND SOUTH DERBYSHIRE COLLEGE,https://findapprenticeshiptraining.apprenticeships.education.gov.uk/courses/104/providers/10001004?distance=10,10001004,"At apprentice's workplaceTraining at the employer's location., Block releaseBlocks of a week or more at the provider's location.",No employer reviews,Good(14 apprentice reviews),
CAMBRIDGE REGIONAL COLLEGE,https://findapprenticeshiptraining.apprenticeships.education.gov.uk/courses/104/providers/10001116?distance=10,10001116,At apprentice's workplaceTraining at the employer's location.,No employer reviews,Good(9 apprentice reviews),
COVENTRY CITY COUNCIL,https://findapprenticeshiptraining.apprenticeships.education.gov.uk/courses/104/providers/10001723?distance=10,10001723,"At apprentice's workplaceTraining at the employer's location., Day releaseOne day a week at the provider's location.",No employer reviews,Good(5 apprentice reviews),
GENII ENGINEERING & TECHNOLOGY TRAINING LIMITED,https://findapprenticeshiptraining.apprenticeships.education.gov.uk/courses/104/providers/10002655?distance=10,10002655,"At apprentice's workplaceTraining at the employer's location., Block release at multiple locationsBlocks of a week or more at the provider's location., Day release at multiple locationsOne day a week at the provider's location.",No employer reviews,Good(7 apprentice reviews),
EAST SUSSEX COLLEGE GROUP,https://findapprenticeshiptraining.apprenticeships.education.gov.uk/courses/104/providers/10002923?distance=10,10002923,At apprentice's workplaceTraining at the employer's location.,No employer reviews,Good(11 apprentice reviews),
LEEDS BECKETT UNIVERSITY,https://findapprenticeshiptraining.apprenticeships.education.gov.uk/courses/104/providers/10003861?distance=10,10003861,Block releaseBlocks of a week or more at the provider's location.,No employer reviews,Good(32 apprentice reviews),
NEWBURY COLLEGE,https://findapprenticeshiptraining.apprenticeships.education.gov.uk/courses/104/providers/10004596?distance=10,10004596,"At apprentice's workplaceTraining at the employer's location., Day release at multiple locationsOne day a week at the provider's location.",No employer reviews,Good(6 apprentice reviews),
CITY COLLEGE PLYMOUTH,https://findapprenticeshiptraining.apprenticeships.education.gov.uk/courses/104/providers/10005128?distance=10,10005128,At apprentice's workplaceTraining at the employer's location.,No employer reviews,Good(23 apprentice reviews),
STOCKTON-ON-TEES BOROUGH COUNCIL,https://findapprenticeshiptraining.apprenticeships.education.gov.uk/courses/104/providers/10006337?distance=10,10006337,Day releaseOne day a week at the provider's location.,No employer reviews,Good(7 apprentice reviews),
SURREY COUNTY COUNCIL,https://findapprenticeshiptraining.apprenticeships.education.gov.uk/courses/104/providers/10006426?distance=10,10006426,"At apprentice's workplaceTraining at the employer's location., Block releaseBlocks of a week or more at the provider's location., Day releaseOne day a week at the provider's location.",No employer reviews,Good(5 apprentice reviews),
BIRMINGHAM METROPOLITAN COLLEGE,https://findapprenticeshiptraining.apprenticeships.education.gov.uk/courses/104/providers/10006442?distance=10,10006442,At apprentice's workplaceTraining at the employer's location.,No employer reviews,Good(11 apprentice reviews),
ASPIRE TRAINING TEAM LIMITED,https://findapprenticeshiptraining.apprenticeships.education.gov.uk/courses/104/providers/10006942?distance=10,10006942,At apprentice's workplaceTraining at the employer's location.,No employer reviews,Good(18 apprentice reviews),
UNIVERSITY OF BEDFORDSHIRE,https://findapprenticeshiptraining.apprenticeships.education.gov.uk/courses/104/providers/10007152?distance=10,10007152,Day releaseOne day a week at the provider's location.,No employer reviews,Good(21 apprentice reviews),
WIRRAL METROPOLITAN COLLEGE,https://findapprenticeshiptraining.apprenticeships.education.gov.uk/courses/104/providers/10007553?distance=10,10007553,"At apprentice's workplaceTraining at the employer's location., Day releaseOne day a week at the provider's location.",No employer reviews,Good(10 apprentice reviews),
FREIGHT TRANSPORT ASSOCIATION LIMITED,https://findapprenticeshiptraining.apprenticeships.education.gov.uk/courses/104/providers/10008243?distance=10,10008243,"At apprentice's workplaceTraining at the employer's location., Day releaseOne day a week at the provider's location.",No employer reviews,Good(5 apprentice reviews),
PROFOUND SERVICES LIMITED,https://findapprenticeshiptraining.apprenticeships.education.gov.uk/courses/104/providers/10022358?distance=10,10022358,At apprentice's workplaceTraining at the employer's location.,No employer reviews,Good(11 apprentice reviews),
Avant Skills Academy,https://findapprenticeshiptraining.apprenticeships.education.gov.uk/courses/104/providers/10022513?distance=10,10022513,Day release at multiple locationsOne day a week at the provider's location.,No employer reviews,Good(5 apprentice reviews),
IMPACT LEARNING & DATA SOLUTIONS LIMITED,https://findapprenticeshiptraining.apprenticeships.education.gov.uk/courses/104/providers/10022627?distance=10,10022627,At apprentice's workplaceTraining at the employer's location.,No employer reviews,Good(19 apprentice reviews),
MEDIPRO LIMITED,https://findapprenticeshiptraining.apprenticeships.education.gov.uk/courses/104/providers/10023428?distance=10,10023428,"At apprentice's workplaceTraining at the employer's location., Block releaseBlocks of a week or more at the provider's location., Day releaseOne day a week at the provider's location.",No employer reviews,Good(6 apprentice reviews),
Make UK,https://findapprenticeshiptraining.apprenticeships.education.gov.uk/courses/104/providers/10025384?distance=10,10025384,"At apprentice's workplaceTraining at the employer's location., Block releaseBlocks of a week or more at the provider's location.",No employer reviews,Good(22 apprentice reviews),
WATERTRAIN LIMITED,https://findapprenticeshiptraining.apprenticeships.education.gov.uk/courses/104/providers/10030871?distance=10,10030871,"At apprentice's workplaceTraining at the employer's location., Block releaseBlocks of a week or more at the provider's location., Day releaseOne day a week at the provider's location.",No employer reviews,Good(7 apprentice reviews),
GREY SEAL ACADEMY LIMITED,https://findapprenticeshiptraining.apprenticeships.education.gov.uk/courses/104/providers/10033815?distance=10,10033815,At apprentice's workplaceTraining at the employer's location.,No employer reviews,Good(9 apprentice reviews),
WMC TRAINING LTD,https://findapprenticeshiptraining.apprenticeships.education.gov.uk/courses/104/providers/10038165?distance=10,10038165,At apprentice's workplaceTraining at the employer's location.,No employer reviews,Good(16 apprentice reviews),
GI GROUP RECRUITMENT LTD,https://findapprenticeshiptraining.apprenticeships.education.gov.uk/courses/104/providers/10039882?distance=10,10039882,At apprentice's workplaceTraining at the employer's location.,No employer reviews,Good(7 apprentice reviews),
Makers Academy Ltd,https://findapprenticeshiptraining.apprenticeships.education.gov.uk/courses/104/providers/10041057?distance=10,10041057,"At apprentice's workplaceTraining at the employer's location., Block releaseBlocks of a week or more at the provider's location.",No employer reviews,Good(12 apprentice reviews),
PROFESSIONAL DEVELOPMENT AND TRAINING LTD,https://findapprenticeshiptraining.apprenticeships.education.gov.uk/courses/104/providers/10044419?distance=10,10044419,"At apprentice's workplaceTraining at the employer's location., Day releaseOne day a week at the provider's location.",No employer reviews,Good(16 apprentice reviews),
LEIGH ACADEMIES TRUST,https://findapprenticeshiptraining.apprenticeships.education.gov.uk/courses/104/providers/10052832?distance=10,10052832,"At apprentice's workplaceTraining at the employer's location., Day releaseOne day a week at the provider's location.",No employer reviews,Good(5 apprentice reviews),
FE BUSINESS LIMITED,https://findapprenticeshiptraining.apprenticeships.education.gov.uk/courses/104/providers/10052863?distance=10,10052863,"Block releaseBlocks of a week or more at the provider's location., Day releaseOne day a week at the provider's location.",No employer reviews,Good(8 apprentice reviews),
ORANGE MOON TRAINING LIMITED,https://findapprenticeshiptraining.apprenticeships.education.gov.uk/courses/104/providers/10054833?distance=10,10054833,At apprentice's workplaceTraining at the employer's location.,No employer reviews,Good(14 apprentice reviews),
EQUALS TRAINING LIMITED,https://findapprenticeshiptraining.apprenticeships.education.gov.uk/courses/104/providers/10061466?distance=10,10061466,"At apprentice's workplaceTraining at the employer's location., Block releaseBlocks of a week or more at the provider's location., Day releaseOne day a week at the provider's location.",No employer reviews,Good(7 apprentice reviews),
"BARKING, HAVERING AND REDBRIDGE UNIVERSITY HOSPITALS NHS TRUST",https://findapprenticeshiptraining.apprenticeships.education.gov.uk/courses/104/providers/10063578?distance=10,10063578,"At apprentice's workplaceTraining at the employer's location., Day release at multiple locationsOne day a week at the provider's location.",No employer reviews,Good(18 apprentice reviews),
CHILDBASE PARTNERSHIP LIMITED,https://findapprenticeshiptraining.apprenticeships.education.gov.uk/courses/104/providers/10084678?distance=10,10084678,"At apprentice's workplaceTraining at the employer's location., Day releaseOne day a week at the provider's location.",No employer reviews,Good(12 apprentice reviews),
CAVITY DENTAL TRAINING LIMITED,https://findapprenticeshiptraining.apprenticeships.education.gov.uk/courses/104/providers/10089621?distance=10,10089621,At apprentice's workplaceTraining at the employer's location.,No employer reviews,Good(5 apprentice reviews),
HERTFORD REGIONAL COLLEGE,https://findapprenticeshiptraining.apprenticeships.education.gov.uk/courses/104/providers/10003035?distance=10,10003035,At apprentice's workplaceTraining at the employer's location.,No employer reviews,Poor(7 apprentice reviews),
Northwest Education And Training Ltd,https://findapprenticeshiptraining.apprenticeships.education.gov.uk/courses/104/providers/10041486?distance=10,10041486,At apprentice's workplaceTraining at the employer's location.,No employer reviews,Poor(5 apprentice reviews),
ACCESS FURTHER EDUCATION LIMITED,https://findapprenticeshiptraining.apprenticeships.education.gov.uk/courses/104/providers/10000080?distance=10,10000080,At apprentice's workplaceTraining at the employer's location.,No employer reviews,No apprentice reviews,
ACHIEVEMENT TRAINING LIMITED,https://findapprenticeshiptraining.apprenticeships.education.gov.uk/courses/104/providers/10000099?distance=10,10000099,"At apprentice's workplaceTraining at the employer's location., Day releaseOne day a week at the provider's location.",No employer reviews,No apprentice reviews,
APPRENTICESHIP LEARNING SOLUTIONS LIMITED,https://findapprenticeshiptraining.apprenticeships.education.gov.uk/courses/104/providers/10000105?distance=10,10000105,At apprentice's workplaceTraining at the employer's location.,No employer reviews,No apprentice reviews,
BARKING AND DAGENHAM COLLEGE,https://findapprenticeshiptraining.apprenticeships.education.gov.uk/courses/104/providers/10000528?distance=10,10000528,At apprentice's workplaceTraining at the employer's location.,No employer reviews,No apprentice reviews,
EDUCATION DEVELOPMENT TRUST,https://findapprenticeshiptraining.apprenticeships.education.gov.uk/courses/104/providers/10001298?distance=10,10001298,Day releaseOne day a week at the provider's location.,No employer reviews,No apprentice reviews,
COUNTY DURHAM COUNCIL,https://findapprenticeshiptraining.apprenticeships.education.gov.uk/courses/104/providers/10002064?distance=10,10002064,Day releaseOne day a week at the provider's location.,No employer reviews,No apprentice reviews,
BIG CREATIVE TRAINING LTD,https://findapprenticeshiptraining.apprenticeships.education.gov.uk/courses/104/providers/10002073?distance=10,10002073,"At apprentice's workplaceTraining at the employer's location., Day releaseOne day a week at the provider's location.",No employer reviews,No apprentice reviews,
ESCP EUROPE-BUSINESS SCHOOL,https://findapprenticeshiptraining.apprenticeships.education.gov.uk/courses/104/providers/10002313?distance=10,10002313,"Block releaseBlocks of a week or more at the provider's location., Day releaseOne day a week at the provider's location.",No employer reviews,No apprentice reviews,
First College,https://findapprenticeshiptraining.apprenticeships.education.gov.uk/courses/104/providers/10002471?distance=10,10002471,At apprentice's workplaceTraining at the employer's location.,No employer reviews,No apprentice reviews,
JARROLD & SONS LIMITED,https://findapprenticeshiptraining.apprenticeships.education.gov.uk/courses/104/providers/10003455?distance=10,10003455,"Block releaseBlocks of a week or more at the provider's location., Day releaseOne day a week at the provider's location.",No employer reviews,No apprentice reviews,
AZESTA LIMITED,https://findapprenticeshiptraining.apprenticeships.education.gov.uk/courses/104/providers/10003979?distance=10,10003979,At apprentice's workplaceTraining at the employer's location.,No employer reviews,No apprentice reviews,
LUTON BOROUGH COUNCIL,https://findapprenticeshiptraining.apprenticeships.education.gov.uk/courses/104/providers/10004124?distance=10,10004124,Day releaseOne day a week at the provider's location.,No employer reviews,No apprentice reviews,
MCARTHUR DEAN TRAINING LIMITED,https://findapprenticeshiptraining.apprenticeships.education.gov.uk/courses/104/providers/10004257?distance=10,10004257,"At apprentice's workplaceTraining at the employer's location., Day release at multiple locationsOne day a week at the provider's location.",No employer reviews,No apprentice reviews,
MILTON KEYNES COUNCIL,https://findapprenticeshiptraining.apprenticeships.education.gov.uk/courses/104/providers/10004376?distance=10,10004376,"At apprentice's workplaceTraining at the employer's location., Day releaseOne day a week at the provider's location.",No employer reviews,No apprentice reviews,
MOULTON COLLEGE,https://findapprenticeshiptraining.apprenticeships.education.gov.uk/courses/104/providers/10004442?distance=10,10004442,"At apprentice's workplaceTraining at the employer's location., Block releaseBlocks of a week or more at the provider's location., Day releaseOne day a week at the provider's location.",No employer reviews,No apprentice reviews,
NORTH EAST SURREY COLLEGE OF TECHNOLOGY (NESCOT),https://findapprenticeshiptraining.apprenticeships.education.gov.uk/courses/104/providers/10004686?distance=10,10004686,Day releaseOne day a week at the provider's location.,No employer reviews,No apprentice reviews,
North Tyneside Adult Learning Service,https://findapprenticeshiptraining.apprenticeships.education.gov.uk/courses/104/providers/10004714?distance=10,10004714,Day releaseOne day a week at the provider's location.,No employer reviews,No apprentice reviews,
NORTH WEST COMMUNITY SERVICES TRAINING LTD,https://findapprenticeshiptraining.apprenticeships.education.gov.uk/courses/104/providers/10004720?distance=10,10004720,At apprentice's workplaceTraining at the employer's location.,No employer reviews,No apprentice reviews,
PILOT IMS LIMITED,https://findapprenticeshiptraining.apprenticeships.education.gov.uk/courses/104/providers/10005101?distance=10,10005101,At apprentice's workplaceTraining at the employer's location.,No employer reviews,No apprentice reviews,
RUNSHAW COLLEGE,https://findapprenticeshiptraining.apprenticeships.education.gov.uk/courses/104/providers/10005575?distance=10,10005575,Day releaseOne day a week at the provider's location.,No employer reviews,No apprentice reviews,
S.W. DURHAM TRAINING LIMITED,https://findapprenticeshiptraining.apprenticeships.education.gov.uk/courses/104/providers/10006005?distance=10,10006005,"At apprentice's workplaceTraining at the employer's location., Day releaseOne day a week at the provider's location.",No employer reviews,No apprentice reviews,
UK TRAINING & DEVELOPMENT LIMITED,https://findapprenticeshiptraining.apprenticeships.education.gov.uk/courses/104/providers/10007123?distance=10,10007123,At apprentice's workplaceTraining at the employer's location.,No employer reviews,No apprentice reviews,
Waverley Training Services,https://findapprenticeshiptraining.apprenticeships.education.gov.uk/courses/104/providers/10008986?distance=10,10008986,At apprentice's workplaceTraining at the employer's location.,No employer reviews,No apprentice reviews,
FASHION RETAIL ACADEMY,https://findapprenticeshiptraining.apprenticeships.education.gov.uk/courses/104/providers/10009213?distance=10,10009213,"At apprentice's workplaceTraining at the employer's location., Block releaseBlocks of a week or more at the provider's location., Day releaseOne day a week at the provider's location.",No employer reviews,No apprentice reviews,
MAINSTREAM TRAINING LIMITED,https://findapprenticeshiptraining.apprenticeships.education.gov.uk/courses/104/providers/10009491?distance=10,10009491,At apprentice's workplaceTraining at the employer's location.,No employer reviews,No apprentice reviews,
NISHKAM CIVIC ASSOCIATION,https://findapprenticeshiptraining.apprenticeships.education.gov.uk/courses/104/providers/10012442?distance=10,10012442,"At apprentice's workplaceTraining at the employer's location., Day releaseOne day a week at the provider's location.",No employer reviews,No apprentice reviews,
D.T.K. BUSINESS SERVICES LIMITED,https://findapprenticeshiptraining.apprenticeships.education.gov.uk/courses/104/providers/10013118?distance=10,10013118,At apprentice's workplaceTraining at the employer's location.,No employer reviews,No apprentice reviews,
HALIFAX OPPORTUNITIES TRUST,https://findapprenticeshiptraining.apprenticeships.education.gov.uk/courses/104/providers/10013225?distance=10,10013225,"At apprentice's workplaceTraining at the employer's location., Block releaseBlocks of a week or more at the provider's location., Day releaseOne day a week at the provider's location.",No employer reviews,No apprentice reviews,
ALAN HESTER ASSOCIATES LIMITED,https://findapprenticeshiptraining.apprenticeships.education.gov.uk/courses/104/providers/10015933?distance=10,10015933,At apprentice's workplaceTraining at the employer's location.,No employer reviews,No apprentice reviews,
INTEGER TRAINING LIMITED,https://findapprenticeshiptraining.apprenticeships.education.gov.uk/courses/104/providers/10019300?distance=10,10019300,At apprentice's workplaceTraining at the employer's location.,No employer reviews,No apprentice reviews,
EGLANTINE CATERING LIMITED,https://findapprenticeshiptraining.apprenticeships.education.gov.uk/courses/104/providers/10020019?distance=10,10020019,At apprentice's workplaceTraining at the employer's location.,No employer reviews,No apprentice reviews,
THE COLLEGES' PARTNERSHIP LIMITED,https://findapprenticeshiptraining.apprenticeships.education.gov.uk/courses/104/providers/10020932?distance=10,10020932,At apprentice's workplaceTraining at the employer's location.,No employer reviews,No apprentice reviews,
OXFORD HEALTH NHS FOUNDATION TRUST,https://findapprenticeshiptraining.apprenticeships.education.gov.uk/courses/104/providers/10021243?distance=10,10021243,Day releaseOne day a week at the provider's location.,No employer reviews,No apprentice reviews,
Alpha Gateway College,https://findapprenticeshiptraining.apprenticeships.education.gov.uk/courses/104/providers/10022070?distance=10,10022070,"At apprentice's workplaceTraining at the employer's location., Day releaseOne day a week at the provider's location.",No employer reviews,No apprentice reviews,
MTD Training Ltd,https://findapprenticeshiptraining.apprenticeships.education.gov.uk/courses/104/providers/10024659?distance=10,10024659,At apprentice's workplaceTraining at the employer's location.,No employer reviews,No apprentice reviews,
HYBRID TECHNICAL SERVICES LIMITED,https://findapprenticeshiptraining.apprenticeships.education.gov.uk/courses/104/providers/10026620?distance=10,10026620,"At apprentice's workplaceTraining at the employer's location., Block release at multiple locationsBlocks of a week or more at the provider's location., Day release at multiple locationsOne day a week at the provider's location.",No employer reviews,No apprentice reviews,
WORKFORCE TRAINING & DEVELOPMENT LTD,https://findapprenticeshiptraining.apprenticeships.education.gov.uk/courses/104/providers/10027269?distance=10,10027269,At apprentice's workplaceTraining at the employer's location.,No employer reviews,No apprentice reviews,
STARTING OFF LIMITED,https://findapprenticeshiptraining.apprenticeships.education.gov.uk/courses/104/providers/10027655?distance=10,10027655,At apprentice's workplaceTraining at the employer's location.,No employer reviews,No apprentice reviews,
TRAINING STRATEGIES LTD.,https://findapprenticeshiptraining.apprenticeships.education.gov.uk/courses/104/providers/10027873?distance=10,10027873,Day releaseOne day a week at the provider's location.,No employer reviews,No apprentice reviews,
ELEV8 TRAINING LIMITED,https://findapprenticeshiptraining.apprenticeships.education.gov.uk/courses/104/providers/10029332?distance=10,10029332,"At apprentice's workplaceTraining at the employer's location., Block releaseBlocks of a week or more at the provider's location., Day releaseOne day a week at the provider's location.",No employer reviews,No apprentice reviews,
THE WORKING KNOWLEDGE GROUP LIMITED,https://findapprenticeshiptraining.apprenticeships.education.gov.uk/courses/104/providers/10031915?distance=10,10031915,At apprentice's workplaceTraining at the employer's location.,No employer reviews,No apprentice reviews,
OASIS CARE AND TRAINING AGENCY (OCTA),https://findapprenticeshiptraining.apprenticeships.education.gov.uk/courses/104/providers/10032256?distance=10,10032256,At apprentice's workplaceTraining at the employer's location.,No employer reviews,No apprentice reviews,
PLACES FOR PEOPLE GROUP LIMITED,https://findapprenticeshiptraining.apprenticeships.education.gov.uk/courses/104/providers/10032542?distance=10,10032542,"At apprentice's workplaceTraining at the employer's location., Day release at multiple locationsOne day a week at the provider's location.",No employer reviews,No apprentice reviews,
ALL DIMENSION LIMITED,https://findapprenticeshiptraining.apprenticeships.education.gov.uk/courses/104/providers/10032555?distance=10,10032555,Day releaseOne day a week at the provider's location.,No employer reviews,No apprentice reviews,
AWC TRAINING LTD,https://findapprenticeshiptraining.apprenticeships.education.gov.uk/courses/104/providers/10033536?distance=10,10033536,"At apprentice's workplaceTraining at the employer's location., Day release at multiple locationsOne day a week at the provider's location.",No employer reviews,No apprentice reviews,
TRAIN 2 TRAIN LIMITED,https://findapprenticeshiptraining.apprenticeships.education.gov.uk/courses/104/providers/10033640?distance=10,10033640,At apprentice's workplaceTraining at the employer's location.,No employer reviews,No apprentice reviews,
BRIGHT DIRECTION TRAINING LIMITED,https://findapprenticeshiptraining.apprenticeships.education.gov.uk/courses/104/providers/10033710?distance=10,10033710,"Block releaseBlocks of a week or more at the provider's location., Day releaseOne day a week at the provider's location.",No employer reviews,No apprentice reviews,
ACADEMIES ENTERPRISE TRUST,https://findapprenticeshiptraining.apprenticeships.education.gov.uk/courses/104/providers/10033736?distance=10,10033736,At apprentice's workplaceTraining at the employer's location.,No employer reviews,No apprentice reviews,
ACTIV FIRST LIMITED,https://findapprenticeshiptraining.apprenticeships.education.gov.uk/courses/104/providers/10034423?distance=10,10034423,At apprentice's workplaceTraining at the employer's location.,No employer reviews,No apprentice reviews,
QTS-GLOBAL LTD,https://findapprenticeshiptraining.apprenticeships.education.gov.uk/courses/104/providers/10036134?distance=10,10036134,At apprentice's workplaceTraining at the employer's location.,No employer reviews,No apprentice reviews,
OTM APPRENTICESHIPS LTD,https://findapprenticeshiptraining.apprenticeships.education.gov.uk/courses/104/providers/10037170?distance=10,10037170,At apprentice's workplaceTraining at the employer's location.,No employer reviews,No apprentice reviews,
HAMPSHIRE HOSPITALS NHS FOUNDATION TRUST,https://findapprenticeshiptraining.apprenticeships.education.gov.uk/courses/104/providers/10037685?distance=10,10037685,"Block release at multiple locationsBlocks of a week or more at the provider's location., Day release at multiple locationsOne day a week at the provider's location.",No employer reviews,No apprentice reviews,
FLM TRAINING LTD,https://findapprenticeshiptraining.apprenticeships.education.gov.uk/courses/104/providers/10040440?distance=10,10040440,"At apprentice's workplaceTraining at the employer's location., Day releaseOne day a week at the provider's location.",No employer reviews,No apprentice reviews,
PROFESSIONAL QUALITY MANAGEMENT SERVICES LIMITED,https://findapprenticeshiptraining.apprenticeships.education.gov.uk/courses/104/providers/10043841?distance=10,10043841,"Block releaseBlocks of a week or more at the provider's location., Day releaseOne day a week at the provider's location.",No employer reviews,No apprentice reviews,
JAG TRAINING LIMITED,https://findapprenticeshiptraining.apprenticeships.education.gov.uk/courses/104/providers/10046672?distance=10,10046672,"At apprentice's workplaceTraining at the employer's location., Block releaseBlocks of a week or more at the provider's location., Day releaseOne day a week at the provider's location.",No employer reviews,No apprentice reviews,
IGNITE TRAINING LTD,https://findapprenticeshiptraining.apprenticeships.education.gov.uk/courses/104/providers/10048827?distance=10,10048827,"Block releaseBlocks of a week or more at the provider's location., Day releaseOne day a week at the provider's location.",No employer reviews,No apprentice reviews,
BELLEVUE EDUCATION INTERNATIONAL LIMITED,https://findapprenticeshiptraining.apprenticeships.education.gov.uk/courses/104/providers/10053301?distance=10,10053301,At apprentice's workplaceTraining at the employer's location.,No employer reviews,No apprentice reviews,
QUALIA AESTHETICS LIMITED,https://findapprenticeshiptraining.apprenticeships.education.gov.uk/courses/104/providers/10054006?distance=10,10054006,"At apprentice's workplaceTraining at the employer's location., Block releaseBlocks of a week or more at the provider's location., Day releaseOne day a week at the provider's location.",No employer reviews,No apprentice reviews,
UK SKILLS ACADEMY LIMITED,https://findapprenticeshiptraining.apprenticeships.education.gov.uk/courses/104/providers/10054946?distance=10,10054946,At apprentice's workplaceTraining at the employer's location.,No employer reviews,No apprentice reviews,
ABA PROCUREMENT LTD,https://findapprenticeshiptraining.apprenticeships.education.gov.uk/courses/104/providers/10055013?distance=10,10055013,"At apprentice's workplaceTraining at the employer's location., Day release at multiple locationsOne day a week at the provider's location.",No employer reviews,No apprentice reviews,
THE MANAGEMENT ACADEMY LTD,https://findapprenticeshiptraining.apprenticeships.education.gov.uk/courses/104/providers/10058059?distance=10,10058059,"Block releaseBlocks of a week or more at the provider's location., Day releaseOne day a week at the provider's location.",No employer reviews,No apprentice reviews,
GEM PARTNERSHIP LIMITED,https://findapprenticeshiptraining.apprenticeships.education.gov.uk/courses/104/providers/10065710?distance=10,10065710,At apprentice's workplaceTraining at the employer's location.,No employer reviews,No apprentice reviews,
PHYSICAL EDUCATION & ACTIVE KIDS LTD,https://findapprenticeshiptraining.apprenticeships.education.gov.uk/courses/104/providers/10084933?distance=10,10084933,At apprentice's workplaceTraining at the employer's location.,No employer reviews,No apprentice reviews,
Resolve ASB,https://findapprenticeshiptraining.apprenticeships.education.gov.uk/courses/104/providers/10084984?distance=10,10084984,"At apprentice's workplaceTraining at the employer's location., Day releaseOne day a week at the provider's location.",No employer reviews,No apprentice reviews,
WHITE POINT SOLUTIONS LTD,https://findapprenticeshiptraining.apprenticeships.education.gov.uk/courses/104/providers/10085944?distance=10,10085944,At apprentice's workplaceTraining at the employer's location.,No employer reviews,No apprentice reviews,
THE ACADEMY OF LEADERSHIP & MANAGEMENT LTD,https://findapprenticeshiptraining.apprenticeships.education.gov.uk/courses/104/providers/10087529?distance=10,10087529,Day releaseOne day a week at the provider's location.,No employer reviews,No apprentice reviews,
COMMUNITY MATTERS LTD.,https://findapprenticeshiptraining.apprenticeships.education.gov.uk/courses/104/providers/10088215?distance=10,10088215,"At apprentice's workplaceTraining at the employer's location., Block releaseBlocks of a week or more at the provider's location., Day releaseOne day a week at the provider's location.",No employer reviews,No apprentice reviews,
REED LEARNING LIMITED,https://findapprenticeshiptraining.apprenticeships.education.gov.uk/courses/104/providers/10088273?distance=10,10088273,At apprentice's workplaceTraining at the employer's location.,No employer reviews,No apprentice reviews,
FIERI LEADERSHIP AND DEVELOPMENT LTD,https://findapprenticeshiptraining.apprenticeships.education.gov.uk/courses/104/providers/10089666?distance=10,10089666,"At apprentice's workplaceTraining at the employer's location., Day releaseOne day a week at the provider's location.",No employer reviews,No apprentice reviews,
CASTLE & CO TRAINING LIMITED,https://findapprenticeshiptraining.apprenticeships.education.gov.uk/courses/104/providers/10091500?distance=10,10091500,At apprentice's workplaceTraining at the employer's location.,No employer reviews,No apprentice reviews,
AM 2 PM GROUP HOLDINGS LIMITED,https://findapprenticeshiptraining.apprenticeships.education.gov.uk/courses/104/providers/10092175?distance=10,10092175,At apprentice's workplaceTraining at the employer's location.,No employer reviews,No apprentice reviews,
ESTAR GROUP LIMITED,https://findapprenticeshiptraining.apprenticeships.education.gov.uk/courses/104/providers/10094773?distance=10,10094773,"At apprentice's workplaceTraining at the employer's location., Block releaseBlocks of a week or more at the provider's location., Day releaseOne day a week at the provider's location.",No employer reviews,No apprentice reviews,
PUREPAY RETAIL LIMITED,https://findapprenticeshiptraining.apprenticeships.education.gov.uk/courses/104/providers/10096016?distance=10,10096016,At apprentice's workplaceTraining at the employer's location.,No employer reviews,No apprentice reviews,
