ukprn,name,larsCode,registeredAddress,email,telephone,website,trainingOptionsListSnippet,achievementRateListSnippet,ofstedBlurb,listPageUrl
10002639,GATESHEAD COUNCIL,105,"Civic Centre, Regent Street, Gateshead, NE8 1HH",apprenticeships@gateshead.gov.uk,01914338727,https://mylearningskills.co.uk/team-leader-or-supervisor-apprenticeship-level-3-20904,At apprentice's workplace Training at the employer's location. Day release One day a week at the provider's location.,100% (out of 10 apprentices),,https://findapprenticeshiptraining.apprenticeships.education.gov.uk/courses/105/providers/10002639?distance=10
10027766,EDEN TRAINING SOLUTIONS LIMITED,105,"Wallace House, 4 Falcon Way, Welwyn Garden City, AL7 1TW",enquiries@eden-ts.com,0800 7563985,https://eden-ts.com,At apprentice's workplace Training at the employer's location.,100% (out of 10 apprentices),,https://findapprenticeshiptraining.apprenticeships.education.gov.uk/courses/105/providers/10027766?distance=10
10006963,NEW CITY COLLEGE,105,"112 Poplar High Street, London, E14 0AF",Apprenticeships@ncclondon.ac.uk,01708462738,https://www.ncclondon.ac.uk/apprenticeships,Day release One day a week at the provider's location.,100% (out of 10 apprentices),,https://findapprenticeshiptraining.apprenticeships.education.gov.uk/courses/105/providers/10006963?distance=10
10010523,SKILLS FOR SECURITY LIMITED,105,"Axis Building 4, Rhodes Way, Watford, WD24 4YW",info@skillsforsecurity.org.uk,01905744000,https://www.skills4security.com/,Block release Blocks of a week or more at the provider's location. Day release One day a week at the provider's location.,100% (out of 10 apprentices),,https://findapprenticeshiptraining.apprenticeships.education.gov.uk/courses/105/providers/10010523?distance=10
10040417,PIER TECHNOLOGY LTD,105,"43 Calthorpe Road, Edgbaston, Birmingham, B15 1TS",info@piertraining.co.uk,01217400429,http://piertraining.co.uk/,At apprentice's workplace Training at the employer's location.,100% (out of 10 apprentices),,https://findapprenticeshiptraining.apprenticeships.education.gov.uk/courses/105/providers/10040417?distance=10
10000238,ALLIANCE LEARNING,105,"The Hurst Building, Horwich Business Park, Chorley New Road, Horwich, Bolton, BL6 5UE",info@alliancelearning.com,01204 677888,https://www.alliancelearning.com/page/team-leading-apprenticeships,Day release One day a week at the provider's location.,100% (out of 10 apprentices),,https://findapprenticeshiptraining.apprenticeships.education.gov.uk/courses/105/providers/10000238?distance=10
10000850,BRADFORD CITY COUNCIL,105,"City Hall, Centenary Square, Bradford, BD1 1HY",businessdevelopment@bradford.gov.uk,01274433648,https://www.skills-for-work.co.uk/,At apprentice's workplace Training at the employer's location. Day release One day a week at the provider's location.,100% (out of 10 apprentices),,https://findapprenticeshiptraining.apprenticeships.education.gov.uk/courses/105/providers/10000850?distance=10
10001869,DAVIDSON TRAINING UK LIMITED,105,"Unit 51, Rectory Road, Globe Industrial Estate, Grays, RM17 6ST",lorrainebunyard@davidsontraining.com,01508 493639 / 07951 480169,https://www.davidsontraining.org/_files/ugd/7f7e70_2653cbe4e0f945c5a3f34d8cd84cb54e.pdf,At apprentice's workplace Training at the employer's location.,100% (out of 10 apprentices),,https://findapprenticeshiptraining.apprenticeships.education.gov.uk/courses/105/providers/10001869?distance=10
10001000,BURNLEY COLLEGE,105,"Princess Way, Burnley, BB12 0AN",Themis@burnley.ac.uk,01282 733005,https://www.instituteforapprenticeships.org/apprenticeship-standards/team-leader-or-supervisor-v1-2,Day release One day a week at the provider's location.,100% (out of 10 apprentices),,https://findapprenticeshiptraining.apprenticeships.education.gov.uk/courses/105/providers/10001000?distance=10
10004552,NELSON AND COLNE COLLEGE,105,"Scotland Road, Nelson, BB9 7YT",apprenticeships@nelsongroup.ac.uk,01282440319,https://www.accross.ac.uk/apprenticeship/business-and-professional-services-apprenticeships/,At apprentice's workplace Training at the employer's location. Day release One day a week at the provider's location.,100% (out of 10 apprentices),,https://findapprenticeshiptraining.apprenticeships.education.gov.uk/courses/105/providers/10004552?distance=10
10025197,UNIVERSITY CENTRE QUAYSIDE LIMITED,105,"Ouseburn Building, Albion Row, Newcastle Upon Tyne, NE6 1LL",chris.mccormick@ucq.ac.uk,07383836747,https://ucq.ac.uk/wp-content/uploads/2023/01/The-UCQ-Level-3-Team-Leader-Apprenticeship-Programme-Guide.v.2.2023.pdf,At apprentice's workplace Training at the employer's location. Day release at multiple locations One day a week at the provider's location.,100% (out of 10 apprentices),,https://findapprenticeshiptraining.apprenticeships.education.gov.uk/courses/105/providers/10025197?distance=10
10010584,ACCESS TRAINING (EAST MIDLANDS) LTD,105,"Cawley House, 149-155 Canal Street, Nottingham, NG1 7HR",info@atem.co.uk,01159587257,http://www.atem.co.uk,At apprentice's workplace Training at the employer's location.,100% (out of 10 apprentices),,https://findapprenticeshiptraining.apprenticeships.education.gov.uk/courses/105/providers/10010584?distance=10
10033640,TRAIN 2 TRAIN LIMITED,105,"Office 22-23, The Rear Walled Garden, The Nostell Estate Yard, Nostell, Wakefield, WF4 1AB",info@train2train.org,01302363136,https://train2train.org/events/level-3-team-leader-supervisor-apprenticeship/,At apprentice's workplace Training at the employer's location.,100% (out of 10 apprentices),,https://findapprenticeshiptraining.apprenticeships.education.gov.uk/courses/105/providers/10033640?distance=10
10063978,BYGROVE PRIMARY SCHOOL,105,"Bygrove Street, London, E14 6DN",train@letta.org.uk,020 3405 1120,https://train.letta.org.uk,Day release One day a week at the provider's location.,100% (out of 10 apprentices),,https://findapprenticeshiptraining.apprenticeships.education.gov.uk/courses/105/providers/10063978?distance=10
10001928,DERBYSHIRE COUNTY COUNCIL,105,"County Offices, Smedley Street, Matlock, DE4 3AG",workplace.learning@derbyshire.gov.uk,01629533959,https://www.derbyshire.gov.uk/education/adult-education/find-course/qualifications-skills/apprenticeships-employers/apprenticeships-for-employers.aspx,At apprentice's workplace Training at the employer's location. Day release One day a week at the provider's location.,95.2% (out of 20 apprentices),,https://findapprenticeshiptraining.apprenticeships.education.gov.uk/courses/105/providers/10001928?distance=10
10009059,ACCESS TRAINING LIMITED,105,"Chester Road, Sunderland, NE11 0JL",info@accesstraining.org,01914904646,https://www.accesstraining.org/apprenticeships-for-employers/team-leader-management/,At apprentice's workplace Training at the employer's location. Day release One day a week at the provider's location.,92.9% (out of 30 apprentices),,https://findapprenticeshiptraining.apprenticeships.education.gov.uk/courses/105/providers/10009059?distance=10
10002230,BAUER RADIO LIMITED,105,"Media House, Peterborough Business Park, Lynch Wood, Peterborough, PE2 6EA",clients@baueracademy.co.uk,01733 468000,http://baueracademy.co.uk/apprenticeships,At apprentice's workplace Training at the employer's location. Block release at multiple locations Blocks of a week or more at the provider's location. Day release at multiple locations One day a week at the provider's location.,92.9% (out of 30 apprentices),,https://findapprenticeshiptraining.apprenticeships.education.gov.uk/courses/105/providers/10002230?distance=10
10004499,NATIONAL BUSINESS COLLEGE LIMITED,105,"1 Greenhead Road, Huddersfield, HD1 4EN",office@nationalbusinesscollege.co.uk,01484430433,http://www.nationalbusinesscollege.co.uk,At apprentice's workplace Training at the employer's location. Day release One day a week at the provider's location.,92.3% (out of 10 apprentices),,https://findapprenticeshiptraining.apprenticeships.education.gov.uk/courses/105/providers/10004499?distance=10
10000878,BRIDGWATER AND TAUNTON COLLEGE,105,"Bath Road, Bridgwater, TA6 4PZ",business@btc.ac.uk,01278 665111,https://www.btc.ac.uk/find-a-course/apprenticeships/,Day release at multiple locations One day a week at the provider's location.,91.7% (out of 10 apprentices),,https://findapprenticeshiptraining.apprenticeships.education.gov.uk/courses/105/providers/10000878?distance=10
10038922,CAPITAL 4 TRAINING LIMITED,105,"Collingwood Buildings, 38 Collingwood Street, Newcastle Upon Tyne, NE1 1JF",michael.bray@capital4training.org.uk,01912619752,http://www.capital4training.org.uk,At apprentice's workplace Training at the employer's location. Block release Blocks of a week or more at the provider's location. Day release One day a week at the provider's location.,91.7% (out of 10 apprentices),,https://findapprenticeshiptraining.apprenticeships.education.gov.uk/courses/105/providers/10038922?distance=10
10037289,WORKPAYS LIMITED,105,"Springwell House, Newbold Road, Chesterfield, S41 7PS",enquiries@workpays.co.uk,0800 1979826,https://www.workpays.co.uk/apprenticeships/level-3-team-leader-supervisor/,At apprentice's workplace Training at the employer's location.,91.7% (out of 10 apprentices),,https://findapprenticeshiptraining.apprenticeships.education.gov.uk/courses/105/providers/10037289?distance=10
10022721,UNIVERSITY HOSPITALS OF LEICESTER NATIONAL HEALTH SERVICE TRUST,105,"Leicester Royal Infirmary, Infirmary Square, Leicester, LE1 5WW",Apprenticeships@uhl-tr.nhs.uk,0116 258 6112 or 0116 258 6306,https://www.leicestershospitals.nhs.uk/aboutus/work-for-us/apprenticeships/,Day release One day a week at the provider's location.,91.7% (out of 10 apprentices),,https://findapprenticeshiptraining.apprenticeships.education.gov.uk/courses/105/providers/10022721?distance=10
10007459,WESTON COLLEGE OF FURTHER AND HIGHER EDUCATION,105,"Knightstone Road, Weston-Super-Mare, BS23 2AL",apprenticeships@weston.ac.uk,01934 411 594,www.weston.ac.uk,At apprentice's workplace Training at the employer's location. Day release One day a week at the provider's location.,90.9% (out of 10 apprentices),,https://findapprenticeshiptraining.apprenticeships.education.gov.uk/courses/105/providers/10007459?distance=10
10006570,EKC GROUP,105,"Ramsgate Road, Broadstairs, CT10 1PN",apprenticeships@eastkent.ac.uk,01227811315,https://www.ekctraining.ac.uk/apprenticeships/apprenticeship-programmes/business-finance-and-travel/level-3-team-leader/,At apprentice's workplace Training at the employer's location. Day release One day a week at the provider's location.,90.9% (out of 10 apprentices),,https://findapprenticeshiptraining.apprenticeships.education.gov.uk/courses/105/providers/10006570?distance=10
10085193,Potential Realised,105,"Shorrock House, 1 Faraday Court, Fulwood, Preston, PR2 9NB",lynn@potentialrealised.co,07786626150,https://www.potentialrealised.co,Day release One day a week at the provider's location.,90% (out of 10 apprentices),,https://findapprenticeshiptraining.apprenticeships.education.gov.uk/courses/105/providers/10085193?distance=10
10003198,KINGSTON UPON HULL CITY COUNCIL,105,"The Guildhall, Alfred Gelder Street, Hull, HU1 2AA",learneradvice@hullcc.gov.uk,01482615349,http://www.hcctraining.ac.uk,Day release One day a week at the provider's location.,90% (out of 10 apprentices),,https://findapprenticeshiptraining.apprenticeships.education.gov.uk/courses/105/providers/10003198?distance=10
10061466,EQUALS TRAINING LIMITED,105,"Warton Road, Carnforth, LA5 9EX",suzanne@equalstraining.co.uk,07887426187,http://www.equalstraining.co.uk,At apprentice's workplace Training at the employer's location. Block release Blocks of a week or more at the provider's location. Day release One day a week at the provider's location.,90% (out of 10 apprentices),,https://findapprenticeshiptraining.apprenticeships.education.gov.uk/courses/105/providers/10061466?distance=10
10058059,THE MANAGEMENT ACADEMY LTD,105,"The Mill House, Aynho, Banbury, OX17 3AY",enquiries@tma.work,01869812700,http://www.tma.work/for-business#apprenticeships,Block release Blocks of a week or more at the provider's location. Day release One day a week at the provider's location.,90% (out of 10 apprentices),,https://findapprenticeshiptraining.apprenticeships.education.gov.uk/courses/105/providers/10058059?distance=10
10039882,GI GROUP RECRUITMENT LTD,105,"Unit 1f The Glass Yard, Sheffield Road, Chesterfield, S41 8JY",alison.golsworthy@tacktmiglobal.com,07918815101,https://www.tacktmi.co.uk/apprenticeship-programme/,At apprentice's workplace Training at the employer's location.,89.5% (out of 20 apprentices),,https://findapprenticeshiptraining.apprenticeships.education.gov.uk/courses/105/providers/10039882?distance=10
10007063,TRURO AND PENWITH COLLEGE,105,"College Road, Truro, TR1 3XX",apprenticeships@truro-penwith.ac.uk,01872305500,https://www.truro-penwith.ac.uk/contact-us/,Day release One day a week at the provider's location.,88.9% (out of 10 apprentices),,https://findapprenticeshiptraining.apprenticeships.education.gov.uk/courses/105/providers/10007063?distance=10
10007402,WEST BERKSHIRE TRAINING CONSORTIUM,105,"Consortium House, 7 Cheap Street, Newbury, RG14 5DD",rachel@wbtc-uk.com,0163535975,http://wbtc-uk.com,At apprentice's workplace Training at the employer's location. Day release One day a week at the provider's location.,88% (out of 30 apprentices),,https://findapprenticeshiptraining.apprenticeships.education.gov.uk/courses/105/providers/10007402?distance=10
10004344,MIDDLESBROUGH COLLEGE,105,"Dock Street, Middlesbrough, TS2 1AD",m.abid@mbro.ac.uk,01642 333432,https://www.northernskills.co.uk/apprentices/become-an-apprentice/apprenticeship-standards/,Day release One day a week at the provider's location.,88% (out of 30 apprentices),,https://findapprenticeshiptraining.apprenticeships.education.gov.uk/courses/105/providers/10004344?distance=10
10006038,SOUTHPORT COLLEGE,105,"Mornington Road, Southport, PR9 0TT",employer@southport.ac.uk,01704392874,https://www.southport.ac.uk/about/apprenticeship-leaflets,Day release One day a week at the provider's location.,87.5% (out of 10 apprentices),,https://findapprenticeshiptraining.apprenticeships.education.gov.uk/courses/105/providers/10006038?distance=10
10007851,UNIVERSITY OF DERBY,105,"Kedleston Road, Derby, DE22 1GB",feapprenticeships@blc.ac.uk,08000740099,https://www.blc.ac.uk/apprenticeships/,Day release at multiple locations One day a week at the provider's location.,87.5% (out of 10 apprentices),,https://findapprenticeshiptraining.apprenticeships.education.gov.uk/courses/105/providers/10007851?distance=10
10032740,LEARNING SKILLS PARTNERSHIP LTD,105,"16 Waterside Business Park, Livingstone Road, Hessle, HU13 0EG",info@learningskillspartnership.com,01482 338844,http://www.learningskillspartnership.com,At apprentice's workplace Training at the employer's location.,86.7% (out of 20 apprentices),,https://findapprenticeshiptraining.apprenticeships.education.gov.uk/courses/105/providers/10032740?distance=10
10004601,NEWCASTLE UPON TYNE CITY COUNCIL,105,"Civic Centre, Newcastle Upon Tyne, NE1 8QH",nclapprenticeships@newcastle.gov.uk,0191 2773506,http://www.newcastlecitylearning.ac.uk/index.php/employers,At apprentice's workplace Training at the employer's location. Day release One day a week at the provider's location.,86.7% (out of 20 apprentices),,https://findapprenticeshiptraining.apprenticeships.education.gov.uk/courses/105/providers/10004601?distance=10
10007938,TEC PARTNERSHIP,105,"Nuns Corner, Grimsby, DN34 5BQ",myapprenticeship@grimsby.ac.uk,01472 311222,https://grimsby.ac.uk/,At apprentice's workplace Training at the employer's location.,85.7% (out of 10 apprentices),,https://findapprenticeshiptraining.apprenticeships.education.gov.uk/courses/105/providers/10007938?distance=10
10007924,DUDLEY COLLEGE OF TECHNOLOGY,105,"The Broadway, Dudley, DY1 4AS",employerservices@dudleycol.ac.uk,01384 363 808,https://dudleycol.ac.uk/apprentices/,At apprentice's workplace Training at the employer's location. Day release One day a week at the provider's location.,85.7% (out of 70 apprentices),,https://findapprenticeshiptraining.apprenticeships.education.gov.uk/courses/105/providers/10007924?distance=10
10007167,UNIVERSITY OF YORK,105,"Heslington, York, YO10 5DD",apprenticeships@york.ac.uk,01904 322480,https://www.york.ac.uk/study/apprenticeships/,Day release One day a week at the provider's location.,85.7% (out of 10 apprentices),,https://findapprenticeshiptraining.apprenticeships.education.gov.uk/courses/105/providers/10007167?distance=10
10058228,THE PRIORY FEDERATION OF ACADEMIES,105,"23 Cross O'cliff Hill, Lincoln, LN5 8PW",nhayward@prioryacademies.co.uk,01522882800,https://www.prioryapprenticeships.co.uk/,Day release One day a week at the provider's location.,85.7% (out of 10 apprentices),,https://findapprenticeshiptraining.apprenticeships.education.gov.uk/courses/105/providers/10058228?distance=10
10054055,ASPIRE DEVELOPMENT (UK) LTD,105,"85 Great Portland Street, London, W1W 7LT",office@aspiredevelopment.co.uk,01422241964,https://aspiredevelopment.co.uk/Apprenticeship-qualifications/,At apprentice's workplace Training at the employer's location.,85.3% (out of 70 apprentices),,https://findapprenticeshiptraining.apprenticeships.education.gov.uk/courses/105/providers/10054055?distance=10
10000840,BRADFORD COLLEGE,105,"Bradford Campus, Great Horton Road, Bradford, BD7 1AY",n.betteridge@bradfordcollege.ac.uk,01274 728316,https://www.bradfordcollege.ac.uk/courses/team-leader-supervisor-level-3-apprenticeship/,Day release One day a week at the provider's location.,84.6% (out of 10 apprentices),,https://findapprenticeshiptraining.apprenticeships.education.gov.uk/courses/105/providers/10000840?distance=10
10004257,MCARTHUR DEAN TRAINING LIMITED,105,"Old Custom House, Market Place, Hull, HU1 1RS",info@mcarthurdean.co.uk,01482 210093,https://www.mcarthurdean.co.uk,At apprentice's workplace Training at the employer's location. Day release at multiple locations One day a week at the provider's location.,84.6% (out of 10 apprentices),,https://findapprenticeshiptraining.apprenticeships.education.gov.uk/courses/105/providers/10004257?distance=10
10001475,CITY OF SUNDERLAND COLLEGE,105,"Bede Centre, Durham Road, Sunderland, SR3 4AH",info@educationpartnershipne.ac.uk,01915116484,https://educationpartnershipne.ac.uk/employers/our-offer/apprenticeships/,At apprentice's workplace Training at the employer's location.,83.7% (out of 50 apprentices),,https://findapprenticeshiptraining.apprenticeships.education.gov.uk/courses/105/providers/10001475?distance=10
10047356,TOTAL TRAINING PROVISION LIMITED,105,"Medina House, 2 Station Avenue, Bridlington, YO16 4LZ",info@total-tp.com,0800 038 5666,https://www.total-tp.com/apprenticeships/employer/,At apprentice's workplace Training at the employer's location.,83.3% (out of 40 apprentices),,https://findapprenticeshiptraining.apprenticeships.education.gov.uk/courses/105/providers/10047356?distance=10
10006341,THE EDUCATION TRAINING COLLECTIVE,105,"Harvard Avenue, Thornaby, Stockton-On-Tees, TS17 6FB",business@the-etc.ac.uk,01642865581,https://www.stockton.ac.uk/for-business/apprenticeships-for-business,At apprentice's workplace Training at the employer's location. Day release One day a week at the provider's location.,83.3% (out of 10 apprentices),,https://findapprenticeshiptraining.apprenticeships.education.gov.uk/courses/105/providers/10006341?distance=10
10036578,THE APPRENTICE ACADEMY LIMITED,105,"St. James Buildings, 79 Oxford Street, Manchester, M1 6FQ",ContactUs@theapprenticeacademy.co.uk,01612001673,https://theapprenticeacademy.co.uk/apprenticeships/team-leader-apprenticeship/,At apprentice's workplace Training at the employer's location.,83.3% (out of 20 apprentices),,https://findapprenticeshiptraining.apprenticeships.education.gov.uk/courses/105/providers/10036578?distance=10
10000610,BEDFORD COLLEGE,105,"Cauldwell Street, Bedford, MK42 9AH",training@bedford.ac.uk,01234291747,https://bedfordcollegegroup.ac.uk/courses/team-leader-supervisor-apprenticeship-level-3-standard-be115/,At apprentice's workplace Training at the employer's location. Day release at multiple locations One day a week at the provider's location.,83.3% (out of 10 apprentices),,https://findapprenticeshiptraining.apprenticeships.education.gov.uk/courses/105/providers/10000610?distance=10
10007500,WIGAN AND LEIGH COLLEGE,105,"Parsons Walk, Wigan, WN1 1RS",employerengagement@wigan-leigh.ac.uk,01942 761851,https://www.wigan-leigh.ac.uk/apprenticeships,At apprentice's workplace Training at the employer's location.,83.3% (out of 10 apprentices),,https://findapprenticeshiptraining.apprenticeships.education.gov.uk/courses/105/providers/10007500?distance=10
10007928,SOUTH HAMPSHIRE COLLEGE GROUP,105,"Bishopsfield Road, Fareham, PO14 1NH",business@shcg.ac.uk,01329 815 153,https://shcg.ac.uk/business-partnerships/,At apprentice's workplace Training at the employer's location. Day release One day a week at the provider's location.,83.3% (out of 10 apprentices),,https://findapprenticeshiptraining.apprenticeships.education.gov.uk/courses/105/providers/10007928?distance=10
10010635,SANDWELL AND WEST BIRMINGHAM HOSPITALS NATIONAL HEALTH SERVICE TRUST,105,"City Hospital, Dudley Road, Birmingham, B18 7QH",maxine.griffiths@nhs.net,07972 288117,http://www.swbh.nhs.uk/work-for-us/the-learning-works,Day release One day a week at the provider's location.,83.3% (out of 10 apprentices),,https://findapprenticeshiptraining.apprenticeships.education.gov.uk/courses/105/providers/10010635?distance=10
10005946,SOLIHULL COLLEGE AND UNIVERSITY CENTRE,105,"Blossomfield Road, Solihull, B91 1SB",apprenticeships@solihull.ac.uk,01216787181,https://www.solihull.ac.uk/demographic/apprentices/category/business-2/course/apprenticeship-team-leader-supervisor/,Day release at multiple locations One day a week at the provider's location.,81.8% (out of 10 apprentices),,https://findapprenticeshiptraining.apprenticeships.education.gov.uk/courses/105/providers/10005946?distance=10
10003872,LEICESTERSHIRE COUNTY COUNCIL,105,"County Hall, Leicester Road, Glenfield, Leicester, LE3 8RA",Alison.Pickering@leics.gov.uk,0116 305 2434,https://golearnleicestershire.ac.uk/courses/work-based-learning/,At apprentice's workplace Training at the employer's location.,81.8% (out of 10 apprentices),,https://findapprenticeshiptraining.apprenticeships.education.gov.uk/courses/105/providers/10003872?distance=10
10000712,UNIVERSITY COLLEGE BIRMINGHAM,105,"Summer Row, Birmingham, B3 1JB",apprenticeships@ucb.ac.uk,01212324091,https://www.ucb.ac.uk,At apprentice's workplace Training at the employer's location. Day release One day a week at the provider's location.,81.6% (out of 50 apprentices),,https://findapprenticeshiptraining.apprenticeships.education.gov.uk/courses/105/providers/10000712?distance=10
10003026,HEREFORDSHIRE AND WORCESTERSHIRE GROUP TRAINING ASSOCIATION LIMITED,105,"Holmer Road, Hereford, HR4 9SX",sharon.barley@hwgta.org,01432274310,https://www.hwgta.org/appenticeships/leadership-management/,Day release at multiple locations One day a week at the provider's location.,81.4% (out of 40 apprentices),,https://findapprenticeshiptraining.apprenticeships.education.gov.uk/courses/105/providers/10003026?distance=10
10005064,PETA LIMITED,105,"Unit 1, Access Point, Northarbour Road, Cosham, Portsmouth, PO6 3TE",apprenticeships@peta.co.uk,02392 538724,http://www.peta.co.uk/53/apprenticeships,Day release One day a week at the provider's location.,81.3% (out of 20 apprentices),,https://findapprenticeshiptraining.apprenticeships.education.gov.uk/courses/105/providers/10005064?distance=10
10031399,J G W TRAINING LIMITED,105,"2 Dronfield Court, Wards Yard, Dronfield, S18 1NQ",hello@ascento.co.uk,01246 903215,http://www.ascento.co.uk,At apprentice's workplace Training at the employer's location.,81.3% (out of 30 apprentices),,https://findapprenticeshiptraining.apprenticeships.education.gov.uk/courses/105/providers/10031399?distance=10
10000976,BUCKINGHAMSHIRE COUNCIL,105,"County Hall, Walton Street, Aylesbury, HP20 1UA",inbusiness@buckinghamshire.gov.uk,01296387644,https://www.adultlearningbc.ac.uk/apprentices/,At apprentice's workplace Training at the employer's location. Day release One day a week at the provider's location.,80% (out of 10 apprentices),,https://findapprenticeshiptraining.apprenticeships.education.gov.uk/courses/105/providers/10000976?distance=10
10065422,CITY SKILLS LIMITED,105,"Suite 211a, Peel House, London Road, Morden, SM4 5BT",Trainingenquiries@city-skills.com,02038704836,https://city-skills.com/team-leader-supervisor-level-3-2/,At apprentice's workplace Training at the employer's location. Block release at multiple locations Blocks of a week or more at the provider's location. Day release at multiple locations One day a week at the provider's location.,80% (out of 10 apprentices),,https://findapprenticeshiptraining.apprenticeships.education.gov.uk/courses/105/providers/10065422?distance=10
10007339,WARRINGTON & VALE ROYAL COLLEGE,105,"Winwick Road Campus, Winwick Road, Warrington, WA2 8QA",apprenticeships@wvr.ac.uk,01925494271,https://wvr.ac.uk/study/level-3-team-leader-supervisor-apprenticeship,At apprentice's workplace Training at the employer's location. Block release at multiple locations Blocks of a week or more at the provider's location.,80% (out of 10 apprentices),,https://findapprenticeshiptraining.apprenticeships.education.gov.uk/courses/105/providers/10007339?distance=10
10040391,BRAGD LLP,105,"1 George Square, Castle Brae, Dunfermline, KY11 8PL",pam@bragd.co.uk,020 4576 0290,https://www.bragd.co.uk/team-leader/,At apprentice's workplace Training at the employer's location. Block release at multiple locations Blocks of a week or more at the provider's location. Day release at multiple locations One day a week at the provider's location.,80% (out of 10 apprentices),,https://findapprenticeshiptraining.apprenticeships.education.gov.uk/courses/105/providers/10040391?distance=10
10001093,CALDERDALE COLLEGE,105,"Francis Street, Halifax, HX1 3UZ",apprenticeships@calderdale.ac.uk,01422 418430,https://www.calderdale.ac.uk/courses/team-leadersupervisor-advanced-apprenticeship/,Day release One day a week at the provider's location.,80% (out of 20 apprentices),,https://findapprenticeshiptraining.apprenticeships.education.gov.uk/courses/105/providers/10001093?distance=10
10003867,LEICESTER COLLEGE,105,"Freemen's Park Campus, Welford Road, Leicester, LE2 7LW",info@leicestercollege.ac.uk,01162242240,http://www.leicestercollege.ac.uk/courses/subjects/apprenticeships/,Day release One day a week at the provider's location.,80% (out of 10 apprentices),,https://findapprenticeshiptraining.apprenticeships.education.gov.uk/courses/105/providers/10003867?distance=10
10005575,RUNSHAW COLLEGE,105,"Langdale Road, Leyland, PR25 3DQ",apprenticeships@runshaw.ac.uk,01772 643008,https://www.runshaw.ac.uk/course-programme/apprenticeship/,At apprentice's workplace Training at the employer's location.,80% (out of 10 apprentices),,https://findapprenticeshiptraining.apprenticeships.education.gov.uk/courses/105/providers/10005575?distance=10
10007916,THE COLLEGE OF WEST ANGLIA,105,"Tennyson Avenue, King's Lynn, PE30 2QW",apprenticeships@cwa.ac.uk,01553 815280,http://www.cwa.ac.uk/apprenticeships/team-leader-or-supervisor-apprenticeship-standard-level-3,Day release One day a week at the provider's location.,78.9% (out of 20 apprentices),,https://findapprenticeshiptraining.apprenticeships.education.gov.uk/courses/105/providers/10007916?distance=10
10000536,BARNSLEY COLLEGE,105,"Church Street, Barnsley, S70 2AX",employer@barnsley.ac.uk,01226 216 166,https://www.barnsley.ac.uk/course/12440/,Block release Blocks of a week or more at the provider's location. Day release One day a week at the provider's location.,78.9% (out of 20 apprentices),,https://findapprenticeshiptraining.apprenticeships.education.gov.uk/courses/105/providers/10000536?distance=10
10004603,NEWCASTLE AND STAFFORD COLLEGES GROUP,105,"Knutton Lane, Newcastle, ST5 2GB",apprenticeships@nscg.ac.uk,01782254287,https://nscg.ac.uk/study/course-departments/business-professional-studies/team-leader-supervisor-advanced-apprenticeship-standard,At apprentice's workplace Training at the employer's location. Day release at multiple locations One day a week at the provider's location.,78.6% (out of 10 apprentices),,https://findapprenticeshiptraining.apprenticeships.education.gov.uk/courses/105/providers/10004603?distance=10
10039242,TRS TRAINING LIMITED,105,"4 Micklehead Business Village, St. Michaels Road, St. Helens, WA9 4YU",info@trstraining.net,01744809010,http://www.trstrainingltd.com,At apprentice's workplace Training at the employer's location. Block release at multiple locations Blocks of a week or more at the provider's location. Day release at multiple locations One day a week at the provider's location.,78.6% (out of 40 apprentices),,https://findapprenticeshiptraining.apprenticeships.education.gov.uk/courses/105/providers/10039242?distance=10
10084678,CHILDBASE PARTNERSHIP LIMITED,105,"Kingston House, Northampton Road, Newport Pagnell, MK16 8NJ",info@edubaseacademy.com,+447840851490,https://edubaseacademy.com/,At apprentice's workplace Training at the employer's location. Day release One day a week at the provider's location.,78.3% (out of 20 apprentices),,https://findapprenticeshiptraining.apprenticeships.education.gov.uk/courses/105/providers/10084678?distance=10
10005426,HOUSE OF CLIVE (HAIR AND BEAUTY) LIMITED,105,"26 Oakfield Road, Clifton, Bristol, BS8 2AT",Annie@nextlevel-training.co.uk,01179221440,https://www.nextleveltraining.uk.com/,Block release at multiple locations Blocks of a week or more at the provider's location. Day release at multiple locations One day a week at the provider's location.,77.8% (out of 50 apprentices),,https://findapprenticeshiptraining.apprenticeships.education.gov.uk/courses/105/providers/10005426?distance=10
10002244,SHEFFIELD CITY COUNCIL,105,"Town Hall, Pinstone Street, Sheffield, S1 2HH",Terry.Mitchell@sheffield.gov.uk,01142735958,http://www.lifelonglearningandskills.org/contact-us/contact-us,At apprentice's workplace Training at the employer's location.,77.8% (out of 10 apprentices),,https://findapprenticeshiptraining.apprenticeships.education.gov.uk/courses/105/providers/10002244?distance=10
10015933,ALAN HESTER ASSOCIATES LIMITED,105,"3 Forge House, Summerleys Road, Princes Risborough, HP27 9DT",alan@alanhester.co.uk,07970522760,https://alanhester.co.uk/apprenticeships/,At apprentice's workplace Training at the employer's location.,77.8% (out of 10 apprentices),,https://findapprenticeshiptraining.apprenticeships.education.gov.uk/courses/105/providers/10015933?distance=10
10005457,REWARDS TRAINING RECRUITMENT CONSULTANCY LIMITED,105,"Pinnacle, Station Way, Crawley, RH10 1JH",jane.williams@rewardstraining.co.uk,01293562651,https://www.rewardstraining.co.uk/team-leader-supervisor-level-3-apprenticeship,At apprentice's workplace Training at the employer's location.,77.3% (out of 20 apprentices),,https://findapprenticeshiptraining.apprenticeships.education.gov.uk/courses/105/providers/10005457?distance=10
10006840,THE UNIVERSITY OF BIRMINGHAM,105,"Edgbaston, Birmingham, B15 2TT",pod@contacts.bham.ac.uk,01214143693,https://www.birmingham.ac.uk/study/degree-apprenticeships,At apprentice's workplace Training at the employer's location.,77.3% (out of 20 apprentices),,https://findapprenticeshiptraining.apprenticeships.education.gov.uk/courses/105/providers/10006840?distance=10
10031127,KINGDOM ACADEMY LIMITED,105,"Kingdom House, 1 Ashton Road, Woodlands Park, Newton-Le-Willows, WA12 0HF",matthew.hoyle@kingdom-academy.co.uk,01744 412427,https://kingdom-academy.co.uk/programmes/level-3-team-leader/,Day release One day a week at the provider's location.,75.9% (out of 30 apprentices),,https://findapprenticeshiptraining.apprenticeships.education.gov.uk/courses/105/providers/10031127?distance=10
10030249,SKILLS EDGE TRAINING LTD,105,"C/O Murrells Limited, 69-75 Thorpe Road, Norwich, NR1 1UA",info@skillsedge.co.uk,03333583559,https://skillsedge.co.uk/team-leader-supervisor/,At apprentice's workplace Training at the employer's location.,75% (out of 10 apprentices),,https://findapprenticeshiptraining.apprenticeships.education.gov.uk/courses/105/providers/10030249?distance=10
10007817,CHICHESTER COLLEGE GROUP,105,"Westgate Fields, Chichester, PO19 1SB",apprenticeships@chigroup.ac.uk,01243812948,https://www.chigroup.ac.uk/services/apprenticeships,At apprentice's workplace Training at the employer's location. Day release One day a week at the provider's location.,75% (out of 20 apprentices),,https://findapprenticeshiptraining.apprenticeships.education.gov.uk/courses/105/providers/10007817?distance=10
10003753,LAKES COLLEGE WEST CUMBRIA,105,"Hallwood Road, Lillyhall Industrial Estate Lillyhall, Workington, CA14 4JN",admissions@lcwc.ac.uk,01946 839300,https://www.lcwc.ac.uk/courses-careers/,Day release One day a week at the provider's location.,75% (out of 10 apprentices),,https://findapprenticeshiptraining.apprenticeships.education.gov.uk/courses/105/providers/10003753?distance=10
10005032,SALFORD CITY COLLEGE,105,"Dronfield Road, Salford, M6 7FR",apprenticeships@salfordcc.ac.uk,01616315555,https://apprenticeships.salfordcc.ac.uk/,At apprentice's workplace Training at the employer's location. Day release One day a week at the provider's location.,73.8% (out of 40 apprentices),,https://findapprenticeshiptraining.apprenticeships.education.gov.uk/courses/105/providers/10005032?distance=10
10026397,THE NVQ TRAINING CENTRE LIMITED,105,"Park Business Centre, Wood Lane, Erdington, Birmingham, B24 9QR",rachel@apprenticeship-centre.co.uk,0121 386 6602,http://www.apprenticeship-centre.co.uk,At apprentice's workplace Training at the employer's location.,73.7% (out of 20 apprentices),,https://findapprenticeshiptraining.apprenticeships.education.gov.uk/courses/105/providers/10026397?distance=10
10058111,FUEL LEARNING LIMITED,105,"9a Main Street, Market Bosworth, Nuneaton, CV13 0JN",info@fuellearning.com,01216511200,https://fuellearning.com/apprenticeship-programmes/,At apprentice's workplace Training at the employer's location. Day release One day a week at the provider's location.,73.5% (out of 470 apprentices),,https://findapprenticeshiptraining.apprenticeships.education.gov.uk/courses/105/providers/10058111?distance=10
10003317,INSTEP UK LIMITED,105,"St. James Business Centre, Wilderspool Causeway, Warrington, WA4 6PS",enquiries@instepuk.com,01925 980 490,www.instepuk.com,At apprentice's workplace Training at the employer's location.,73.5% (out of 230 apprentices),,https://findapprenticeshiptraining.apprenticeships.education.gov.uk/courses/105/providers/10003317?distance=10
10061407,CORNDEL LIMITED,105,"80 Old Street, London, EC1V 9AZ",info@corndel.com,020 8102 9040,https://www.corndel.com/course/level-3-diploma-in-management/,At apprentice's workplace Training at the employer's location. Block release at multiple locations Blocks of a week or more at the provider's location. Day release at multiple locations One day a week at the provider's location.,73.4% (out of 1190 apprentices),,https://findapprenticeshiptraining.apprenticeships.education.gov.uk/courses/105/providers/10061407?distance=10
10056013,MERCURI INTERNATIONAL (UK) LIMITED,105,"2nd Floor, Unicorn House, Station Close, Potters Bar, EN6 1TL",apprenticeships@mercuri.co.uk,0330 9000 800,https://mercuri.co.uk/leadership-apprenticeships/,At apprentice's workplace Training at the employer's location.,73.3% (out of 30 apprentices),,https://findapprenticeshiptraining.apprenticeships.education.gov.uk/courses/105/providers/10056013?distance=10
10058012,ACCIPIO LIMITED,105,"Mercer House, 15 High Street, Redbourn, St. Albans, AL3 7LE",ask@accipio.com,02071172690,https://www.accipio.com/management-apprenticeships/,At apprentice's workplace Training at the employer's location. Block release Blocks of a week or more at the provider's location. Day release One day a week at the provider's location.,73.2% (out of 40 apprentices),,https://findapprenticeshiptraining.apprenticeships.education.gov.uk/courses/105/providers/10058012?distance=10
10031146,SR APPRENTICESHIPS LIMITED,105,"1 Pinnacle Way, Pride Park, Derby, DE24 8ZS",hello@sr-apprenticeships.co.uk,0194920976,http://www.sr-apprenticeships.co.uk,At apprentice's workplace Training at the employer's location.,73.2% (out of 140 apprentices),,https://findapprenticeshiptraining.apprenticeships.education.gov.uk/courses/105/providers/10031146?distance=10
10025429,RAISE THE BAR LIMITED,105,"13a Tiger Court, Kings Business Park, Kings Drive, Prescot, L34 1PJ",enquiries@raisethebar.co.uk,02031377353,https://raisethebar.co.uk/leadership-apprenticeships/excelling-in-team-leadership/,At apprentice's workplace Training at the employer's location.,73.1% (out of 220 apprentices),,https://findapprenticeshiptraining.apprenticeships.education.gov.uk/courses/105/providers/10025429?distance=10
10003558,KENDAL COLLEGE,105,"Milnthorpe Road, Kendal, LA9 5AY",Apprenticeships@kendal.ac.uk,01539814700,www.kendal.ac.uk,Day release One day a week at the provider's location.,72.7% (out of 10 apprentices),,https://findapprenticeshiptraining.apprenticeships.education.gov.uk/courses/105/providers/10003558?distance=10
10005200,PRESTON COLLEGE,105,"Fulwood Campus, St Vincent’S Road, Fulwood, Preston, PR2 8UR",employerenquiry@preston.ac.uk,01772 225768,https://www.preston.ac.uk/courses/apprenticeships/leadership-and-management/410,Day release One day a week at the provider's location.,72.2% (out of 20 apprentices),,https://findapprenticeshiptraining.apprenticeships.education.gov.uk/courses/105/providers/10005200?distance=10
10021755,TOTAL PEOPLE LIMITED,105,"Whitworth House, Ashton Old Road, Manchester, M11 2WH",enquiries@totalpeople.co.uk,03333222666,https://www.totalpeople.co.uk/sectors/management/,At apprentice's workplace Training at the employer's location.,72.2% (out of 20 apprentices),,https://findapprenticeshiptraining.apprenticeships.education.gov.uk/courses/105/providers/10021755?distance=10
10025961,CQM TRAINING AND CONSULTANCY LIMITED,105,"Harborough Grow On Centre, 34 Compass Point, Market Harborough, LE16 9HW",sales@cqmltd.co.uk,0114 281 3747,http://www.cqmltd.co.uk,At apprentice's workplace Training at the employer's location. Block release Blocks of a week or more at the provider's location. Day release One day a week at the provider's location.,72% (out of 30 apprentices),,https://findapprenticeshiptraining.apprenticeships.education.gov.uk/courses/105/providers/10025961?distance=10
10003919,THELIGHTBULB LTD,105,"2nd Floor, Quadrant House, 250 Kennington Lane, London, SE11 5RD",education@getsetuk.co.uk,01268 270 648,https://www.getsetuk.co.uk/for-you/apprenticeships/become-an-apprentice/,At apprentice's workplace Training at the employer's location. Day release One day a week at the provider's location.,71.4% (out of 10 apprentices),,https://findapprenticeshiptraining.apprenticeships.education.gov.uk/courses/105/providers/10003919?distance=10
10032119,SOUTH WEST ASSOCIATION OF TRAINING PROVIDERS LIMITED,105,"Blackbrook Park Avenue, Taunton, TA1 2PX",info@swatpro.org.uk,01392437659,https://www.swatpro.org.uk/training/business-and-leadership-skills/,At apprentice's workplace Training at the employer's location. Day release at multiple locations One day a week at the provider's location.,71.4% (out of 10 apprentices),,https://findapprenticeshiptraining.apprenticeships.education.gov.uk/courses/105/providers/10032119?distance=10
10003197,HULL BUSINESS TRAINING CENTRE LIMITED,105,"2 Charlotte Street Mews, Hull, HU1 3BP",info@hbtc.co.uk,01482 211714,https://hbtc.co.uk/,Day release at multiple locations One day a week at the provider's location.,71.4% (out of 30 apprentices),,https://findapprenticeshiptraining.apprenticeships.education.gov.uk/courses/105/providers/10003197?distance=10
10005999,TYNE COAST COLLEGE,105,"St. Georges Avenue, South Shields, NE34 6ET",info@tynecoast.ac.uk,01914273500,http://www.tynecoast.ac.uk,Day release One day a week at the provider's location.,71.4% (out of 10 apprentices),,https://findapprenticeshiptraining.apprenticeships.education.gov.uk/courses/105/providers/10005999?distance=10
10007431,WEST SUFFOLK COLLEGE,105,"Out Risbygate, Bury St. Edmunds, IP33 3RL",apprenticeships@wsc.ac.uk,01284716235,https://www.wsc.ac.uk/courses/business-finance-and-management/87-level-3/9006-team-leader-supervisor-level-3-21st19437,Day release at multiple locations One day a week at the provider's location.,71.4% (out of 10 apprentices),,https://findapprenticeshiptraining.apprenticeships.education.gov.uk/courses/105/providers/10007431?distance=10
10054216,MBKB LTD,105,"12 Johnson Street, Bilston, WV14 9RL",train@mbkbgroup.com,07717767679,https://www.mbkbgroup.com/,At apprentice's workplace Training at the employer's location.,71.4% (out of 30 apprentices),,https://findapprenticeshiptraining.apprenticeships.education.gov.uk/courses/105/providers/10054216?distance=10
10000560,BASINGSTOKE COLLEGE OF TECHNOLOGY,105,"Worting Road, Basingstoke, RG21 8TN",business@bcot.ac.uk,01256 306237,https://www.bcot.ac.uk/apprenticeships/,At apprentice's workplace Training at the employer's location.,71.4% (out of 10 apprentices),,https://findapprenticeshiptraining.apprenticeships.education.gov.uk/courses/105/providers/10000560?distance=10
10025909,NORTH BRISTOL NATIONAL HEALTH SERVICE TRUST,105,"Southmead Hospital, Southmead Road, Westbury-On-Trym, Bristol, BS10 5NB",apprenticeship.enquiries@nbt.nhs.uk,0117 4148007,https://www.nbt.nhs.uk/careers/career-options/apprenticeships,At apprentice's workplace Training at the employer's location.,71.4% (out of 10 apprentices),,https://findapprenticeshiptraining.apprenticeships.education.gov.uk/courses/105/providers/10025909?distance=10
10001831,DAMAR LIMITED,105,"111 Piccadilly, Manchester, M1 2HY",info@damartraining.com,01614808171,https://damartraining.com/employers/industries/management-apprenticeships/,At apprentice's workplace Training at the employer's location.,71.1% (out of 40 apprentices),,https://findapprenticeshiptraining.apprenticeships.education.gov.uk/courses/105/providers/10001831?distance=10
10005977,SOUTH DEVON COLLEGE,105,"Vantage Point, Long Road, Paignton, TQ4 7EJ",Apprenticeships@southdevon.ac.uk,0800 038 0123,https://www.southdevon.ac.uk/,At apprentice's workplace Training at the employer's location. Day release at multiple locations One day a week at the provider's location.,70.6% (out of 20 apprentices),,https://findapprenticeshiptraining.apprenticeships.education.gov.uk/courses/105/providers/10005977?distance=10
10000754,BLACKPOOL AND THE FYLDE COLLEGE,105,"Ashfield Road, Blackpool, FY2 0HB",info@blackpool.ac.uk,01253 504343,https://www.blackpool.ac.uk/course/TN00029,At apprentice's workplace Training at the employer's location. Day release One day a week at the provider's location.,70.5% (out of 40 apprentices),,https://findapprenticeshiptraining.apprenticeships.education.gov.uk/courses/105/providers/10000754?distance=10
10023085,DOVE NEST MANAGEMENT TRAINING AND DEVELOPMENT LIMITED,105,"95 King Street, Lancaster, LA1 1RH",enquiries@dovenest.co.uk,01539567878,http://www.dovenest.co.uk,Block release Blocks of a week or more at the provider's location. Day release One day a week at the provider's location.,70% (out of 50 apprentices),,https://findapprenticeshiptraining.apprenticeships.education.gov.uk/courses/105/providers/10023085?distance=10
10007553,WIRRAL METROPOLITAN COLLEGE,105,"Conway Park Campus, 10 Europa Boulevard, Birkenhead, CH41 4NT",EmployerServices@wmc.ac.uk,0151 551 7610,https://www.wmc.ac.uk/employers,At apprentice's workplace Training at the employer's location. Day release One day a week at the provider's location.,70% (out of 10 apprentices),,https://findapprenticeshiptraining.apprenticeships.education.gov.uk/courses/105/providers/10007553?distance=10
10038982,KNOWLEDGEBRIEF LIMITED,105,"85 Great Portland Street, London, W1W 7LT",enquiries@knowledgebrief.com,02045511855,https://www.knowledgebrief.com/apprenticeships/programmes,At apprentice's workplace Training at the employer's location.,69.2% (out of 110 apprentices),,https://findapprenticeshiptraining.apprenticeships.education.gov.uk/courses/105/providers/10038982?distance=10
10034128,ALWAYS CONSULT LTD,105,"7 Napoleon Drive, Bicton Heath, Shrewsbury, SY3 5PH",claire.mckelvie@ac.training,07984925892,https://ac.training/team-leader-supervisor-level-3-for-employers/,At apprentice's workplace Training at the employer's location. Block release Blocks of a week or more at the provider's location. Day release One day a week at the provider's location.,69% (out of 170 apprentices),,https://findapprenticeshiptraining.apprenticeships.education.gov.uk/courses/105/providers/10034128?distance=10
10055902,MULTIVERSE GROUP LIMITED,105,"2 Eastbourne Terrace, 5th And 6th Floors, London, W2 6LG",info@multiverse.io,02038841067,http://multiverse.io,Block release Blocks of a week or more at the provider's location.,68.9% (out of 180 apprentices),,https://findapprenticeshiptraining.apprenticeships.education.gov.uk/courses/105/providers/10055902?distance=10
10004695,DN COLLEGES GROUP,105,"The Hub, Chappell Drive, Doncaster, DN1 2RF",employertraining@dncolleges.ac.uk,01302558200,https://northlindsey.ac.uk/apprenticeships/,At apprentice's workplace Training at the employer's location. Day release at multiple locations One day a week at the provider's location.,68.8% (out of 20 apprentices),,https://findapprenticeshiptraining.apprenticeships.education.gov.uk/courses/105/providers/10004695?distance=10
10006987,TRAINING 2000 LIMITED,105,"Harris Building, Corporation Street, Preston, PR1 2HE",info@t2000.co.uk,0125454659,https://www.training2000.co.uk/apprenticeships/business/team-leader,At apprentice's workplace Training at the employer's location. Day release One day a week at the provider's location.,67.7% (out of 30 apprentices),,https://findapprenticeshiptraining.apprenticeships.education.gov.uk/courses/105/providers/10006987?distance=10
10009600,HAWK MANAGEMENT (UK) LIMITED,105,"8th Floor, Regal House, 70 London Road, Twickenham, TW1 3QS",enquiries@hawktraining.com,02098910992,https://www.hawktraining.com/apprenticeship-programmes/level-3-team-leader-supervisor-apprenticeship-programme-guide,At apprentice's workplace Training at the employer's location.,66.9% (out of 160 apprentices),,https://findapprenticeshiptraining.apprenticeships.education.gov.uk/courses/105/providers/10009600?distance=10
10064357,NC GROUP LTD,105,"Unit 3, Welbury Way, Aycliffe Business Park, Newton Aycliffe, DL5 6ZE",darren.tate@ncgroupltd.co.uk,07847889983,https://ncgroupltd.co.uk/apprenticeships/,At apprentice's workplace Training at the employer's location. Block release Blocks of a week or more at the provider's location. Day release One day a week at the provider's location.,66.7% (out of 10 apprentices),,https://findapprenticeshiptraining.apprenticeships.education.gov.uk/courses/105/providers/10064357?distance=10
10065854,MANCHESTER UNIVERSITY NHS FOUNDATION TRUST,105,-,apprenticeship.team@mft.nhs.uk,01617010184,https://mft.nhs.uk/hospitals/,At apprentice's workplace Training at the employer's location. Day release One day a week at the provider's location.,66.7% (out of 10 apprentices),,https://findapprenticeshiptraining.apprenticeships.education.gov.uk/courses/105/providers/10065854?distance=10
10046997,GLP TRAINING LTD,105,"Britannia Road, Worcester, WR1 3DF",info@glptraining.co.uk,01905670884,http://www.glptraining.co.uk,At apprentice's workplace Training at the employer's location.,66.7% (out of 30 apprentices),,https://findapprenticeshiptraining.apprenticeships.education.gov.uk/courses/105/providers/10046997?distance=10
10036143,SOUTH GLOUCESTERSHIRE AND STROUD COLLEGE,105,"Filton Avenue, Bristol, BS34 7AT",apprenticeships@sgscol.ac.uk,0800 0567 253,http://www.sgscol.ac.uk/apprenticeships/,Day release at multiple locations One day a week at the provider's location.,66.7% (out of 10 apprentices),,https://findapprenticeshiptraining.apprenticeships.education.gov.uk/courses/105/providers/10036143?distance=10
10065710,GEM PARTNERSHIP LIMITED,105,"Fernwood House, Fernwood Road, Jesmond, Newcastle Upon Tyne, NE2 1TJ",training@gem-training.com,0191 5872999,https://www.gempartnership.com,At apprentice's workplace Training at the employer's location.,66.7% (out of 10 apprentices),,https://findapprenticeshiptraining.apprenticeships.education.gov.uk/courses/105/providers/10065710?distance=10
10002976,HEART OF ENGLAND TRAINING LIMITED,105,"10 Cheyne Walk, Northampton, NN1 5PT",info@hoet.co.uk,08000281576,https://www.hoet.co.uk/apprenticeships-management/,At apprentice's workplace Training at the employer's location.,65.5% (out of 60 apprentices),,https://findapprenticeshiptraining.apprenticeships.education.gov.uk/courses/105/providers/10002976?distance=10
10045077,LEARNMORE NETWORK LIMITED,105,"238 Station Road, Addlestone, KT15 2PS",apprenticeships@learnmoreuk.com,07463816680,http://www.learnmoreuk.com,At apprentice's workplace Training at the employer's location.,65.4% (out of 130 apprentices),,https://findapprenticeshiptraining.apprenticeships.education.gov.uk/courses/105/providers/10045077?distance=10
10065872,BMS Progress LLP,105,"Europa House, 310 Europa Boulevard, Westbrook, Warrington, WA5 7XR",shaun.norcross@bmsprogress.com,01925985758,https://www.bmsprogress.com/level-3-team-leader-apprenticeship,At apprentice's workplace Training at the employer's location. Day release One day a week at the provider's location.,65.1% (out of 40 apprentices),,https://findapprenticeshiptraining.apprenticeships.education.gov.uk/courses/105/providers/10065872?distance=10
10007377,WEIR TRAINING LIMITED,105,"Alpha 319, Chobham Business Centre, Chertsey Road, Chobham, GU24 8JB",info@weirtraining.co.uk,01932567626,https://www.weirtraining.co.uk/,At apprentice's workplace Training at the employer's location.,64.7% (out of 20 apprentices),,https://findapprenticeshiptraining.apprenticeships.education.gov.uk/courses/105/providers/10007377?distance=10
10033209,SKILLWISE TRAINING UK LTD,105,"4 Beacon Court, Birmingham Road, Great Barr, Birmingham, B43 6NN",info@skillwise.biz,01217131161,http://www.skillwise.biz,At apprentice's workplace Training at the employer's location.,64.5% (out of 140 apprentices),,https://findapprenticeshiptraining.apprenticeships.education.gov.uk/courses/105/providers/10033209?distance=10
10034212,BPIF TRAINING LIMITED,105,"Unit 2, Villiers Court, Meriden Business Park Copse Drive, Coventry, CV5 9RN",training@bpif.org.uk,01676526060,https://bpif.training/,At apprentice's workplace Training at the employer's location. Block release Blocks of a week or more at the provider's location. Day release One day a week at the provider's location.,64.3% (out of 30 apprentices),,https://findapprenticeshiptraining.apprenticeships.education.gov.uk/courses/105/providers/10034212?distance=10
10001535,COLCHESTER INSTITUTE,105,"Sheepen Road, Colchester, CO3 3LL",ci.apprenticeships@colchester.ac.uk,01206 712043,http://www.colchester.ac.uk/course/management-advanced-apprenticeship/,Day release One day a week at the provider's location.,64.3% (out of 10 apprentices),,https://findapprenticeshiptraining.apprenticeships.education.gov.uk/courses/105/providers/10001535?distance=10
10003928,LINCOLN COLLEGE,105,"Monks Road, Lincoln, LN2 5HQ",employers@lincolncollege.ac.uk,01522 876285,https://www.lincolncollege.ac.uk/employers,At apprentice's workplace Training at the employer's location.,64.3% (out of 10 apprentices),,https://findapprenticeshiptraining.apprenticeships.education.gov.uk/courses/105/providers/10003928?distance=10
10028965,Learn Plus Us,105,"Room 221, Building 3, North London Business Park, Oakleigh Road South, London, N11 1GN",sales@learnplusus.co.uk,02084444304,http://www.learnplusus.co.uk,At apprentice's workplace Training at the employer's location.,64.3% (out of 10 apprentices),,https://findapprenticeshiptraining.apprenticeships.education.gov.uk/courses/105/providers/10028965?distance=10
10007659,W S TRAINING LTD.,105,"Manor Barn, Church Road, Great Barton, Bury St. Edmunds, IP31 2QR",apprenticeships@wstraining.co.uk,01284768005,https://www.wstraining.co.uk/apprenticeships,At apprentice's workplace Training at the employer's location.,64.3% (out of 10 apprentices),,https://findapprenticeshiptraining.apprenticeships.education.gov.uk/courses/105/providers/10007659?distance=10
10001515,C.M.S. VOCATIONAL TRAINING LIMITED,105,"Parr House, 26 Station Road, Batley, WF17 5SU",info@cmsvoc.co.uk,01924470477,http://www.cmsvoc.co.uk,At apprentice's workplace Training at the employer's location.,63.6% (out of 10 apprentices),,https://findapprenticeshiptraining.apprenticeships.education.gov.uk/courses/105/providers/10001515?distance=10
10029736,IGNITE SPORT UK LIMITED,105,"Court Place Farm, Marsh Lane, Headington, Oxford, OX3 0NQ",s.murphy@ignitesportuk.com,07704346073,https://www.ignitetraininguk.com,At apprentice's workplace Training at the employer's location.,63.6% (out of 10 apprentices),,https://findapprenticeshiptraining.apprenticeships.education.gov.uk/courses/105/providers/10029736?distance=10
10000452,AURELIA TRAINING LIMITED,105,"The Butts Park Arena, The Butts, Coventry, CV1 3GE",info@aureliatraining.com,01926511855,https://www.aureliatraining.com/business-and-administration/,At apprentice's workplace Training at the employer's location. Day release One day a week at the provider's location.,63.6% (out of 10 apprentices),,https://findapprenticeshiptraining.apprenticeships.education.gov.uk/courses/105/providers/10000452?distance=10
10005998,THE TRAFFORD AND STOCKPORT COLLEGE GROUP,105,"Manchester Road, West Timperley, Altrincham, WA14 5PQ",apprenticeships@tscg.ac.uk,0161 886 7461,https://trafford.tscg.ac.uk/apprenticeships-landing/,At apprentice's workplace Training at the employer's location.,63.6% (out of 10 apprentices),,https://findapprenticeshiptraining.apprenticeships.education.gov.uk/courses/105/providers/10005998?distance=10
10005927,SMART TRAINING AND RECRUITMENT LIMITED,105,"Suite 18, Mill Court Business Centre, Furrlongs, Newport, PO30 2AA",askus@smarttar.co.uk,01983 475006,https://smarttar.co.uk/apprenticeships/team-leader-supervisor-level-3/,At apprentice's workplace Training at the employer's location.,63.5% (out of 100 apprentices),,https://findapprenticeshiptraining.apprenticeships.education.gov.uk/courses/105/providers/10005927?distance=10
10062335,NINE DOTS DEVELOPMENT LIMITED,105,"Millennium Way, Prospect Place, Pride Park, Derby, DE24 8HG",jordanburke@ninedotsdevelopment.com,01332 527905,http://ninedotsdevelopment.com/Web/Qualifications,At apprentice's workplace Training at the employer's location.,63.4% (out of 90 apprentices),,https://findapprenticeshiptraining.apprenticeships.education.gov.uk/courses/105/providers/10062335?distance=10
10005735,SEETEC BUSINESS TECHNOLOGY CENTRE LIMITED,105,"75-77 Main Road, Hockley, SS5 4RG",apprenticeships@seetec.co.uk,07860 924 122,https://www.seetecoutsource.co.uk/programme/team-leader-supervisor/,At apprentice's workplace Training at the employer's location.,63.2% (out of 80 apprentices),,https://findapprenticeshiptraining.apprenticeships.education.gov.uk/courses/105/providers/10005735?distance=10
10024124,MARR CORPORATION LIMITED,105,"Fern House, Unit 1 Links Court, Fortran Road, St Mellons, Cardiff, CF3 0LT",enquiries@t2group.co.uk,02920799133,http://www.t2group.co.uk/level-3-team-leader-supervisor-apprenticeship.html,At apprentice's workplace Training at the employer's location.,63.1% (out of 150 apprentices),,https://findapprenticeshiptraining.apprenticeships.education.gov.uk/courses/105/providers/10024124?distance=10
10084912,Future Talent Learning,105,"201 Haverstock Hill, London, NW3 4QG",couses@futuretalentlearning.com,02086758851,http://www.futuretalentlearning.com/courses,At apprentice's workplace Training at the employer's location. Block release Blocks of a week or more at the provider's location. Day release One day a week at the provider's location.,63% (out of 170 apprentices),,https://findapprenticeshiptraining.apprenticeships.education.gov.uk/courses/105/providers/10084912?distance=10
10027616,LINDEN MANAGEMENT (UK) LIMITED,105,"1 Darwin Court, Sherwood Energy Village, New Ollerton, Newark, NG22 9FE",Ryan@lindenmanagement.org.uk,01777870887,http://www.lindenmanagement.org.uk,At apprentice's workplace Training at the employer's location. Block release Blocks of a week or more at the provider's location. Day release One day a week at the provider's location.,62.8% (out of 130 apprentices),,https://findapprenticeshiptraining.apprenticeships.education.gov.uk/courses/105/providers/10027616?distance=10
10026843,ELIESHA TRAINING LIMITED,105,"Newcastle House Albany Court, Newcastle Business Park, Newcastle Upon Tyne, NE4 7YB",business@eliesha.com,0191 282 2800,https://eliesha.com/management-apprenticeships/,At apprentice's workplace Training at the employer's location.,62.8% (out of 40 apprentices),,https://findapprenticeshiptraining.apprenticeships.education.gov.uk/courses/105/providers/10026843?distance=10
10034952,CROSBY MANAGEMENT TRAINING LTD,105,"Technology Centre, Wolverhampton Science Park, Glaisher Drive, Wolverhampton, WV10 9RU",info@crosbytraining.co.uk,01902837452,https://crosbytraining.co.uk/,At apprentice's workplace Training at the employer's location. Day release at multiple locations One day a week at the provider's location.,62.5% (out of 20 apprentices),,https://findapprenticeshiptraining.apprenticeships.education.gov.uk/courses/105/providers/10034952?distance=10
10061640,PMA LTD,105,"7 St. Petersgate, Stockport, SK1 1EB",enquiries@pma-uk.org,03301116459,https://pma-uk.org/workshops/pma-innovative-leader-incorporating-the-team-leader-supervisor-level-3-apprenticeship-standard/?portfolioCats=25,At apprentice's workplace Training at the employer's location.,62.5% (out of 20 apprentices),,https://findapprenticeshiptraining.apprenticeships.education.gov.uk/courses/105/providers/10061640?distance=10
10023808,S.A.M.B.,105,"2 U, Halbeath Interchange Business Park Kingseat Road, Halbeath, Dunfermline, KY11 8RY",scott@nfdt.org,01383661555,https://www.instituteforapprenticeships.org/apprenticeship-standards/team-leader-supervisor/,At apprentice's workplace Training at the employer's location.,62.5% (out of 10 apprentices),,https://findapprenticeshiptraining.apprenticeships.education.gov.uk/courses/105/providers/10023808?distance=10
10037348,INSPIRO LEARNING LIMITED,105,"Inspiro Learning Centre, Rands Lane, Armthorpe, Doncaster, DN3 3EW",contact@inspirolearning.co.uk,08007318199,https://www.inspirolearning.co.uk/,At apprentice's workplace Training at the employer's location.,62.3% (out of 70 apprentices),,https://findapprenticeshiptraining.apprenticeships.education.gov.uk/courses/105/providers/10037348?distance=10
10001156,ITEC TRAINING SOLUTIONS LTD,105,"Penarth Road, Cardiff, CF11 8TT",a.evans@itecskills.co.uk,07800550339,http://www.itecskills.co.uk,Block release Blocks of a week or more at the provider's location. Day release One day a week at the provider's location.,62.1% (out of 70 apprentices),,https://findapprenticeshiptraining.apprenticeships.education.gov.uk/courses/105/providers/10001156?distance=10
10007289,HEART OF YORKSHIRE EDUCATION GROUP,105,"Margaret Street, Wakefield, WF1 2DH",apprenticeships@heartofyorkshire.ac.uk,01924 789469,https://www.wakefield.ac.uk/study-with-us/apprenticeships,At apprentice's workplace Training at the employer's location.,61.9% (out of 20 apprentices),,https://findapprenticeshiptraining.apprenticeships.education.gov.uk/courses/105/providers/10007289?distance=10
10002806,TQ EDUCATION AND TRAINING LIMITED,105,"Shell Mex House, 80 Strand, London, WC2R 0RL",poppy.carter-mills@pearson.com,+44 (0) 207 010 2000,https://www.pearson.com/uk/web/pearsontq/apprenticeships/our-management-programmes.html,At apprentice's workplace Training at the employer's location. Block release Blocks of a week or more at the provider's location. Day release One day a week at the provider's location.,61.9% (out of 20 apprentices),,https://findapprenticeshiptraining.apprenticeships.education.gov.uk/courses/105/providers/10002806?distance=10
10062064,IODA LIMITED,105,"Ioda House, 4 Grimston Grange Offices, Grimston Park, Tadcaster, LS24 9BX",info@ioda.com,01937 831414,http://www.ioda.com,At apprentice's workplace Training at the employer's location.,61.6% (out of 70 apprentices),,https://findapprenticeshiptraining.apprenticeships.education.gov.uk/courses/105/providers/10062064?distance=10
10003768,LANCASTER AND MORECAMBE COLLEGE,105,"Morecambe Road, Lancaster, LA1 2TY",employerengagement@lmc.ac.uk,01524 521483,https://www.lmc.ac.uk/apprenticeships/apprenticeship-courses,Block release Blocks of a week or more at the provider's location. Day release One day a week at the provider's location.,61.5% (out of 10 apprentices),,https://findapprenticeshiptraining.apprenticeships.education.gov.uk/courses/105/providers/10003768?distance=10
10022627,IMPACT LEARNING & DATA SOLUTIONS LIMITED,105,"Axis 19, Axis Court, Mallard Way Riverside Business Park, Swansea Vale, Swansea, SA7 0AJ",enquiries@tlc-uk.org,01792 700611,www.tlc-uk.org,At apprentice's workplace Training at the employer's location.,61.5% (out of 10 apprentices),,https://findapprenticeshiptraining.apprenticeships.education.gov.uk/courses/105/providers/10022627?distance=10
10032616,QOMMUNICATE LTD,105,"Unit 6250, Bishops Court, Solihull Parkway, Birmingham Business Park, Birmingham, B37 7YB",d.bacon@siamogroup.com,07740378781,https://www.siamogroup.com/siamo-training/apprenticeship-offer/,At apprentice's workplace Training at the employer's location.,60.9% (out of 20 apprentices),,https://findapprenticeshiptraining.apprenticeships.education.gov.uk/courses/105/providers/10032616?distance=10
10005488,RIVERSIDE TRAINING LIMITED,105,"4-6 St. Martins Street, Hereford, HR2 7RE",louise@riverside-training.co.uk,01432 359244,https://riverside-training.co.uk/qualifications/level-3-team-leader/,At apprentice's workplace Training at the employer's location.,60.3% (out of 60 apprentices),,https://findapprenticeshiptraining.apprenticeships.education.gov.uk/courses/105/providers/10005488?distance=10
10002370,EXETER COLLEGE,105,"Hele Road, Exeter, EX4 4JS",apprentices@exe-coll.ac.uk,01392400800,https://exe-coll.ac.uk/course/team-leader-and-supervisor-advanced-apprenticeship/,At apprentice's workplace Training at the employer's location. Day release One day a week at the provider's location.,60% (out of 40 apprentices),,https://findapprenticeshiptraining.apprenticeships.education.gov.uk/courses/105/providers/10002370?distance=10
10032396,ENCOMPASS CONSULTANCY LIMITED,105,"9th Floor, 107 Cheapside, London, EC2V 6DN",enquiries.academy@connexin.co.uk,01482222463,https://www.connexin.co.uk/training-academy,At apprentice's workplace Training at the employer's location. Day release One day a week at the provider's location.,60% (out of 110 apprentices),,https://findapprenticeshiptraining.apprenticeships.education.gov.uk/courses/105/providers/10032396?distance=10
10083283,CLEAR QUALITY LIMITED,105,"Unit 3 The Gallery, Concept Court, Manvers, Rotherham, S63 5BD",training@clearquality.co.uk,01709918501,https://www.clearquality.co.uk/welcome-to-clear-quality-apprenticeships,At apprentice's workplace Training at the employer's location.,60% (out of 20 apprentices),,https://findapprenticeshiptraining.apprenticeships.education.gov.uk/courses/105/providers/10083283?distance=10
10005128,CITY COLLEGE PLYMOUTH,105,"Kings Road, Devonport, Plymouth, PL1 5QG",info@cityplym.ac.uk,01752 305300,-,At apprentice's workplace Training at the employer's location.,60% (out of 10 apprentices),,https://findapprenticeshiptraining.apprenticeships.education.gov.uk/courses/105/providers/10005128?distance=10
10006942,ASPIRE TRAINING TEAM LIMITED,105,"3 Wollaston Road, Bournemouth, BH6 4AR",sales@aspiretrainingteam.co.uk,01202551553,https://www.aspiretrainingteam.co.uk/,At apprentice's workplace Training at the employer's location.,60% (out of 10 apprentices),,https://findapprenticeshiptraining.apprenticeships.education.gov.uk/courses/105/providers/10006942?distance=10
10053869,LIGHTHOUSE (TRAINING AND DEVELOPMENT) LTD,105,"13 Riduna Park, Station Road, Melton, Woodbridge, IP12 1QT",gill@lighthouse-group.co.uk,0333 323 9690,http://www.lighthouse-group.co.uk,Day release One day a week at the provider's location.,59.8% (out of 100 apprentices),,https://findapprenticeshiptraining.apprenticeships.education.gov.uk/courses/105/providers/10053869?distance=10
10024833,NTG TRAINING LTD,105,"Office 3, The Meadows, Church Road, Dodleston, Chester, CH4 9NG",lee.morris@ntgtraining.co.uk,01244678100,https://ntgtraining.co.uk/team-leader-supervisor-level-3-apprenticeship/,At apprentice's workplace Training at the employer's location.,59.3% (out of 30 apprentices),,https://findapprenticeshiptraining.apprenticeships.education.gov.uk/courses/105/providers/10024833?distance=10
10026094,VALKYRIE SUPPORT SERVICES LTD,105,"26 Station Road, Gloucester, GL1 1EW",info@valkyrietraining.co.uk,0330 236 9118,https://valkyrietraining.co.uk/,At apprentice's workplace Training at the employer's location.,59.1% (out of 20 apprentices),,https://findapprenticeshiptraining.apprenticeships.education.gov.uk/courses/105/providers/10026094?distance=10
10004927,ACTIVATE LEARNING,105,"Oxpens Road, Oxford, OX1 1SA",hello@activateapprenticeships.co.uk,01865551015,https://activateapprenticeships.co.uk/activate-business-school/courses/,At apprentice's workplace Training at the employer's location. Block release Blocks of a week or more at the provider's location. Day release at multiple locations One day a week at the provider's location.,58.6% (out of 170 apprentices),,https://findapprenticeshiptraining.apprenticeships.education.gov.uk/courses/105/providers/10004927?distance=10
10012467,HIT TRAINING LTD,105,"Suite F4, Blue Sky Business Centre, 25 Cecil Pashley Way, Shoreham-By-Sea, BN43 5FF",info@edn.training,08000935892,https://edn.training/apprenticeships/team-leader-apprenticeship/,At apprentice's workplace Training at the employer's location.,58.4% (out of 170 apprentices),,https://findapprenticeshiptraining.apprenticeships.education.gov.uk/courses/105/providers/10012467?distance=10
10004440,M I T SKILLS LIMITED,105,"Unit 12-13, Camphill Industrial Estate Camphill Road, West Byfleet, KT14 6EW",hello@mitskills.com,01932341416,https://mitskills.com/business-management/,At apprentice's workplace Training at the employer's location.,58.3% (out of 10 apprentices),,https://findapprenticeshiptraining.apprenticeships.education.gov.uk/courses/105/providers/10004440?distance=10
10047111,THE APPRENTICESHIP COLLEGE LTD,105,"Thames Exchange, 10 Queen Street Place, London, EC4R 1BE",graham.howe@apprenticeship-college.co.uk,020 3651 4747,http://apprenticeship-college.co.uk/apprenticeships/leadership-and-management/,At apprentice's workplace Training at the employer's location. Day release One day a week at the provider's location.,58.3% (out of 130 apprentices),,https://findapprenticeshiptraining.apprenticeships.education.gov.uk/courses/105/providers/10047111?distance=10
10001041,GLOUCESTERSHIRE ENTERPRISE LIMITED,105,"Unit 3, Twigworth Court, Tewkesbury Road, Twigworth, Gloucester, GL2 9PG",info@glosenterprise.co.uk,01452 733548,https://www.glosenterprise.co.uk/qualifications/apprenticeships,Day release One day a week at the provider's location.,58.3% (out of 10 apprentices),,https://findapprenticeshiptraining.apprenticeships.education.gov.uk/courses/105/providers/10001041?distance=10
10005788,"SHEFFIELD COLLEGE, THE",105,"Granville Road, Sheffield, S2 2RL",apprenticeshipsandtraining@sheffcol.ac.uk,01142602600,https://apprenticeships.sheffcol.ac.uk/employers/apprenticeship-programmes,Day release One day a week at the provider's location.,58.3% (out of 10 apprentices),,https://findapprenticeshiptraining.apprenticeships.education.gov.uk/courses/105/providers/10005788?distance=10
10005264,MILLBROOK MANAGEMENT SERVICES LIMITED,105,"Trent Valley Business Centre, 28 High Street, Long Eaton, Nottingham, NG10 1LL",LawrenceTurton@prostartuk.co.uk,01159468182,http://www.prostartuk.co.uk,At apprentice's workplace Training at the employer's location. Day release at multiple locations One day a week at the provider's location.,58.3% (out of 20 apprentices),,https://findapprenticeshiptraining.apprenticeships.education.gov.uk/courses/105/providers/10005264?distance=10
10011880,P.T.P. TRAINING LIMITED,105,"Essex Terrace, Intown, Walsall, WS1 1SQ",skills@ptp-training.co.uk,03332408302,http://www.ptp-training.co.uk,At apprentice's workplace Training at the employer's location. Block release at multiple locations Blocks of a week or more at the provider's location. Day release at multiple locations One day a week at the provider's location.,57.7% (out of 30 apprentices),,https://findapprenticeshiptraining.apprenticeships.education.gov.uk/courses/105/providers/10011880?distance=10
10025697,PARETO LAW LIMITED,105,"450 Capability Green, Luton, LU1 3LU",thartridge@pareto.co.uk,0333 355 6762,https://www.pareto.co.uk/contact-us/,At apprentice's workplace Training at the employer's location. Block release at multiple locations Blocks of a week or more at the provider's location. Day release at multiple locations One day a week at the provider's location.,57.7% (out of 100 apprentices),,https://findapprenticeshiptraining.apprenticeships.education.gov.uk/courses/105/providers/10025697?distance=10
10001174,CT SKILLS LIMITED,105,"Charlotte House, Stainer Way, The Wyvern Business Park, Derby, DE21 6BF",apprenticeships@ctskills.co.uk,01159599544,https://www.ctskills.co.uk/apprenticeship-courses/management/,At apprentice's workplace Training at the employer's location.,57.5% (out of 40 apprentices),,https://findapprenticeshiptraining.apprenticeships.education.gov.uk/courses/105/providers/10001174?distance=10
10044607,BOOM TRAINING LIMITED,105,"Unit 1 Azera, Capstan Road, Southampton, SO19 9UL",phil@boomtrainingltd.co.uk,02380004209,https://www.boom-training.com/,At apprentice's workplace Training at the employer's location.,57.1% (out of 10 apprentices),,https://findapprenticeshiptraining.apprenticeships.education.gov.uk/courses/105/providers/10044607?distance=10
10005534,RNN GROUP,105,"Eastwood Lane, Rotherham, S65 1EG",enquiries@rnntraining.co.uk,01909 504777,http://www.rnntraining.co.uk,At apprentice's workplace Training at the employer's location.,57.1% (out of 20 apprentices),,https://findapprenticeshiptraining.apprenticeships.education.gov.uk/courses/105/providers/10005534?distance=10
10027498,TRAVIS PERKINS PLC,105,"Lodge Way House, Lodge Way, Lodge Farm Industrial Estate, Northampton, NN5 7UG",leap@travisperkins.co.uk,07557170102,http://www.tpplccareers.co.uk/apprenticeships,At apprentice's workplace Training at the employer's location.,56.5% (out of 150 apprentices),,https://findapprenticeshiptraining.apprenticeships.education.gov.uk/courses/105/providers/10027498?distance=10
10000494,BABINGTON BUSINESS COLLEGE LIMITED,105,"40 Berkeley Square, Bristol, BS8 1HP",candidate@babington.co.uk,03333234050,http://www.babington.co.uk,At apprentice's workplace Training at the employer's location.,56.2% (out of 300 apprentices),,https://findapprenticeshiptraining.apprenticeships.education.gov.uk/courses/105/providers/10000494?distance=10
10004692,NORTH LANCS. TRAINING GROUP CIC,105,"Bradshawgate House, Oak Street, Accrington, BB5 1EQ",eet@nltg.co.uk,01254300779,https://www.nltg.co.uk/employers/apprenticeships/team-leading-management-apprenticeships/,At apprentice's workplace Training at the employer's location.,55.6% (out of 60 apprentices),,https://findapprenticeshiptraining.apprenticeships.education.gov.uk/courses/105/providers/10004692?distance=10
10002917,HARTLEPOOL COLLEGE OF FURTHER EDUCATION,105,"Stockton Street, Hartlepool, TS24 7NT",apprenticeships@hartlepoolfe.ac.uk,01429 404164,http://www.hartlepoolfe.ac.uk,Day release One day a week at the provider's location.,55.6% (out of 10 apprentices),,https://findapprenticeshiptraining.apprenticeships.education.gov.uk/courses/105/providers/10002917?distance=10
10040664,LMP Education,105,"Wallace House, 4 Falcon Way, Welwyn Garden City, AL7 1TW",Info@lmpeducation.org,020 3836 4380,https://lmp-group.co.uk/courses/team-leader/,At apprentice's workplace Training at the employer's location.,55.6% (out of 10 apprentices),,https://findapprenticeshiptraining.apprenticeships.education.gov.uk/courses/105/providers/10040664?distance=10
10004690,NORTH HERTFORDSHIRE COLLEGE,105,"Monkswood Way, Stevenage, SG1 1LA",hello@hartld.co.uk,01462471041,http://www.hartld.co.uk,Day release One day a week at the provider's location.,55.6% (out of 40 apprentices),,https://findapprenticeshiptraining.apprenticeships.education.gov.uk/courses/105/providers/10004690?distance=10
10043865,ADALTA DEVELOPMENT LTD,105,"9 Riverside, Waters Meeting Road, Bolton, BL1 8TU",info@adaltadevelopment.co.uk,03450212356,https://adaltadevelopment.co.uk/,At apprentice's workplace Training at the employer's location.,55.6% (out of 10 apprentices),,https://findapprenticeshiptraining.apprenticeships.education.gov.uk/courses/105/providers/10043865?distance=10
10089666,FIERI LEADERSHIP AND DEVELOPMENT LTD,105,"8 High Street, Heathfield, TN21 8LS",jon.brookstein@fierileadership.com,07596862583,www.fierileadership.com,At apprentice's workplace Training at the employer's location. Block release Blocks of a week or more at the provider's location. Day release One day a week at the provider's location.,55.6% (out of 10 apprentices),,https://findapprenticeshiptraining.apprenticeships.education.gov.uk/courses/105/providers/10089666?distance=10
10029952,BPP PROFESSIONAL EDUCATION LIMITED,105,"Aldine House, 142-144 Uxbridge Road, London, W12 8AA",qualifyingcentre@bpp.com,03300603100,https://www.bpp.com/courses/leadership-and-management/apprenticeships/team-leader-supervisor,Block release at multiple locations Blocks of a week or more at the provider's location. Day release at multiple locations One day a week at the provider's location.,55.4% (out of 80 apprentices),,https://findapprenticeshiptraining.apprenticeships.education.gov.uk/courses/105/providers/10029952?distance=10
10005109,DERBY BUSINESS COLLEGE LIMITED,105,"Friary Works, 119a Friar Gate, Derby, DE1 1EX",info@dbc-training.co.uk,01332295588,https://dbc-training.co.uk/programmes/apprenticeships/team-leader-level-3/,At apprentice's workplace Training at the employer's location.,54.8% (out of 40 apprentices),,https://findapprenticeshiptraining.apprenticeships.education.gov.uk/courses/105/providers/10005109?distance=10
10002407,FAREPORT TRAINING ORGANISATION LIMITED,105,"28 Westfield House, Lower Bath Lane, Fareham, PO16 0DH",businessdevelopment@fareport.co.uk,01329825805,https://www.fareport.co.uk/course/team-leader-level-3/,At apprentice's workplace Training at the employer's location. Block release Blocks of a week or more at the provider's location. Day release One day a week at the provider's location.,54.5% (out of 10 apprentices),,https://findapprenticeshiptraining.apprenticeships.education.gov.uk/courses/105/providers/10002407?distance=10
10004177,THE GROWTH COMPANY LIMITED,105,"Lee House, 90 Great Bridgewater Street, Manchester, M1 5JW",recruitment@GCEducationandSkills.ac.uk,01612332656,https://employers.gceducationandskills.ac.uk/apprenticeship-listings/welder-level-2/,Day release One day a week at the provider's location.,54.5% (out of 10 apprentices),,https://findapprenticeshiptraining.apprenticeships.education.gov.uk/courses/105/providers/10004177?distance=10
10036548,PARTNERSHIP TRAINING LIMITED,105,"Pentland House, Village Way, Wilmslow, SK9 2GH",enrol@partnershiptrainingltd.co.uk,01625 523675,https://www.partnershiptrainingltd.co.uk,At apprentice's workplace Training at the employer's location.,54.5% (out of 10 apprentices),,https://findapprenticeshiptraining.apprenticeships.education.gov.uk/courses/105/providers/10036548?distance=10
10046315,NATIONWIDE ENERGY TRAINING SERVICES LTD,105,"Office 407, The Base, Dallam Lane, Warrington, WA2 7NG",d.ryan@impactacademy.uk,07966455050,https://impactacademy.uk/academy-apprenticeships/,At apprentice's workplace Training at the employer's location.,54.5% (out of 10 apprentices),,https://findapprenticeshiptraining.apprenticeships.education.gov.uk/courses/105/providers/10046315?distance=10
10002327,ESSEX COUNTY COUNCIL,105,"County Hall, Market Road, Chelmsford, CM1 1QH",ACL.BusinessDevelopment@essex.gov.uk,03330 139502,http://www.aclessex.com,Day release One day a week at the provider's location.,54.5% (out of 10 apprentices),,https://findapprenticeshiptraining.apprenticeships.education.gov.uk/courses/105/providers/10002327?distance=10
10040011,RM TRAINING (UK) LIMITED,105,"The Coach House, The Square, Sawbridgeworth, CM21 9AE",david@rmtraining.co.uk,01702782001,https://rmtraining.co.uk/management-team-leader-supervisor-level-3/,At apprentice's workplace Training at the employer's location.,54.2% (out of 20 apprentices),,https://findapprenticeshiptraining.apprenticeships.education.gov.uk/courses/105/providers/10040011?distance=10
10063435,JUICE TALENT DEVELOPMENT LIMITED,105,"13 Copse Avenue, Caversham, Reading, RG4 6LX",heidi@recruitmentjuice.com,07401438005,http://www.recruitmentjuice.com,At apprentice's workplace Training at the employer's location.,53.8% (out of 10 apprentices),,https://findapprenticeshiptraining.apprenticeships.education.gov.uk/courses/105/providers/10063435?distance=10
10041486,Northwest Education And Training Ltd,105,"Unit 9, 100 Sefton Lane, Sefton Lane, Liverpool, L31 8BT",info@nweat.co.uk,01515264949,http://nweat.co.uk,At apprentice's workplace Training at the employer's location.,53.8% (out of 10 apprentices),,https://findapprenticeshiptraining.apprenticeships.education.gov.uk/courses/105/providers/10041486?distance=10
10031326,WELL ASSOCIATES LIMITED,105,"11 Conference Way, Stourport-On-Severn, DY13 8DN",solutions@welltraining.co.uk,07825916765,https://welltraining.co.uk/apprenticeships/,At apprentice's workplace Training at the employer's location. Day release One day a week at the provider's location.,53.8% (out of 10 apprentices),,https://findapprenticeshiptraining.apprenticeships.education.gov.uk/courses/105/providers/10031326?distance=10
10004977,PARAGON EDUCATION & SKILLS LIMITED,105,"Station Approach, Ashley Road, Bournemouth, BH1 4NB",enquiries@pgon.co.uk,0800 783 2545,https://paragonskills.co.uk/employer/team-leader-supervisor-level-3/,At apprentice's workplace Training at the employer's location.,53.6% (out of 220 apprentices),,https://findapprenticeshiptraining.apprenticeships.education.gov.uk/courses/105/providers/10004977?distance=10
10004112,LOUGHBOROUGH COLLEGE,105,"Radmoor Road, Loughborough, LE11 3BT",employerinfo@loucoll.ac.uk,01509 515461,https://www.loucoll.ac.uk/employers/apprenticeships/our-offer,Block release Blocks of a week or more at the provider's location. Day release One day a week at the provider's location.,53.5% (out of 40 apprentices),,https://findapprenticeshiptraining.apprenticeships.education.gov.uk/courses/105/providers/10004112?distance=10
10018916,IMPACT FUTURES TRAINING LIMITED,105,"Office 219, The Porter Building, 2nd Floor, Brunel Way, Slough, SL1 1FQ",info@impactfutures.co.uk,01753596004,https://impactfutures.co.uk/programmes/level-3-team-leader-supervisor/,At apprentice's workplace Training at the employer's location.,53.2% (out of 130 apprentices),,https://findapprenticeshiptraining.apprenticeships.education.gov.uk/courses/105/providers/10018916?distance=10
10040914,CHARTERED INSTITUTION OF RAILWAY OPERATORS,105,"Beacon Building, 2nd Floor, Stafford Enterprise Park West, Weston Road, Stafford, ST18 0BF",apprentice@railwayoperators.co.uk,03333440523,https://www.ciro.org/apprenticeships/,Block release Blocks of a week or more at the provider's location. Day release One day a week at the provider's location.,52.9% (out of 50 apprentices),,https://findapprenticeshiptraining.apprenticeships.education.gov.uk/courses/105/providers/10040914?distance=10
10020244,TACS Ltd,105,"Novus Business Centre, Judson Road, North West Industrial Estate, Peterlee, SR8 2QJ",apprenticeships@tacstraining.co.uk,01915878145,http://tacstraining.co.uk,At apprentice's workplace Training at the employer's location.,52.6% (out of 40 apprentices),,https://findapprenticeshiptraining.apprenticeships.education.gov.uk/courses/105/providers/10020244?distance=10
10003200,HULL COLLEGE,105,"Queens Gardens, Wilberforce Drive, Hull, HU1 3DG",Apprenticeships@HCUKTraining.co.uk,0300 330 2010,https://www.hcuktraining.co.uk/,Day release One day a week at the provider's location.,51.7% (out of 30 apprentices),,https://findapprenticeshiptraining.apprenticeships.education.gov.uk/courses/105/providers/10003200?distance=10
10007527,WILTSHIRE COLLEGE AND UNIVERSITY CENTRE,105,"Cocklebury Road, Chippenham, SN15 3QD",apprenticeships@wiltshire.ac.uk,01249465282,https://www.wiltshire.ac.uk/apprenticeships,At apprentice's workplace Training at the employer's location.,51.6% (out of 30 apprentices),,https://findapprenticeshiptraining.apprenticeships.education.gov.uk/courses/105/providers/10007527?distance=10
10000488,B-SKILL LIMITED,105,"Ybn, Delta Bank Road, Gateshead, NE11 9DJ",business@b-skill.com,0333 900 0694,https://b-skill.com/apprenticeships-main/apprenticeship-standards-2/leadership-management-menu/,At apprentice's workplace Training at the employer's location.,50% (out of 10 apprentices),,https://findapprenticeshiptraining.apprenticeships.education.gov.uk/courses/105/providers/10000488?distance=10
10046679,KIWI & YUZU LTD,105,"Tagus House, 9 Ocean Way, Southampton, SO14 3TJ",hello@kiwieducation.co.uk,023 8017 0380,https://kiwieducation.co.uk/contact/,At apprentice's workplace Training at the employer's location.,50% (out of 20 apprentices),,https://findapprenticeshiptraining.apprenticeships.education.gov.uk/courses/105/providers/10046679?distance=10
10043208,SCL EDUCATION & TRAINING LIMITED,105,"Unit 7, Lakeside Business Park Swan Lane, Sandhurst, GU47 9DN",apprenticeship@wearescl.co.uk,03453503772,https://sclprofessional.co.uk/,At apprentice's workplace Training at the employer's location.,50% (out of 60 apprentices),,https://findapprenticeshiptraining.apprenticeships.education.gov.uk/courses/105/providers/10043208?distance=10
10002638,GATESHEAD COLLEGE,105,"Quarryfield Road, Baltic Business Quarter, Gateshead, NE8 3BE",employers@gateshead.ac.uk,0191 4902258,http://www.gateshead.ac.uk,Block release Blocks of a week or more at the provider's location. Day release One day a week at the provider's location.,50% (out of 30 apprentices),,https://findapprenticeshiptraining.apprenticeships.education.gov.uk/courses/105/providers/10002638?distance=10
10005959,SOMERSET COUNTY COUNCIL,105,"County Hall, Taunton, TA1 4DY",scil@somerset.gov.uk,03001231967,https://www.sciltraining.co.uk,Day release One day a week at the provider's location.,50% (out of 20 apprentices),,https://findapprenticeshiptraining.apprenticeships.education.gov.uk/courses/105/providers/10005959?distance=10
10003347,INTEC BUSINESS COLLEGES LIMITED,105,"Old School, Pennington Court, Rugby, CV21 2BB",intec@intecbusinesscolleges.co.uk,0808 100 1155,https://www.intecbusinesscolleges.co.uk/employers/qualifications/management-cmi.aspx,At apprentice's workplace Training at the employer's location.,49.1% (out of 160 apprentices),,https://findapprenticeshiptraining.apprenticeships.education.gov.uk/courses/105/providers/10003347?distance=10
10034309,REALISE LEARNING AND EMPLOYMENT LIMITED,105,"First Floor Cygnet House, 1 Jenkin Road, Sheffield, S9 1AT",hello@realisetraining.com,07702996962,https://realisetraining.com/course/team-leader-supervisor-apprenticeship/,At apprentice's workplace Training at the employer's location.,49.1% (out of 170 apprentices),,https://findapprenticeshiptraining.apprenticeships.education.gov.uk/courses/105/providers/10034309?distance=10
10024659,MTD Training Ltd,105,"5 Orchard Court, Binley Business Park Harry, Weston Road, Coventry, CV3 2TQ",apprenticeships@mtdtraining.com,03333202883,https://www.mtdtraining.com/apprenticeships/programmes/leadership-management-apprenticeships/team-leader-supervisor-level-3,At apprentice's workplace Training at the employer's location.,48% (out of 30 apprentices),,https://findapprenticeshiptraining.apprenticeships.education.gov.uk/courses/105/providers/10024659?distance=10
10008935,LEARNING CURVE GROUP LIMITED,105,"1 - 10 Dunelm Rise, Durhamgate, Spennymoor, DL16 6FS",julie.dixon@LearningCurveGroup.co.uk,01388436189,https://www.learningcurvegroup.co.uk/courses/team-leader-or-supervisor-apprenticeship/,At apprentice's workplace Training at the employer's location.,47.9% (out of 70 apprentices),,https://findapprenticeshiptraining.apprenticeships.education.gov.uk/courses/105/providers/10008935?distance=10
10030870,CAPTIVA LEARNING LIMITED,105,"4 Cam Road, Stratford, London, E15 2SN",info@captivalearning.com,020 8221 9089,https://www.captivalearning.com/,At apprentice's workplace Training at the employer's location. Block release Blocks of a week or more at the provider's location. Day release One day a week at the provider's location.,47.8% (out of 120 apprentices),,https://findapprenticeshiptraining.apprenticeships.education.gov.uk/courses/105/providers/10030870?distance=10
10034423,ACTIV FIRST LIMITED,105,"Medina House, 2 Station Avenue, Bridlington, YO16 4LZ",office@activfirst.co.uk,01262602598,https://activfirst.co.uk,At apprentice's workplace Training at the employer's location.,47.6% (out of 20 apprentices),,https://findapprenticeshiptraining.apprenticeships.education.gov.uk/courses/105/providers/10034423?distance=10
10023047,REMIT GROUP LIMITED,105,"4 Orchard Place, Nottingham Business Park, Nottingham, NG8 6PX",info@remit.co.uk,01159759550,https://www.remit.co.uk/employers/,At apprentice's workplace Training at the employer's location. Day release One day a week at the provider's location.,47.4% (out of 220 apprentices),,https://findapprenticeshiptraining.apprenticeships.education.gov.uk/courses/105/providers/10023047?distance=10
10037401,HCRG CARE SERVICES LTD,105,"The Heath Business & Technical Park, Runcorn, WA7 4QX",sarah.vandermerwe@hcrgcaregroup.com,07966162492,https://thelearningenterprise.co.uk/team-leader-level-3/,At apprentice's workplace Training at the employer's location.,47.1% (out of 20 apprentices),,https://findapprenticeshiptraining.apprenticeships.education.gov.uk/courses/105/providers/10037401?distance=10
10000201,THE LEARNING FOUNDRY LIMITED,105,"The Foundry, 42 Henry Street, Liverpool, L1 5AY",workforce@thelearningfoundry.co.uk,03001238088,https://www.thelearningfoundry.co.uk/,At apprentice's workplace Training at the employer's location. Block release Blocks of a week or more at the provider's location. Day release One day a week at the provider's location.,45.5% (out of 10 apprentices),,https://findapprenticeshiptraining.apprenticeships.education.gov.uk/courses/105/providers/10000201?distance=10
10008155,CENTRAL YOUNG MEN'S CHRISTIAN ASSOCIATION,105,"120 Cromer Street, London, WC1H 8BS",mo.murphy@ymca.co.uk,07393750743,https://www.ymca.co.uk/apprenticeships/retail-customer-service-apprenticeships,At apprentice's workplace Training at the employer's location.,45.5% (out of 10 apprentices),,https://findapprenticeshiptraining.apprenticeships.education.gov.uk/courses/105/providers/10008155?distance=10
10031093,TRAINING EVENT SAFETY SOLUTIONS LTD,105,"Office 109, Innovation Centre, Green Street, Northampton, NN1 1SY",info@thetessgroup.com,01604210500,http://thetessgroup.com/apprenticeships/,At apprentice's workplace Training at the employer's location.,44.3% (out of 60 apprentices),,https://findapprenticeshiptraining.apprenticeships.education.gov.uk/courses/105/providers/10031093?distance=10
10000948,LONDON SOUTH EAST COLLEGES,105,"Rookery Lane, Bromley, BR2 8HE",employers@lsec.ac.uk,02039544965,https://www.lsec.ac.uk/courses/apprenticeships,At apprentice's workplace Training at the employer's location. Block release at multiple locations Blocks of a week or more at the provider's location. Day release at multiple locations One day a week at the provider's location.,43.8% (out of 20 apprentices),,https://findapprenticeshiptraining.apprenticeships.education.gov.uk/courses/105/providers/10000948?distance=10
10003976,LOCOMOTIVATION LTD.,105,"33 West Borough, Wimborne, BH21 1LT",apprenticeships@locomotivation.co.uk,08001777610,https://www.locomotivation.co.uk/apprenticeships/leadership-management/level-3/team-leader-or-supervisor-apprenticeship.htm?utm_source=course_dir,At apprentice's workplace Training at the employer's location.,43.2% (out of 40 apprentices),,https://findapprenticeshiptraining.apprenticeships.education.gov.uk/courses/105/providers/10003976?distance=10
10003915,LIFETIME TRAINING GROUP LIMITED,105,"Clifton Heights, Triangle West, Bristol, BS8 1EJ",apprenticerecruitment@lifetimetraining.co.uk,03330143669,http://www.lifetimetraining.co.uk,At apprentice's workplace Training at the employer's location.,41.8% (out of 640 apprentices),,https://findapprenticeshiptraining.apprenticeships.education.gov.uk/courses/105/providers/10003915?distance=10
10002888,HAPPY COMPUTERS LIMITED,105,"9 Alie Street, London, E1 8DE",apprenticeships@happy.co.uk,02073757300,https://www.happy.co.uk/apprenticeships/level-3-development-programme-for-first-time-managers/,Day release at multiple locations One day a week at the provider's location.,41.7% (out of 40 apprentices),,https://findapprenticeshiptraining.apprenticeships.education.gov.uk/courses/105/providers/10002888?distance=10
10044419,PROFESSIONAL DEVELOPMENT AND TRAINING LTD,105,"14 Enterprise Park, Yaxley, Peterborough, PE7 3WY",pdtenquiries@p-d-t.co.uk,01733 513322,https://www.p-d-t.co.uk/courses,At apprentice's workplace Training at the employer's location. Day release One day a week at the provider's location.,41.7% (out of 10 apprentices),,https://findapprenticeshiptraining.apprenticeships.education.gov.uk/courses/105/providers/10044419?distance=10
10005894,THE SKILLS PARTNERSHIP LIMITED,105,"Morris Owen House, 43-45 Devizes Road, Swindon, SN1 4BG",info@tsplearn.co.uk,01189844638,http://tsplearn.co.uk/about-our-courses/leadership-management/apprenticeship-standard-team-leadersupervisor-level-3/,At apprentice's workplace Training at the employer's location.,41% (out of 40 apprentices),,https://findapprenticeshiptraining.apprenticeships.education.gov.uk/courses/105/providers/10005894?distance=10
10001934,DERWENTSIDE COLLEGE,105,"Front Street, Consett, DH8 5EE",apprenticeships@derwentside.ac.uk,01207585914,https://www.derwentside.ac.uk/apprenticeships/,At apprentice's workplace Training at the employer's location.,40.9% (out of 20 apprentices),,https://findapprenticeshiptraining.apprenticeships.education.gov.uk/courses/105/providers/10001934?distance=10
10005172,POULTEC TRAINING LIMITED,105,"South Green Park Enterprise Centre, South Green, Mattishall, Dereham, NR20 3JY",enquiries@poultec.co.uk,01362 850983,http://www.poultec.co.uk,At apprentice's workplace Training at the employer's location.,40.7% (out of 30 apprentices),,https://findapprenticeshiptraining.apprenticeships.education.gov.uk/courses/105/providers/10005172?distance=10
10021754,PARENTA TRAINING LIMITED,105,"1st Floor, Stratford House, Waterside Court, Neptune Way, Medway City Estate, Rochester, ME2 4NZ",hello@parenta.com,08000029242,http://www.parenta.com/childcare-apprenticeships/,At apprentice's workplace Training at the employer's location.,40% (out of 20 apprentices),,https://findapprenticeshiptraining.apprenticeships.education.gov.uk/courses/105/providers/10021754?distance=10
10001309,COVENTRY AND WARWICKSHIRE CHAMBERS OF COMMERCE TRAINING LIMITED,105,"123 St. Nicholas Street, Coventry, CV1 4FD",enquiries@cw-chambertraining.co.uk,02476231122,http://www.cw-chambertraining.co.uk/apprenticeships/management_teamleading_apprenticeships/,Day release One day a week at the provider's location.,38.5% (out of 10 apprentices),,https://findapprenticeshiptraining.apprenticeships.education.gov.uk/courses/105/providers/10001309?distance=10
10007159,UNIVERSITY OF SUNDERLAND,105,"Chester Road, Sunderland, SR1 3SD",amanda@mtc-training.co.uk,07748334793,https://www.mtc-training.co.uk/54/apprenticeships/team-leader-supervisor,Day release One day a week at the provider's location.,38.5% (out of 10 apprentices),,https://findapprenticeshiptraining.apprenticeships.education.gov.uk/courses/105/providers/10007159?distance=10
10003280,IN-COMM TRAINING AND BUSINESS SERVICES LIMITED,105,"12 Vigo Place, Walsall, WS9 8UG",sales@in-comm.co.uk,01922457686,https://www.in-comm.co.uk,At apprentice's workplace Training at the employer's location. Block release at multiple locations Blocks of a week or more at the provider's location. Day release at multiple locations One day a week at the provider's location.,37.5% (out of 20 apprentices),,https://findapprenticeshiptraining.apprenticeships.education.gov.uk/courses/105/providers/10003280?distance=10
10085899,Busy Bees Education and Training,105,"St Matthews Road, Shaftsbury Drive, Burntwood, WS7 9QP",hello@busybees.com,01543 711150,https://busybeestraining.co.uk/,At apprentice's workplace Training at the employer's location.,37% (out of 30 apprentices),,https://findapprenticeshiptraining.apprenticeships.education.gov.uk/courses/105/providers/10085899?distance=10
10039668,UMBRELLA TRAINING AND EMPLOYMENT SOLUTIONS LIMITED,105,"Saxon House, 27 Duke Street, Chelmsford, CM1 1HT",info@umbrellatraining.co.uk,03335772557,http://www.umbrellatraining.co.uk,At apprentice's workplace Training at the employer's location.,36% (out of 50 apprentices),,https://findapprenticeshiptraining.apprenticeships.education.gov.uk/courses/105/providers/10039668?distance=10
10049431,ALPHABET TRAINING GROUP LTD,105,"Central Buildings, Richmond Terrace, Blackburn, BB1 7AP",apprenticeshipsinfo@alphabet-training.co.uk,01254679998,http://www.alphabet-training.co.uk,At apprentice's workplace Training at the employer's location. Day release One day a week at the provider's location.,35.3% (out of 20 apprentices),,https://findapprenticeshiptraining.apprenticeships.education.gov.uk/courses/105/providers/10049431?distance=10
10002841,HADDON TRAINING LIMITED,105,"Tredomen Park, Ystrad Mynach, Hengoed, CF82 7EH",enquries@haddontraining.co.uk,01672519977,https://haddonbusiness.co.uk/,At apprentice's workplace Training at the employer's location.,31.3% (out of 20 apprentices),,https://findapprenticeshiptraining.apprenticeships.education.gov.uk/courses/105/providers/10002841?distance=10
10007977,HEART OF WORCESTERSHIRE COLLEGE,105,"Peakman Street, Redditch, B98 8DW",solutions@howcollege.ac.uk,01905743435,https://www.howcollege.ac.uk/courses/apprenticeships-traineeships/,At apprentice's workplace Training at the employer's location.,28.6% (out of 20 apprentices),,https://findapprenticeshiptraining.apprenticeships.education.gov.uk/courses/105/providers/10007977?distance=10
10033758,IXION HOLDINGS (CONTRACTS) LIMITED,105,"Black Country House, Rounds Green Road, Oldbury, B69 2DG",apprenticeships@ixionholdings.com,01245 505630,https://www.ixionholdings.com/apprenticeships-for-employers/,At apprentice's workplace Training at the employer's location.,22.5% (out of 90 apprentices),,https://findapprenticeshiptraining.apprenticeships.education.gov.uk/courses/105/providers/10033758?distance=10
10000470,AXIA SOLUTIONS LIMITED,105,"Unit 1, Riverside 2, Campbell Road, Stoke-On-Trent, ST4 4RJ",apprenticeships@axia-solutions.com,01782 572777,https://axia-solutions.co.uk/training-and-apprenticeships/apprenticeships/team-leading,At apprentice's workplace Training at the employer's location. Day release One day a week at the provider's location.,No achievement rate - not enough data,,https://findapprenticeshiptraining.apprenticeships.education.gov.uk/courses/105/providers/10000470?distance=10
10000747,BLACKBURN COLLEGE,105,"Feilden Street, Blackburn, BB2 1LH",business@blackburn.ac.uk,01254 292500,https://blackburn.ac.uk/find-a-course/business/management/team-leadersupervisor-apprenticeship-level-3-advanced,Day release One day a week at the provider's location.,No achievement rate - not enough data,,https://findapprenticeshiptraining.apprenticeships.education.gov.uk/courses/105/providers/10000747?distance=10
10001005,BURY COLLEGE,105,"Woodbury Centre, Market Street, Bury, BL9 0BG",apprenticeships@burycollege.ac.uk,0161 2808654,https://burycollege.ac.uk/courses/apprenticeship/team-leader-supervisor-level-3-apprenticeship,At apprentice's workplace Training at the employer's location. Block release Blocks of a week or more at the provider's location.,No achievement rate - not enough data,,https://findapprenticeshiptraining.apprenticeships.education.gov.uk/courses/105/providers/10001005?distance=10
10001115,CAMBRIDGE PROFESSIONAL ACADEMY LIMITED,105,"Cherry Orchard, Dysons Drove, Burwell, Cambridge, CB25 0BL",apprenticeships@professionalacademy.com,01223 365505,http://www.professionalacademy.com,At apprentice's workplace Training at the employer's location. Block release at multiple locations Blocks of a week or more at the provider's location. Day release at multiple locations One day a week at the provider's location.,No achievement rate - not enough data,,https://findapprenticeshiptraining.apprenticeships.education.gov.uk/courses/105/providers/10001115?distance=10
10002863,RIVERSIDE COLLEGE,105,"Kingsway, Widnes, WA8 7QQ",apprenticeships@riverside.ac.uk,01512572828,http://www.riversidecollege.ac.uk/apprenticeships/,Day release One day a week at the provider's location.,No achievement rate - not enough data,,https://findapprenticeshiptraining.apprenticeships.education.gov.uk/courses/105/providers/10002863?distance=10
10005268,TRANSWORLD PUBLICATIONS SERVICES LIMITED,105,"The Old Guild House, 1 New Market Street, Birmingham, B3 2NH",contactus@protocolgroup.co.uk,01212362634,http://www.protocolgroup.org.uk,At apprentice's workplace Training at the employer's location. Day release One day a week at the provider's location.,No achievement rate - not enough data,,https://findapprenticeshiptraining.apprenticeships.education.gov.uk/courses/105/providers/10005268?distance=10
10018942,STEADFAST TRAINING LTD,105,"5 Enterprise Way, Spalding, PE11 3YR",info@steadfasttraining.co.uk,08452232401,https://steadfasttraining.co.uk,At apprentice's workplace Training at the employer's location.,No achievement rate - not enough data,,https://findapprenticeshiptraining.apprenticeships.education.gov.uk/courses/105/providers/10018942?distance=10
10021018,QDOS TRAINING LIMITED,105,"Byron House, Commercial Street, Mansfield, NG18 1EE",enquiries@qdostraining.com,01162044170,https://www.qdostraining.com/management-apprenticeships-2/,At apprentice's workplace Training at the employer's location.,No achievement rate - not enough data,,https://findapprenticeshiptraining.apprenticeships.education.gov.uk/courses/105/providers/10021018?distance=10
10022405,VQ SOLUTIONS LTD,105,"Osborne House, 20 Victoria Avenue, Harrogate, HG1 5QY",business-management@vqsolutions.co.uk,01423740006,https://www.vqsolutions.co.uk,At apprentice's workplace Training at the employer's location. Day release One day a week at the provider's location.,No achievement rate - not enough data,,https://findapprenticeshiptraining.apprenticeships.education.gov.uk/courses/105/providers/10022405?distance=10
10023787,MERCURY TRAINING SERVICES LTD,105,"Office 112, Dudley Court South, Level Street, Brierley Hill, DY5 1XN",paul@mercurytrainme.com,07779162260,https://mercurytrainme.com/team-leader-supervisor/,At apprentice's workplace Training at the employer's location. Block release at multiple locations Blocks of a week or more at the provider's location. Day release at multiple locations One day a week at the provider's location.,No achievement rate - not enough data,,https://findapprenticeshiptraining.apprenticeships.education.gov.uk/courses/105/providers/10023787?distance=10
10023992,SUTTON COLDFIELD TRAINING LIMITED,105,"22 Gate Lane, Sutton Coldfield, B73 5TR",info@sct.co.uk,0121 240 3989,https://www.suttoncoldfieldtraining.co.uk/course/advance-apprenticeship-in-team-leader-supervisor-level-3-standard,At apprentice's workplace Training at the employer's location.,No achievement rate - not enough data,,https://findapprenticeshiptraining.apprenticeships.education.gov.uk/courses/105/providers/10023992?distance=10
10026331,TRAINPLUS LTD,105,"Charter House, 105 Leigh Road, Leigh-On-Sea, SS9 1JL",lukephillips@trainplus.co.uk,01268574299,https://www.trainplus.co.uk/team-leader--supervisor,At apprentice's workplace Training at the employer's location. Block release Blocks of a week or more at the provider's location. Day release One day a week at the provider's location.,No achievement rate - not enough data,,https://findapprenticeshiptraining.apprenticeships.education.gov.uk/courses/105/providers/10026331?distance=10
10034887,DEERE APPRENTICESHIPS LTD,105,"Ransom Hall South, Southwell Road West, Rainworth, Mansfield, NG21 0HJ",info@deereapprenticeships.com,01623372025,http://www.deereapprenticeships.com/apprenticeships,At apprentice's workplace Training at the employer's location.,No achievement rate - not enough data,,https://findapprenticeshiptraining.apprenticeships.education.gov.uk/courses/105/providers/10034887?distance=10
10036794,SCCU LTD,105,"7 Orchard Court, Harry Weston Road, Binley, Coventry, CV3 2TQ",jrollings@sccu.uk.com,02476936969,https://sccutraining.uk.com/apprenticeships/apprenticeship-programmes/sccu-team-leader-l3/,At apprentice's workplace Training at the employer's location.,No achievement rate - not enough data,,https://findapprenticeshiptraining.apprenticeships.education.gov.uk/courses/105/providers/10036794?distance=10
10040718,FIRST INTUITION SOUTH LIMITED,105,"Reading Bridge House, Reading Bridge, Reading, RG1 8LS",maidstone@fi.co.uk,01622755100,https://www.firstintuition.co.uk/classroom-courses/maidstone/,Day release One day a week at the provider's location.,No achievement rate - not enough data,,https://findapprenticeshiptraining.apprenticeships.education.gov.uk/courses/105/providers/10040718?distance=10
10041127,ZENITH PEOPLE LIMITED,105,"8 Merchant Court, Monkton Business Park South, Hebburn, NE31 2EX",georgiacallander@zenithtraining.org.uk,0191 427 4662,https://zenithtraining.org.uk/,At apprentice's workplace Training at the employer's location. Block release Blocks of a week or more at the provider's location. Day release One day a week at the provider's location.,No achievement rate - not enough data,,https://findapprenticeshiptraining.apprenticeships.education.gov.uk/courses/105/providers/10041127?distance=10
10042593,THE LINK TRAINING ACADEMY LIMITED,105,"Only House, Moor Hey Lane, Holywell Green, Halifax, HX4 9LL",hello@thelinktraining.org,014844705762,https://www.thelinktraining.org/business-management-about/,At apprentice's workplace Training at the employer's location.,No achievement rate - not enough data,,https://findapprenticeshiptraining.apprenticeships.education.gov.uk/courses/105/providers/10042593?distance=10
10047122,METAGEDU APPRENTICESHIPS LTD,105,"Horsenden House, 891 Greenford Road, Greenford, UB6 0HE",enquiries@metagedu.io,0333 004 8178,www.metagedu.io,At apprentice's workplace Training at the employer's location. Block release at multiple locations Blocks of a week or more at the provider's location. Day release at multiple locations One day a week at the provider's location.,No achievement rate - not enough data,,https://findapprenticeshiptraining.apprenticeships.education.gov.uk/courses/105/providers/10047122?distance=10
10048380,Ginger Nut Training,105,"37 Queen Street, Colchester, CO1 2PQ",info@gingernuttraining.co.uk,0207 4955110,https://gingernuttraining.co.uk/courses/team-leader-level-3/,At apprentice's workplace Training at the employer's location.,No achievement rate - not enough data,,https://findapprenticeshiptraining.apprenticeships.education.gov.uk/courses/105/providers/10048380?distance=10
10056657,JC TRAINING & CONSULTANCY LTD,105,"Unit F10 Ransom Hall, Southwell Road West, Rainworth, Mansfield, NG21 0HJ",jenny.crook@jctrainingandconsultancy.co.uk,07540285652,http://www.jctrainingandconsultancy.com/leadership-and-management.php,At apprentice's workplace Training at the employer's location.,No achievement rate - not enough data,,https://findapprenticeshiptraining.apprenticeships.education.gov.uk/courses/105/providers/10056657?distance=10
10062212,DRL SERVICES LTD,105,"Summit House, Horsecroft Road, Harlow, CM19 5BN",info@drlservices.co.uk,07491812117,http://www.drlservices.co.uk,At apprentice's workplace Training at the employer's location.,No achievement rate - not enough data,,https://findapprenticeshiptraining.apprenticeships.education.gov.uk/courses/105/providers/10062212?distance=10
10083146,Brighter Horizons Training and Development,105,"69-71 East Street, Epsom, KT17 1BP",Info@brighterhorizonstraining.co.uk,01403786620,https://brighterhorizonstraining.co.uk/,At apprentice's workplace Training at the employer's location.,No achievement rate - not enough data,,https://findapprenticeshiptraining.apprenticeships.education.gov.uk/courses/105/providers/10083146?distance=10
10088132,KIDZ ZONE CLUB LTD,105,"15 San Remo Road, Aspley Guise, Milton Keynes, MK17 8JY",dan.grigg@futureapprenticeships.co.uk,01525591036,https://www.future-training.co.uk/,At apprentice's workplace Training at the employer's location. Block release at multiple locations Blocks of a week or more at the provider's location. Day release at multiple locations One day a week at the provider's location.,No achievement rate - not enough data,,https://findapprenticeshiptraining.apprenticeships.education.gov.uk/courses/105/providers/10088132?distance=10
10088850,THE S&A TRANSFORM GROUP LIMITED,105,"6th Floor, 2 London Wall Place, London, EC2Y 5AU",hello@sandaacademy.ac.uk,0204 551 1997,https://sandaacademy.com/business/,At apprentice's workplace Training at the employer's location. Block release at multiple locations Blocks of a week or more at the provider's location. Day release at multiple locations One day a week at the provider's location.,No achievement rate - not enough data,,https://findapprenticeshiptraining.apprenticeships.education.gov.uk/courses/105/providers/10088850?distance=10
10092569,NATIONAL UPSKILL LIMITED,105,"163 Welcomes Road, Kenley, CR8 5HB",stuart.prior@nationalupskill.co.uk,07791297698,https://www.nationalupskill.co.uk/apprenticeships/team-leader-supervisor-l3,At apprentice's workplace Training at the employer's location.,No achievement rate - not enough data,,https://findapprenticeshiptraining.apprenticeships.education.gov.uk/courses/105/providers/10092569?distance=10
10092745,IOEX LTD,105,"Export House, Lynch Wood, Minerva Business Park, Peterborough, PE2 6FT",apprenticeships@export.org.uk,01733404400,https://www.export.org.uk/education/apprenticeships/level-3-team-leader-or-supervisor-apprenticeship/,At apprentice's workplace Training at the employer's location.,No achievement rate - not enough data,,https://findapprenticeshiptraining.apprenticeships.education.gov.uk/courses/105/providers/10092745?distance=10
10000055,ABINGDON AND WITNEY COLLEGE,105,"Wootton Road, Abingdon, OX14 1GG",apprenticeships@abingdon-witney.ac.uk,01235 216 216,http://www.abingdon-witney.ac.uk/our-offer/apprenticeships-start/,At apprentice's workplace Training at the employer's location. Day release at multiple locations One day a week at the provider's location.,No achievement rate - not enough data,,https://findapprenticeshiptraining.apprenticeships.education.gov.uk/courses/105/providers/10000055?distance=10
10001378,CHESTERFIELD COLLEGE,105,"Infirmary Road, Chesterfield, S41 7NG",employers@chesterfield.ac.uk,03458 501055,https://www.chesterfield.ac.uk/study-with-us/apprenticeships/apprenticeship-subjects-on-offer/,At apprentice's workplace Training at the employer's location.,No achievement rate - not enough data,,https://findapprenticeshiptraining.apprenticeships.education.gov.uk/courses/105/providers/10001378?distance=10
10001786,CSM CONSULTING LIMITED,105,"2-4 Packhorse Road, Gerrards Cross, SL9 7QE",customers@ucan.co.uk,02039126300,www.ucan.co.uk,At apprentice's workplace Training at the employer's location.,No achievement rate - not enough data,,https://findapprenticeshiptraining.apprenticeships.education.gov.uk/courses/105/providers/10001786?distance=10
10002696,GLOUCESTERSHIRE COLLEGE,105,"Princess Elizabeth Way, Cheltenham, GL51 7SJ",employer.training@gloscol.ac.uk,03451552020,https://www.gloscol.ac.uk/employers/apprenticeships/apprenticeship-programmes/,Block release Blocks of a week or more at the provider's location. Day release One day a week at the provider's location.,No achievement rate - not enough data,,https://findapprenticeshiptraining.apprenticeships.education.gov.uk/courses/105/providers/10002696?distance=10
10003023,"HEREFORDSHIRE, LUDLOW, AND NORTH SHROPSHIRE COLLEGE",105,"Folly Lane, Hereford, HR1 1LS",apprenticeships@hlcollege.ac.uk,01432365399,https://hlnsc.ac.uk/apprenticeships/,At apprentice's workplace Training at the employer's location. Day release at multiple locations One day a week at the provider's location.,No achievement rate - not enough data,,https://findapprenticeshiptraining.apprenticeships.education.gov.uk/courses/105/providers/10003023?distance=10
10003146,HOPWOOD HALL COLLEGE,105,"Middleton Campus, Rochdale Road, Middleton, Manchester, M24 6XH",employerservices@hopwood.ac.uk,0161 654 4373,https://www.hopwood.ac.uk/search-apprenticeships/apprenticeships-hopwood-offer,At apprentice's workplace Training at the employer's location.,No achievement rate - not enough data,,https://findapprenticeshiptraining.apprenticeships.education.gov.uk/courses/105/providers/10003146?distance=10
10003162,HTP APPRENTICESHIP COLLEGE LTD,105,"The Old Grammar School, 119 St. James Street, Newport, PO30 5HE",info@htp.ac.uk,01983533926,https://www.htp.ac.uk/product/team-leader-level-3-apprenticeship/,At apprentice's workplace Training at the employer's location.,No achievement rate - not enough data,,https://findapprenticeshiptraining.apprenticeships.education.gov.uk/courses/105/providers/10003162?distance=10
10003189,KIRKLEES COLLEGE,105,"Huddersfield Centre, Waterfront Quarter, Manchester Road, Huddersfield, HD1 3LD",employers@kirkleescollege.ac.uk,08007813020,https://www.kirkleescollege.ac.uk/16-18/course/?cid=33319,Day release One day a week at the provider's location.,No achievement rate - not enough data,,https://findapprenticeshiptraining.apprenticeships.education.gov.uk/courses/105/providers/10003189?distance=10
10003385,IPS INTERNATIONAL LIMITED,105,"Northbank House, Sir Thomas Longley Road, Medway City Estate, Rochester, ME2 4DU",info@ips-international.com,01634298808,https://www.ips-apprenticeships.co.uk/recruit-an-apprentice/business-skills/,At apprentice's workplace Training at the employer's location. Block release at multiple locations Blocks of a week or more at the provider's location.,No achievement rate - not enough data,,https://findapprenticeshiptraining.apprenticeships.education.gov.uk/courses/105/providers/10003385?distance=10
10003430,ITEC NORTH EAST LIMITED,105,"Hilton Road, Aycliffe Business Park, Newton Aycliffe, DL5 6EN",hello@itecne.co.uk,01325320052,https://www.itecne.co.uk/apprenticeship-vacancies/team-leader/,At apprentice's workplace Training at the employer's location. Day release One day a week at the provider's location.,No achievement rate - not enough data,,https://findapprenticeshiptraining.apprenticeships.education.gov.uk/courses/105/providers/10003430?distance=10
10003571,KEITS TRAINING SERVICES LTD,105,"10 London Mews, London, W2 1HY",info@keits.co.uk,0 0208 327 3800,http://www.keits.co.uk,At apprentice's workplace Training at the employer's location.,No achievement rate - not enough data,,https://findapprenticeshiptraining.apprenticeships.education.gov.uk/courses/105/providers/10003571?distance=10
10005077,INSPIRE EDUCATION GROUP,105,"Park Crescent, Peterborough, PE1 4DZ",Paul.Ward@ieg.ac.uk,01780 484300,https://www.peterborough.ac.uk/apprenticeships/apprenticeship-courses/,Day release One day a week at the provider's location.,No achievement rate - not enough data,,https://findapprenticeshiptraining.apprenticeships.education.gov.uk/courses/105/providers/10005077?distance=10
10005669,SANDWELL COLLEGE,105,"1 Spon Lane, West Bromwich, B70 6AW",apprentice@sandwell.ac.uk,01216675018,https://www.sandwell.ac.uk/apprenticeships/,Day release One day a week at the provider's location.,No achievement rate - not enough data,,https://findapprenticeshiptraining.apprenticeships.education.gov.uk/courses/105/providers/10005669?distance=10
10005822,SHREWSBURY COLLEGES GROUP,105,"Priory Road, Shrewsbury, SY1 1RX",apprenticeships@shrewsbury.ac.uk,01743653444,http://www.scg.ac.uk/apprenticeships/courses,At apprentice's workplace Training at the employer's location.,No achievement rate - not enough data,,https://findapprenticeshiptraining.apprenticeships.education.gov.uk/courses/105/providers/10005822?distance=10
10005886,SKERN LODGE LIMITED,105,"1 Jubilee Street, Brighton, BN1 1GE",enquiries@skerntrainingandskills.co.uk,01237809469,https://www.skerntrainingandskills.co.uk,At apprentice's workplace Training at the employer's location.,No achievement rate - not enough data,,https://findapprenticeshiptraining.apprenticeships.education.gov.uk/courses/105/providers/10005886?distance=10
10005979,HAVANT AND SOUTH DOWNS COLLEGE,105,"College Road, Purbrook, Waterlooville, PO7 8AA",apprenticeships@hsdc.ac.uk,02392794661,https://www.hsdc.ac.uk/study-with-us/apprenticeships/,At apprentice's workplace Training at the employer's location. Day release One day a week at the provider's location.,No achievement rate - not enough data,,https://findapprenticeshiptraining.apprenticeships.education.gov.uk/courses/105/providers/10005979?distance=10
10006022,"SOLENT UNIVERSITY, SOUTHAMPTON",105,"East Park Terrace, Southampton, SO14 0YN",apprenticeships@solent.ac.uk,023 8201 5066,https://www.solent.ac.uk/apprenticeships,At apprentice's workplace Training at the employer's location.,No achievement rate - not enough data,,https://findapprenticeshiptraining.apprenticeships.education.gov.uk/courses/105/providers/10006022?distance=10
10006349,STOKE ON TRENT COLLEGE,105,"Cauldon Campus, Stoke Road, Stoke-On-Trent, ST4 2DG",business@stokecoll.ac.uk,01782 603603,http://www.stokecoll.ac.uk/apprenticeships/,At apprentice's workplace Training at the employer's location. Day release One day a week at the provider's location.,No achievement rate - not enough data,,https://findapprenticeshiptraining.apprenticeships.education.gov.uk/courses/105/providers/10006349?distance=10
10007015,TRAINING SERVICES 2000 LTD,105,"Infirmary Road, Chesterfield, S41 7NG",employers@chesterfield.ac.uk,01332361555,https://www.chesterfield.ac.uk/study-with-us/apprenticeships/apprenticeship-subjects-on-offer/,At apprentice's workplace Training at the employer's location.,No achievement rate - not enough data,,https://findapprenticeshiptraining.apprenticeships.education.gov.uk/courses/105/providers/10007015?distance=10
10007427,WEST NOTTINGHAMSHIRE COLLEGE,105,"Derby Road, Mansfield, NG18 5BH",employerservices@wnc.ac.uk,0800 1218317,https://www.wnc.ac.uk/Apprenticeships/,At apprentice's workplace Training at the employer's location.,No achievement rate - not enough data,,https://findapprenticeshiptraining.apprenticeships.education.gov.uk/courses/105/providers/10007427?distance=10
10007455,Capital City College Group,105,"Kings Cross Centre, 211 Grays Inn Road, London, WC1X 8RA",employer@capitalcct.ac.uk,020 7391 6400,https://www.capitalccg.ac.uk/apprenticeship/team-leader-supervisor-level-3-advanced-apprenticeship/5ca22a58c1e1e/,Block release at multiple locations Blocks of a week or more at the provider's location. Day release at multiple locations One day a week at the provider's location.,No achievement rate - not enough data,,https://findapprenticeshiptraining.apprenticeships.education.gov.uk/courses/105/providers/10007455?distance=10
10007578,CITY OF WOLVERHAMPTON COLLEGE,105,"Paget Road, Wolverhampton, WV6 0DU",apprenticeships@wolvcoll.ac.uk,01902 317541,https://www.wolvcoll.ac.uk/course/team-leader-supervisor-apprenticeship-level-3/,At apprentice's workplace Training at the employer's location.,No achievement rate - not enough data,,https://findapprenticeshiptraining.apprenticeships.education.gov.uk/courses/105/providers/10007578?distance=10
10023526,SOUTH STAFFORDSHIRE COLLEGE,105,"Rodbaston Drive, Penkridge, Stafford, ST19 5PH",apprenticeships@southstaffs.ac.uk,03004562424,http://www.southstaffs.ac.uk,At apprentice's workplace Training at the employer's location.,No achievement rate - not enough data,,https://findapprenticeshiptraining.apprenticeships.education.gov.uk/courses/105/providers/10023526?distance=10
10026590,FOCUS TRAINING (SW) LIMITED,105,"Yeoford Way, Marsh Barton Trading Estate, Exeter, EX2 8LB",enquiries@thefocustraininggroup.com,01752 348980,http://www.thefocustraininggroup.com,At apprentice's workplace Training at the employer's location. Day release One day a week at the provider's location.,No achievement rate - not enough data,,https://findapprenticeshiptraining.apprenticeships.education.gov.uk/courses/105/providers/10026590?distance=10
10027438,QUALITRAIN LIMITED,105,"Genesis Centre, King Street, Alfreton, DE55 7DQ",apprenticeships@qualitrain.co.uk,01773417390,https://www.qualitrain.co.uk/team-leader-supervisor-apprenticeship/,At apprentice's workplace Training at the employer's location. Day release One day a week at the provider's location.,No achievement rate - not enough data,,https://findapprenticeshiptraining.apprenticeships.education.gov.uk/courses/105/providers/10027438?distance=10
10033408,CORNWALL MARINE NETWORK LIMITED,105,"Unit 7, Falmouth Business Park Bickland Water Road, Falmouth, TR11 4SZ",sales@cornwallmarine.net,01326211382,http://www.cornwallmarine.net/16/category/overview-24.html,At apprentice's workplace Training at the employer's location.,No achievement rate - not enough data,,https://findapprenticeshiptraining.apprenticeships.education.gov.uk/courses/105/providers/10033408?distance=10
10033482,E-CAREERS EDUCATION LIMITED,105,"Unit 6, Waterside Drive, Langley, Slough, SL3 6EZ",apprenticeships@e-careers.com,02038000143,https://www.e-careers.com/apprenticeships,At apprentice's workplace Training at the employer's location. Day release One day a week at the provider's location.,No achievement rate - not enough data,,https://findapprenticeshiptraining.apprenticeships.education.gov.uk/courses/105/providers/10033482?distance=10
10033746,SBC TRAINING LIMITED,105,"19g Vanguard Way, Battlefield Enterprise Park, Shrewsbury, SY1 3TG",info@sbc-training.co.uk,01743454810,http://www.sbc-training.co.uk,Day release One day a week at the provider's location.,No achievement rate - not enough data,,https://findapprenticeshiptraining.apprenticeships.education.gov.uk/courses/105/providers/10033746?distance=10
10034931,BRIGHTER BEGINNINGS DAY NURSERY LIMITED,105,"Stocks Lane, Over Peover, Knutsford, WA16 9HA",michele@brighterbeginnings.co.uk,07305020706,https://www.brighterbeginnings.co.uk/early-years-training/,Day release One day a week at the provider's location.,No achievement rate - not enough data,,https://findapprenticeshiptraining.apprenticeships.education.gov.uk/courses/105/providers/10034931?distance=10
10036350,SR SUPPLY CHAIN CONSULTANTS LTD,105,"Parkside House, 190-192 Wigan Road, Euxton, Chorley, PR7 6JW",info@srscc.co.uk,01772282555,https://www.srscc.co.uk/apprenticeships/level-3-team-leader-supervisor-apprenticeship/,At apprentice's workplace Training at the employer's location.,No achievement rate - not enough data,,https://findapprenticeshiptraining.apprenticeships.education.gov.uk/courses/105/providers/10036350?distance=10
10043533,LEWTAY TRAINING LIMITED,105,"Unit 14, Swan Court, Forder Way, Cygnet Park Hampton, Peterborough, PE7 8GX",training@lewtay.co.uk,01733552475,https://www.lewtay.co.uk/apprenticeships/,At apprentice's workplace Training at the employer's location.,No achievement rate - not enough data,,https://findapprenticeshiptraining.apprenticeships.education.gov.uk/courses/105/providers/10043533?distance=10
10043793,APPRENTICE TEAM LTD,105,"Unit 4 Chatsworth Technology Park, Dunston Road, Chesterfield, S41 8XA",info@apprenticeteam.co.uk,01246 278931,https://apprenticeteam.org/team-leader-apprenticeship/,At apprentice's workplace Training at the employer's location.,No achievement rate - not enough data,,https://findapprenticeshiptraining.apprenticeships.education.gov.uk/courses/105/providers/10043793?distance=10
10044457,I & F LIMITED,105,"Park House, 17 Moor Park Avenue, Preston, PR1 6AS",info@skills4group.co.uk,0161 794 0528,https://skills4group.co.uk/our-programmes,At apprentice's workplace Training at the employer's location.,No achievement rate - not enough data,,https://findapprenticeshiptraining.apprenticeships.education.gov.uk/courses/105/providers/10044457?distance=10
10048229,REACH4SKILLS TRAINING LTD,105,"26 Station Road, Gloucester, GL1 1EW",info@reach4skills.co.uk,0330 236 9118,https://reach4skills.co.uk/apprenticeships/#team-leader,At apprentice's workplace Training at the employer's location.,No achievement rate - not enough data,,https://findapprenticeshiptraining.apprenticeships.education.gov.uk/courses/105/providers/10048229?distance=10
10048848,TRAINING WORKS (NW) LTD,105,"7 North Park Drive, Blackpool, FY3 8LP",chloe@training-works.co.uk,01253478180,https://training-works.co.uk/,At apprentice's workplace Training at the employer's location.,No achievement rate - not enough data,,https://findapprenticeshiptraining.apprenticeships.education.gov.uk/courses/105/providers/10048848?distance=10
10056839,THE EDUCATIONWISE ACADEMY LTD,105,"Engine Shed Approach Road, Temple Meads, Bristol, BS1 6QH",info@education-wise.org,01173790450,https://educationwisegroup.co.uk/learners-apprenticeship-programs/leadership-management-learner-apprenticeships/team-leader-learner-apprenticeship/,Block release Blocks of a week or more at the provider's location. Day release One day a week at the provider's location.,No achievement rate - not enough data,,https://findapprenticeshiptraining.apprenticeships.education.gov.uk/courses/105/providers/10056839?distance=10
10063272,APPRENTIFY LIMITED,105,"25 Water Lane, First Floor, Wilmslow, SK9 5AR",info@apprentify.com,03339960165,https://www.apprentify.com,At apprentice's workplace Training at the employer's location. Block release Blocks of a week or more at the provider's location. Day release One day a week at the provider's location.,No achievement rate - not enough data,,https://findapprenticeshiptraining.apprenticeships.education.gov.uk/courses/105/providers/10063272?distance=10
10065020,PROFESSIONAL APPRENTICESHIPS LTD,105,"Filwood Green Business Park, 1 Filwood Park Lane, Bristol, BS4 1ET",info@professionalapprenticeships.co.uk,01174224000,https://pro-app.co.uk/course/team-leader-supervisor-level-3/,At apprentice's workplace Training at the employer's location.,No achievement rate - not enough data,,https://findapprenticeshiptraining.apprenticeships.education.gov.uk/courses/105/providers/10065020?distance=10
10066561,CLEARLINE RECRUITMENT LTD,105,"Stanford House, South Road, Brighton, BN1 6SB",info@nextstepapprenticeships.co.uk,01273063769,http://www.nextstepapprenticeships.co.uk,At apprentice's workplace Training at the employer's location.,No achievement rate - not enough data,,https://findapprenticeshiptraining.apprenticeships.education.gov.uk/courses/105/providers/10066561?distance=10
10080843,GREENLIGHT TRAINING LIMITED,105,"Bergstrand House, Parkwood Close, Roborough, Plymouth, PL6 7SG",rmusgrove@greenlightsc.co.uk,07414288643,www.greenlightsc.co.uk,At apprentice's workplace Training at the employer's location. Block release Blocks of a week or more at the provider's location. Day release One day a week at the provider's location.,No achievement rate - not enough data,,https://findapprenticeshiptraining.apprenticeships.education.gov.uk/courses/105/providers/10080843?distance=10
10003193,HUGH BAIRD COLLEGE,105,"Balliol Road, Bootle, L20 7EW",chris.evison@hughbaird.ac.uk,01513534444,www.hughbaird.ac.uk,Day release One day a week at the provider's location.,No achievement rate - not enough data,,https://findapprenticeshiptraining.apprenticeships.education.gov.uk/courses/105/providers/10003193?distance=10
10000720,BISHOP AUCKLAND COLLEGE,105,"Woodhouse Lane, Bishop Auckland, DL14 6JZ",julie.vincent@bacoll.ac.uk,01388 443000 ext 3269,https://bacoll.ac.uk/Apprenticeships,At apprentice's workplace Training at the employer's location.,No achievement rate - not enough data,,https://findapprenticeshiptraining.apprenticeships.education.gov.uk/courses/105/providers/10000720?distance=10
10001477,CITY OF YORK COUNCIL,105,"West Offices, Station Rise, York, YO1 6GA",tracy.gowlett@york.gov.uk,07743429950,https://yorklearning.org.uk/work-based-qualifications/business-qualifications/,At apprentice's workplace Training at the employer's location.,No achievement rate - not enough data,,https://findapprenticeshiptraining.apprenticeships.education.gov.uk/courses/105/providers/10001477?distance=10
10001848,DARLINGTON BOROUGH COUNCIL,105,"Town Hall, Feethams, Feethams, DL1 5QT",l&s@darlington.gov.uk,01325405601,https://www.darlington.gov.uk/jobs-and-careers/apprenticeships/about-apprenticeships/,Day release One day a week at the provider's location.,No achievement rate - not enough data,,https://findapprenticeshiptraining.apprenticeships.education.gov.uk/courses/105/providers/10001848?distance=10
10004589,TTE TRAINING LIMITED,105,"New Horizons House, New Bridge Road, Ellesmere Port, CH65 4LT",BusinessSupport@ttetraining.ltd.uk,01513576100,http://www.tteltd.co.uk/employers/tte-apprenticeships/,At apprentice's workplace Training at the employer's location.,No achievement rate - not enough data,,https://findapprenticeshiptraining.apprenticeships.education.gov.uk/courses/105/providers/10004589?distance=10
10004762,THE NORTHUMBERLAND COUNCIL,105,"County Hall, Morpeth, NE61 2EF",apprenticeships@northumberland.gov.uk,01670622099,https://www.northumberlandskills.co.uk/apprenticeships,Day release One day a week at the provider's location.,No achievement rate - not enough data,,https://findapprenticeshiptraining.apprenticeships.education.gov.uk/courses/105/providers/10004762?distance=10
10004935,OXFORD PROFESSIONAL EDUCATION GROUP LIMITED,105,"Summertown Pavilion, Middleway, Oxford, OX2 7LG",apprenticeships@oxfordpeg.com,01865515255,https://www.oxfordprofessionaleducation.com/,Day release One day a week at the provider's location.,No achievement rate - not enough data,,https://findapprenticeshiptraining.apprenticeships.education.gov.uk/courses/105/providers/10004935?distance=10
10005277,SKILLS TO GROUP LIMITED,105,"Horizon Building, Western Wood Way, Langage Business Park Plympton, Plymouth, PL7 5BG",enquiries@skillsgroupuk.com,01752 332442,https://www.skillsgroupuk.com,Day release One day a week at the provider's location.,No achievement rate - not enough data,,https://findapprenticeshiptraining.apprenticeships.education.gov.uk/courses/105/providers/10005277?distance=10
10006408,SUNDERLAND ENGINEERING TRAINING ASSOCIATION LIMITED,105,"16-17 Sedling Road, Wear Industrial Estate, Washington, NE38 9BZ",enquiries@seta.co.uk,01914162860,https://seta.co.uk/apprentice/,At apprentice's workplace Training at the employer's location.,No achievement rate - not enough data,,https://findapprenticeshiptraining.apprenticeships.education.gov.uk/courses/105/providers/10006408?distance=10
10007011,NORTHAMPTON COLLEGE,105,"Main Campus, Booth Lane, Northampton, NN3 3RF",Business.Centre@northamptoncollege.ac.uk,01604 734323,http://www.northamptoncollege.ac.uk/courses/leadership-management/428-level-3/1721-management-advanced-apprenticeship.html,At apprentice's workplace Training at the employer's location. Day release One day a week at the provider's location.,No achievement rate - not enough data,,https://findapprenticeshiptraining.apprenticeships.education.gov.uk/courses/105/providers/10007011?distance=10
10021684,LONDON LEARNING CONSORTIUM COMMUNITY INTEREST COMPANY,105,"Christopher Wren Yard, 119 High Street, Croydon, CR0 1QG",h.armstrong@londonlc.org.uk,0208 7744070,http://www.londonlc.org.uk,At apprentice's workplace Training at the employer's location.,No achievement rate - not enough data,,https://findapprenticeshiptraining.apprenticeships.education.gov.uk/courses/105/providers/10021684?distance=10
10021793,PATHWAY FIRST LIMITED,105,"Amington House, 95 Amington Road, Tyseley, Birmingham, B25 8EP",info@pathwaygroup.co.uk,01217070550,https://pathwaygroup.co.uk/course-directory/team-leader-supervisor-apprenticeship/,At apprentice's workplace Training at the employer's location.,No achievement rate - not enough data,,https://findapprenticeshiptraining.apprenticeships.education.gov.uk/courses/105/providers/10021793?distance=10
10021850,Transplant Mastertrain,105,"Schovella, Cliff Road, Gorran Haven, St. Austell, PL26 6JN",jordan@transplantltd.co.uk,01392 426242,https://transplantmastertrain.co.uk/,At apprentice's workplace Training at the employer's location. Block release Blocks of a week or more at the provider's location. Day release One day a week at the provider's location.,No achievement rate - not enough data,,https://findapprenticeshiptraining.apprenticeships.education.gov.uk/courses/105/providers/10021850?distance=10
10024054,PHOENIX4TRAINING LLP,105,"City Gates, 2-4 Southgate, Chichester, PO19 8DJ",contact@p4t.email,01293441913,http://www.phoenix4training.com,At apprentice's workplace Training at the employer's location.,No achievement rate - not enough data,,https://findapprenticeshiptraining.apprenticeships.education.gov.uk/courses/105/providers/10024054?distance=10
10031126,1ST2 ACHIEVE TRAINING LIMITED,105,"8-12, London Street, Southport, PR9 0UE",info@1st2achieve.co.uk,01695 557705,https://1st2achieve.com/services/team-leader-supervisor-level-3/,At apprentice's workplace Training at the employer's location.,No achievement rate - not enough data,,https://findapprenticeshiptraining.apprenticeships.education.gov.uk/courses/105/providers/10031126?distance=10
10031876,FIT UK TRAINING & EDUCATION LTD,105,"Bradford Road, Birstall, Batley, WF17 9PH",alan@fituktraining.co.uk,07785425844,https://fituk.info/programme/team-leader-supervisor/,At apprentice's workplace Training at the employer's location.,No achievement rate - not enough data,,https://findapprenticeshiptraining.apprenticeships.education.gov.uk/courses/105/providers/10031876?distance=10
10036194,AVEREE LTD,105,"2nd Floor, Titan Court, 3 Bishops Square Business Park, Hatfield, AL10 9NE",admin@avereelearning.co.uk,01707256430,http://averee.co.uk,Block release Blocks of a week or more at the provider's location. Day release One day a week at the provider's location.,No achievement rate - not enough data,,https://findapprenticeshiptraining.apprenticeships.education.gov.uk/courses/105/providers/10036194?distance=10
10037198,A S TRAINING (INTERNATIONAL) LIMITED,105,"154 Station Road, Barton, Ormskirk, L39 7JW",info@as-training.co.uk,07816485983,https://as-training.co.uk/apprenticeships/team-leader-or-supervisor-level-3/,At apprentice's workplace Training at the employer's location.,No achievement rate - not enough data,,https://findapprenticeshiptraining.apprenticeships.education.gov.uk/courses/105/providers/10037198?distance=10
10037723,EXCEL TRAINING LIMITED,105,"Unit 64, Century Park, Century Business Centre, Manvers, Rotherham, S63 5DA",damien@exceltrainingltd.co.uk,01709 300255,https://www.exceltrainingltd.co.uk,At apprentice's workplace Training at the employer's location.,No achievement rate - not enough data,,https://findapprenticeshiptraining.apprenticeships.education.gov.uk/courses/105/providers/10037723?distance=10
10040392,GLASS & FENESTRATION TRAINING SOLUTIONS LTD,105,"Unit 8 Navigation Court, Calder Park, Wakefield, WF2 7BJ",emma@gftsltd.co.uk,01208813568,http://www.gftsltd.co.uk,At apprentice's workplace Training at the employer's location.,No achievement rate - not enough data,,https://findapprenticeshiptraining.apprenticeships.education.gov.uk/courses/105/providers/10040392?distance=10
10043389,EXCELLENCE-SOLUTIONS LIMITED,105,"188-190 How Street, London, E17 4QH",info@elvante.co.uk,02080048835,https://www.elvante.co.uk/elvante_course/team-leader/,At apprentice's workplace Training at the employer's location. Block release Blocks of a week or more at the provider's location. Day release One day a week at the provider's location.,No achievement rate - not enough data,,https://findapprenticeshiptraining.apprenticeships.education.gov.uk/courses/105/providers/10043389?distance=10
10043661,OPTIMUM SKILLS LIMITED,105,"Unit 23, Parsons Court, Welbury Way, Aycliffe Business Park, Newton Aycliffe, DL5 6ZE",info@optimumskills.co.uk,01325 311832,http://www.optimumskills.co.uk,At apprentice's workplace Training at the employer's location.,No achievement rate - not enough data,,https://findapprenticeshiptraining.apprenticeships.education.gov.uk/courses/105/providers/10043661?distance=10
10046850,BLUE SKY ASSESSING & CONSULTANCY LTD,105,"Unit B2, Framlingham Road, Moat Park, Earl Soham, Woodbridge, IP13 7SR",enquiries@blueskyassessing.co.uk,07751923311,http://www.blueskyassessing.co.uk,At apprentice's workplace Training at the employer's location.,No achievement rate - not enough data,,https://findapprenticeshiptraining.apprenticeships.education.gov.uk/courses/105/providers/10046850?distance=10
10047354,VELOCITY 1ST LIMITED,105,"The Old Chapel, Union Way, Witney, OX28 6HD",Ben@velocity-academy.co.uk,01132866453,https://velocity-pt.co.uk/apprenticeships/team-leader-supervisor-level-3/,Block release Blocks of a week or more at the provider's location. Day release at multiple locations One day a week at the provider's location.,No achievement rate - not enough data,,https://findapprenticeshiptraining.apprenticeships.education.gov.uk/courses/105/providers/10047354?distance=10
10054679,JLMS MANAGEMENT LTD.,105,"46a, Leigh Road, Eastleigh, SO50 9DT",info@collegebutdifferent.co.uk,02381260404,http://www.collegebutdifferent.co.uk,At apprentice's workplace Training at the employer's location.,No achievement rate - not enough data,,https://findapprenticeshiptraining.apprenticeships.education.gov.uk/courses/105/providers/10054679?distance=10
10056494,BENSON-SMITH LIMITED,105,"Fletchers Mill, Dean Clough Mills, Halifax, HX3 5AX",info@chefbensonsmith.co.uk,01422320553,http://www.chefbensonsmith.co.uk,At apprentice's workplace Training at the employer's location.,No achievement rate - not enough data,,https://findapprenticeshiptraining.apprenticeships.education.gov.uk/courses/105/providers/10056494?distance=10
10056737,CONTRACTING SERVICES (EDUCATION AND SKILLS) LIMITED,105,"60 Prestbury Drive, Warminster, BA12 9LE",lesley@managementtrainingplus.com,07789930837,https://managementtrainingplus.com/course-catalogue-1,At apprentice's workplace Training at the employer's location.,No achievement rate - not enough data,,https://findapprenticeshiptraining.apprenticeships.education.gov.uk/courses/105/providers/10056737?distance=10
10057175,ELEVATED KNOWLEDGE LTD,105,"18 Hammond Avenue, Whitehill Industrial Estate, Stockport, SK4 1PQ",info@elevatedknowledge.co.uk,01614755840,https://elevatedknowledge.co.uk/apprenticeships/,At apprentice's workplace Training at the employer's location.,No achievement rate - not enough data,,https://findapprenticeshiptraining.apprenticeships.education.gov.uk/courses/105/providers/10057175?distance=10
10063268,ASPIRE PROCUREMENT TRAINING LTD,105,"The Base, Dallam Lane, Warrington, WA2 7NG",qualify@cips-training.com,08082312477,https://cips-training.com/cips-courses/cips-apprenticeship,At apprentice's workplace Training at the employer's location. Day release One day a week at the provider's location.,No achievement rate - not enough data,,https://findapprenticeshiptraining.apprenticeships.education.gov.uk/courses/105/providers/10063268?distance=10
10090278,STORYY TRAINING LIMITED,105,"Unit 10, Beech Court, Hurst, Reading, RG10 0RQ",Lisa.Parkinson@Storyy.group,07523 277566,https://storyy.group/apprenticeships-training/,At apprentice's workplace Training at the employer's location.,No achievement rate - not enough data,,https://findapprenticeshiptraining.apprenticeships.education.gov.uk/courses/105/providers/10090278?distance=10
10092052,C2C GROUP LIMITED,105,"9 Warboys Close, Buntingford, SG9 9GA",jane.s@c2cgroup.co.uk,07889 569594,https://c2cgroup.co.uk/training/apprenticeships,At apprentice's workplace Training at the employer's location.,No achievement rate - not enough data,,https://findapprenticeshiptraining.apprenticeships.education.gov.uk/courses/105/providers/10092052?distance=10
10004657,NORFOLK COUNTY COUNCIL,105,"County Hall, Martineau Lane, Norwich, NR1 2DH",al.workforcedevelopment@norfolk.gov.uk,01603306611,https://www.norfolk.gov.uk/education-and-learning/adult-learning/apprenticeships/apprentices,At apprentice's workplace Training at the employer's location. Block release Blocks of a week or more at the provider's location. Day release One day a week at the provider's location.,No achievement rate - not enough data,,https://findapprenticeshiptraining.apprenticeships.education.gov.uk/courses/105/providers/10004657?distance=10
10005509,ROCHDALE TRAINING ASSOCIATION LIMITED,105,"Fishwick Street, Rochdale, OL16 5NA",marketing@rochdaletraining.co.uk,01706 631417,https://www.rochdaletraining.co.uk/team-leader-supervisor-standard-level-3,At apprentice's workplace Training at the employer's location. Block release Blocks of a week or more at the provider's location. Day release One day a week at the provider's location.,No achievement rate - not enough data,,https://findapprenticeshiptraining.apprenticeships.education.gov.uk/courses/105/providers/10005509?distance=10
10005599,S & B AUTOMOTIVE ACADEMY LIMITED,105,"Princess Street, Bedminster, Bristol, BS3 4AG",contactus@sandbaa.com,0117 953 3001,https://sandbacademy.co.uk,At apprentice's workplace Training at the employer's location.,No achievement rate - not enough data,,https://findapprenticeshiptraining.apprenticeships.education.gov.uk/courses/105/providers/10005599?distance=10
10005752,SERCO LIMITED,105,"Serco House, 16 Bartley Wood Business Park, Bartley Way, Hook, RG27 9UY",learnerrecruitment@serco.com,0121 281 5215,www.serco-ese.com,At apprentice's workplace Training at the employer's location. Day release One day a week at the provider's location.,No achievement rate - not enough data,,https://findapprenticeshiptraining.apprenticeships.education.gov.uk/courses/105/providers/10005752?distance=10
10009091,SPAN TRAINING & DEVELOPMENT LIMITED,105,"Mercury House, 19-21 Chapel Street, Marlow, SL7 3HN",enquiries@span.org.uk,08455485100,http://www.spantraining.co.uk,At apprentice's workplace Training at the employer's location.,No achievement rate - not enough data,,https://findapprenticeshiptraining.apprenticeships.education.gov.uk/courses/105/providers/10009091?distance=10
10022117,DAWN HODGE ASSOCIATES LIMITED,105,"Metropolitan House, 3 Darkes Lane, Potters Bar, CH64 3RU",team@dhassociates.co.uk,01513366900,http://www.dhassociates.co.uk/apprenticeships/team-leader-supervisor-level-3/,At apprentice's workplace Training at the employer's location.,No achievement rate - not enough data,,https://findapprenticeshiptraining.apprenticeships.education.gov.uk/courses/105/providers/10022117?distance=10
10029426,ABM TRAINING (UK) LTD,105,"Chevaline Bredgar Road, Tunstall, Sittingbourne, ME9 8DY",Gilly@abmtraining.co.uk,01634799950,www.abmtraining.co.uk,At apprentice's workplace Training at the employer's location.,No achievement rate - not enough data,,https://findapprenticeshiptraining.apprenticeships.education.gov.uk/courses/105/providers/10029426?distance=10
10042190,JANCETT CHILDCARE & JACE TRAINING LIMITED,105,"Head Office, 16-18 Stanley Park Road, Wallington, SM6 0EU",studentservices@jace-training.co.uk,02087738146,https://jace-training.co.uk/apprenticeships/level-3-team-leader-supervisor/,Day release at multiple locations One day a week at the provider's location.,No achievement rate - not enough data,,https://findapprenticeshiptraining.apprenticeships.education.gov.uk/courses/105/providers/10042190?distance=10
10042505,SOMERSET SKILLS & LEARNING CIC,105,"Churchill House, Robins Drive, Brigwater, TA6 4DL",enquiries@sslcic.co.uk,03303327997,https://sslcourses.co.uk/,At apprentice's workplace Training at the employer's location. Day release One day a week at the provider's location.,No achievement rate - not enough data,,https://findapprenticeshiptraining.apprenticeships.education.gov.uk/courses/105/providers/10042505?distance=10
10046677,SPORTING FUTURES TRAINING (UK) LTD,105,"Business & Technology Centre, Bessemer Drive, Stevenage, SG1 2DX",admin@esfapprenticeships.co.uk,01784222300,https://esfapprenticeships.co.uk/apprenticeships/school-team-leader-apprenticeship/,At apprentice's workplace Training at the employer's location. Day release One day a week at the provider's location.,No achievement rate - not enough data,,https://findapprenticeshiptraining.apprenticeships.education.gov.uk/courses/105/providers/10046677?distance=10
10056738,FIRST INTUITION LIMITED,105,"Conway Mews, London, W1T 6AA",clientsupport@fi.co.uk,0207 323 9636,https://www.firstintuition.co.uk/apprenticeships/,Block release Blocks of a week or more at the provider's location.,No achievement rate - not enough data,,https://findapprenticeshiptraining.apprenticeships.education.gov.uk/courses/105/providers/10056738?distance=10
10000820,"BOURNEMOUTH AND POOLE COLLEGE, THE",105,"North Road, Poole, BH14 0LS",apprenticeships@bpc.ac.uk,01202 205500,https://www.thecollege.co.uk/college/study/course-types/apprenticeships,Day release One day a week at the provider's location.,No achievement rate - not enough data,,https://findapprenticeshiptraining.apprenticeships.education.gov.uk/courses/105/providers/10000820?distance=10
10001476,UNITED COLLEGES GROUP,105,"Paddington Green Campus, 25 Paddington Green, London, W2 1NB",apprenticeships@cwc.ac.uk,02072585658,https://www.cwc.ac.uk/courses/section/apprenticeships,At apprentice's workplace Training at the employer's location.,No achievement rate - not enough data,,https://findapprenticeshiptraining.apprenticeships.education.gov.uk/courses/105/providers/10001476?distance=10
10001539,THE COLLEGE OF ANIMAL WELFARE LIMITED,105,"Headland House, Chord Business Park, London Road, Godmanchester, Huntingdon, PE29 2BQ",admin@caw.ac.uk,01480422060,https://business.caw.ac.uk/course/team-leader-supervisor-level-3-apprenticeship/,Block release Blocks of a week or more at the provider's location.,No achievement rate - not enough data,,https://findapprenticeshiptraining.apprenticeships.education.gov.uk/courses/105/providers/10001539?distance=10
10001696,CORNWALL COLLEGE,105,"John Keay House, Tregonissey Road, St. Austell, PL25 4DJ",apprenticeships@cornwall.ac.uk,0330 123 4785,-,Day release at multiple locations One day a week at the provider's location.,No achievement rate - not enough data,,https://findapprenticeshiptraining.apprenticeships.education.gov.uk/courses/105/providers/10001696?distance=10
10001850,DARLINGTON COLLEGE,105,"Central Park, Haughton Road, Darlington, DL1 1DR",enquiryline@darlington.ac.uk,01325503030,https://www.instituteforapprenticeships.org/apprenticeship-standards/team-leader-or-supervisor-v1-2,Day release One day a week at the provider's location.,No achievement rate - not enough data,,https://findapprenticeshiptraining.apprenticeships.education.gov.uk/courses/105/providers/10001850?distance=10
10001919,DCG,105,"Roundhouse Road, Pride Park, Derby, DE24 8JE",enquiries@derby-college.ac.uk,01332 387 424,https://www.derby-college.ac.uk/apprenticeships-earn-learn,Block release Blocks of a week or more at the provider's location. Day release One day a week at the provider's location.,No achievement rate - not enough data,,https://findapprenticeshiptraining.apprenticeships.education.gov.uk/courses/105/providers/10001919?distance=10
10002599,FURNESS COLLEGE,105,"Channelside, Barrow-In-Furness, LA14 2PJ",businesssupport@furness.ac.uk,01229 844836,-,Day release One day a week at the provider's location.,No achievement rate - not enough data,,https://findapprenticeshiptraining.apprenticeships.education.gov.uk/courses/105/providers/10002599?distance=10
10002899,HARLOW COLLEGE,105,"Velizy Avenue, Harlow, CM20 3LH",apprenticeships@harlow-college.ac.uk,01279 868100,https://www.harlow-college.ac.uk/study-options/apprenticeships/item/team-leader-supervisor-apprenticeship-2022-23,Day release One day a week at the provider's location.,No achievement rate - not enough data,,https://findapprenticeshiptraining.apprenticeships.education.gov.uk/courses/105/providers/10002899?distance=10
10003529,JUNIPER TRAINING LIMITED,105,"Hilton Cross Business Park, Featherstone, Wolverhampton, WV10 7QZ",apprenticeships@junipertraining.co.uk,01902864194,https://www.junipertraining.co.uk,At apprentice's workplace Training at the employer's location.,No achievement rate - not enough data,,https://findapprenticeshiptraining.apprenticeships.education.gov.uk/courses/105/providers/10003529?distance=10
10004144,MACCLESFIELD COLLEGE,105,"Park Lane, Macclesfield, SK11 8LF",businessunit@macclesfield.ac.uk,01625 410022,https://macclesfield.ac.uk/apprenticeships/welcome-to-apprenticeships/,At apprentice's workplace Training at the employer's location.,No achievement rate - not enough data,,https://findapprenticeshiptraining.apprenticeships.education.gov.uk/courses/105/providers/10004144?distance=10
10004579,NEW COLLEGE SWINDON,105,"New College Drive, Swindon, SN3 1AH",apprenticeships@newcollege.ac.uk,01793 498208,https://www.newcollege.ac.uk/apprenticeships/become-an-apprentice/programmes/,At apprentice's workplace Training at the employer's location.,No achievement rate - not enough data,,https://findapprenticeshiptraining.apprenticeships.education.gov.uk/courses/105/providers/10004579?distance=10
10004607,NEWHAM COLLEGE OF FURTHER EDUCATION,105,"East Ham Campus, High Street South, London, E6 6ER",ambreen.sabir@newham.ac.uk,07535825217,https://www.newham.ac.uk/apprenticeships-landing-page/,At apprentice's workplace Training at the employer's location. Day release One day a week at the provider's location.,No achievement rate - not enough data,,https://findapprenticeshiptraining.apprenticeships.education.gov.uk/courses/105/providers/10004607?distance=10
10004676,PETROC,105,"Old Sticklepath Hill, Sticklepath, Barnstaple, EX31 2BQ",apprenticeshipteam@petroc.ac.uk,01271852419,https://www.petroc.ac.uk/apprenticeships/becoming-an-apprentice/,Day release at multiple locations One day a week at the provider's location.,No achievement rate - not enough data,,https://findapprenticeshiptraining.apprenticeships.education.gov.uk/courses/105/providers/10004676?distance=10
10005981,SOUTH ESSEX COLLEGE OF FURTHER AND HIGHER EDUCATION,105,"Luker Road, Southend-On-Sea, SS1 1ND",apprenticeships@southessex.ac.uk,03455212345,https://www.southessex.ac.uk/search,Day release One day a week at the provider's location.,No achievement rate - not enough data,,https://findapprenticeshiptraining.apprenticeships.education.gov.uk/courses/105/providers/10005981?distance=10
10006050,SPARSHOLT COLLEGE,105,"Westley Lane, Sparsholt, Winchester, SO21 2NF",apprenticeships@sparsholt.ac.uk,01962 797503,https://www.sparsholt.ac.uk/our-apprenticeships/,Day release One day a week at the provider's location.,No achievement rate - not enough data,,https://findapprenticeshiptraining.apprenticeships.education.gov.uk/courses/105/providers/10006050?distance=10
10006174,ST HELENS COLLEGE,105,"Water Street, St. Helens, WA10 1PP",businessunit@sthelens.ac.uk,01744623521,http://www.sthelens.ac.uk/employers/employer-apprenticeships,At apprentice's workplace Training at the employer's location.,No achievement rate - not enough data,,https://findapprenticeshiptraining.apprenticeships.education.gov.uk/courses/105/providers/10006174?distance=10
10007193,"HRUC (HARROW, RICHMOND AND UXBRIDGE COLLEGES)",105,"Park Road, Uxbridge, UB8 1NQ",apprenticeships@hcuc.ac.uk,01895853780,https://apprenticeships.hcuc.ac.uk/subjects/team-leader-supervisor-apprenticeship/,At apprentice's workplace Training at the employer's location. Day release at multiple locations One day a week at the provider's location.,No achievement rate - not enough data,,https://findapprenticeshiptraining.apprenticeships.education.gov.uk/courses/105/providers/10007193?distance=10
10007696,YEOVIL COLLEGE,105,"Mudford Road, Yeovil, BA21 4DR",apprenticeships@yeovil.ac.uk,01935845392,https://www.yeovil.ac.uk/apprenticeships/,At apprentice's workplace Training at the employer's location.,No achievement rate - not enough data,,https://findapprenticeshiptraining.apprenticeships.education.gov.uk/courses/105/providers/10007696?distance=10
10013515,NORTHERN CARE TRAINING LIMITED,105,"1-10 Dunelm Rise, Durhamgate, Spennymoor, DL16 6FS",julie.dixon@learningcurvegroup.co.uk,01388436162,https://www.learningcurvegroup.co.uk/courses/team-leader-or-supervisor-apprenticeship/,At apprentice's workplace Training at the employer's location.,No achievement rate - not enough data,,https://findapprenticeshiptraining.apprenticeships.education.gov.uk/courses/105/providers/10013515?distance=10
10022788,THE CHILD CARE COMPANY (OLD WINDSOR) LIMITED,105,"The Porter Building, Office 219, Brunel Way, Slough, SL1 1FQ",info@impactfutures.co.uk,01753596004,https://impactfutures.co.uk/programmes/level-3-team-leader-supervisor/,At apprentice's workplace Training at the employer's location.,No achievement rate - not enough data,,https://findapprenticeshiptraining.apprenticeships.education.gov.uk/courses/105/providers/10022788?distance=10
10023489,ACORN TRAINING LTD,105,"8 Piccadilly Arcade, Stoke-On-Trent, ST1 1DL",jill.sheffield@acorntraining.co.uk,01782827827,https://www.acorntraining.co.uk/apprenticeships/,At apprentice's workplace Training at the employer's location.,No achievement rate - not enough data,,https://findapprenticeshiptraining.apprenticeships.education.gov.uk/courses/105/providers/10023489?distance=10
10024962,LUMINATE EDUCATION GROUP,105,"Park Lane, Leeds, LS3 1AA",employers@leedscitycollege.ac.uk; apprenticeships@keighleycollege.ac.uk,01132846464,https://leedscitycollege.ac.uk/employ-an-apprentice/ ; https://keighleycollege.ac.uk/apprenticeships/,Day release at multiple locations One day a week at the provider's location.,No achievement rate - not enough data,,https://findapprenticeshiptraining.apprenticeships.education.gov.uk/courses/105/providers/10024962?distance=10
10032052,TRAIN TOGETHER LIMITED,105,"3 Gilmour Close, Leicester, LE4 1EZ",info@traintogetherltd.co.uk,0116 2358000,https://www.traintogetherltd.co.uk,At apprentice's workplace Training at the employer's location.,No achievement rate - not enough data,,https://findapprenticeshiptraining.apprenticeships.education.gov.uk/courses/105/providers/10032052?distance=10
10034037,THE EQUESTRIAN LEARNING ACADEMY LIMITED,105,"Floor 3, Office 303, Boundary House, Boston Road, London, W7 2QE",info@ela-training.co.uk,02080171425,https://ela-training.co.uk/courses/team-leader-supervisor-apprenticeship-level3,At apprentice's workplace Training at the employer's location.,No achievement rate - not enough data,,https://findapprenticeshiptraining.apprenticeships.education.gov.uk/courses/105/providers/10034037?distance=10
10034527,NEXTSTEP TRAINING LIMITED,105,"Unit A2, Ment House, 1b Mentmore Terrace, London, E8 3DQ",info@nextsteptrainingltd.co.uk,02072475497,-,At apprentice's workplace Training at the employer's location. Block release Blocks of a week or more at the provider's location. Day release One day a week at the provider's location.,No achievement rate - not enough data,,https://findapprenticeshiptraining.apprenticeships.education.gov.uk/courses/105/providers/10034527?distance=10
10038931,PENSHAW VIEW TRAINING LIMITED,105,"11 Ashdale, Houghton Le Spring, DH4 7SL",info@penshawview.co.uk,03302236144,http://www.penshawviewtraining.co.uk,At apprentice's workplace Training at the employer's location.,No achievement rate - not enough data,,https://findapprenticeshiptraining.apprenticeships.education.gov.uk/courses/105/providers/10038931?distance=10
10045955,BESPOKE PROFESSIONAL DEVELOPMENT AND TRAINING LIMITED,105,"4 Universal Square, Devonshire Street North, Manchester, M12 6JH",info@b2wgroup.com,0113 543 4646,https://www.b2wgroup.com/,At apprentice's workplace Training at the employer's location. Day release One day a week at the provider's location.,No achievement rate - not enough data,,https://findapprenticeshiptraining.apprenticeships.education.gov.uk/courses/105/providers/10045955?distance=10
10052607,PERFORMANCE LEARNING GROUP LTD,105,"Unit 5, Ducketts Wharf, South Street, Bishop's Stortford, CM23 3AR",info@plgrp.co.uk,01279898763,http://www.plgrp.co.uk,At apprentice's workplace Training at the employer's location. Block release Blocks of a week or more at the provider's location.,No achievement rate - not enough data,,https://findapprenticeshiptraining.apprenticeships.education.gov.uk/courses/105/providers/10052607?distance=10
10052638,EDUCATION AND SKILLS TRAINING & DEVELOPMENT LIMITED,105,"The Hollies, 14 School Lane, Auckley, Doncaster, DN9 3JR",enquiries@education-and-skills.com,01302 802220,https://education-and-skills-td.com/apprenticeships,At apprentice's workplace Training at the employer's location.,No achievement rate - not enough data,,https://findapprenticeshiptraining.apprenticeships.education.gov.uk/courses/105/providers/10052638?distance=10
10054118,BESPOKE CONSULTANCY & EDUCATION LIMITED,105,"Paramount House Unit 2, Concorde Drive, Five C Business Centre, Clevedon, BS21 6UH",info@bcelearn.co.uk,01275 876733,https://bcelearn.co.uk/business-apprenticeships/,At apprentice's workplace Training at the employer's location.,No achievement rate - not enough data,,https://findapprenticeshiptraining.apprenticeships.education.gov.uk/courses/105/providers/10054118?distance=10
10056500,T3 TRAINING & DEVELOPMENT LTD,105,"Barnsley Business & Innovation Centre, Innovation Way, Barnsley, S75 1JL",training@t3-training.com,01226610201,http://www.t3-training.com,At apprentice's workplace Training at the employer's location.,No achievement rate - not enough data,,https://findapprenticeshiptraining.apprenticeships.education.gov.uk/courses/105/providers/10056500?distance=10
10061833,SKILLCERT LIMITED,105,"Office 12, Enterprise House, Bute Street, Cardiff, CF10 5LE",darren.moore@skillcert.co.uk,07719058504,https://skillcert.co.uk,At apprentice's workplace Training at the employer's location.,No achievement rate - not enough data,,https://findapprenticeshiptraining.apprenticeships.education.gov.uk/courses/105/providers/10061833?distance=10
10082140,SKILLS OFFICE NETWORK LTD,105,"Unit 7-8, Delta Bank Road, Metro Riverside Park, Gateshead, NE11 9DJ",thomas.moore@momentouslearning.co.uk,01914661615,https://www.momentouslearning.co.uk/,Block release Blocks of a week or more at the provider's location. Day release One day a week at the provider's location.,No achievement rate - not enough data,,https://findapprenticeshiptraining.apprenticeships.education.gov.uk/courses/105/providers/10082140?distance=10
10001467,CITY OF BRISTOL COLLEGE,105,"St. Georges Road, Bristol, BS1 5UA",apprentice@cityofbristol.ac.uk,0117 312 5250,https://www.cityofbristol.ac.uk/courses/team-leader-supervisor-level-3-apprenticeship/,At apprentice's workplace Training at the employer's location.,No achievement rate - not enough data,,https://findapprenticeshiptraining.apprenticeships.education.gov.uk/courses/105/providers/10001467?distance=10
10004116,EAST COAST COLLEGE,105,"St. Peters Street, Lowestoft, NR32 2NB",apprenticeships@eastcoast.ac.uk,0800 085 8860,https://www.eastcoast.ac.uk/programmes-we-offer/,At apprentice's workplace Training at the employer's location.,No achievement rate - not enough data,,https://findapprenticeshiptraining.apprenticeships.education.gov.uk/courses/105/providers/10004116?distance=10
10004375,MILTON KEYNES COLLEGE,105,"Chaffron Way, Leadenhall, Milton Keynes, MK6 5LP",apprenticeships@mkcollege.ac.uk,01908 637056,https://www.mkcollege.ac.uk/apprenticeships,Day release One day a week at the provider's location.,No achievement rate - not enough data,,https://findapprenticeshiptraining.apprenticeships.education.gov.uk/courses/105/providers/10004375?distance=10
10005404,REASEHEATH COLLEGE,105,"Reaseheath, Nantwich, CW5 6DF",apprenticeships@reaseheath.ac.uk,01270613221,https://www.reaseheath.ac.uk/apprenticeships-level-3-team-leader-supervisor/,Day release One day a week at the provider's location.,No achievement rate - not enough data,,https://findapprenticeshiptraining.apprenticeships.education.gov.uk/courses/105/providers/10005404?distance=10
10021391,PROFESSIONAL TRAINING SOLUTIONS LIMITED,105,"Office 2, Tweed House, Park Lane, Swanley, BR8 8DT",enquiries@protrain-solutions.co.uk,01252712945,https://www.protrain-solutions.co.uk/courses/team-leadersupervisor/,At apprentice's workplace Training at the employer's location.,No achievement rate - not enough data,,https://findapprenticeshiptraining.apprenticeships.education.gov.uk/courses/105/providers/10021391?distance=10
10043980,REAL SKILLS TRAINING LTD,105,"215 Crosby Road South, Seaforth, Liverpool, L21 4LT",info@real-skills.co.uk,01512576969,https://real-skills.co.uk,At apprentice's workplace Training at the employer's location. Block release Blocks of a week or more at the provider's location. Day release One day a week at the provider's location.,No achievement rate - not enough data,,https://findapprenticeshiptraining.apprenticeships.education.gov.uk/courses/105/providers/10043980?distance=10
10000944,BROCKENHURST COLLEGE,105,"Lyndhurst Road, Brockenhurst, SO42 7ZE",enquiries@brock.ac.uk,01590 625555,https://www.brock.ac.uk/college-course/team-leader-supervisor-apprenticeship-level-3/,At apprentice's workplace Training at the employer's location.,No achievement rate - not enough data,,https://findapprenticeshiptraining.apprenticeships.education.gov.uk/courses/105/providers/10000944?distance=10
10001353,CHELMSFORD COLLEGE,105,"Moulsham Street, Chelmsford, CM2 0JQ",apprenticeships@chelmsford.ac.uk,01245293031,https://www.chelmsford.ac.uk/courses/view-course.asp?courseid=327,At apprentice's workplace Training at the employer's location.,No achievement rate - not enough data,,https://findapprenticeshiptraining.apprenticeships.education.gov.uk/courses/105/providers/10001353?distance=10
10001446,CIRENCESTER COLLEGE,105,"Fosse Way Campus, Stroud Road, Cirencester, GL7 1XA",hayley.pearce@cirencester.ac.uk,01285626259,https://www.cirencester.ac.uk,At apprentice's workplace Training at the employer's location. Day release One day a week at the provider's location.,No achievement rate - not enough data,,https://findapprenticeshiptraining.apprenticeships.education.gov.uk/courses/105/providers/10001446?distance=10
10002094,"EALING, HAMMERSMITH & WEST LONDON COLLEGE",105,"Gliddon Road, London, W14 9BL",employer@wlc.ac.uk,02075651333,https://www.wlc.ac.uk/apprenticeships,Day release One day a week at the provider's location.,No achievement rate - not enough data,,https://findapprenticeshiptraining.apprenticeships.education.gov.uk/courses/105/providers/10002094?distance=10
10003289,INDEPENDENT TRAINING SERVICES LIMITED,105,"Queens Court, Regent Street, Barnsley, S70 2EG",info@ind-training.co.uk,01226 295471,http://www.independenttrainingcollege.co.uk/apprenticeships/,At apprentice's workplace Training at the employer's location.,No achievement rate - not enough data,,https://findapprenticeshiptraining.apprenticeships.education.gov.uk/courses/105/providers/10003289?distance=10
10004835,OAKLANDS COLLEGE,105,"Oaklands Campus, Hatfield Road, AL4 0JA",apprenticeships@oaklands.ac.uk,01727 737510,https://www.oaklands.ac.uk/study/apprenticeships/,At apprentice's workplace Training at the employer's location. Day release One day a week at the provider's location.,No achievement rate - not enough data,,https://findapprenticeshiptraining.apprenticeships.education.gov.uk/courses/105/providers/10004835?distance=10
10004856,OLDHAM ENGINEERING GROUP TRAINING ASSOCIATION LIMITED (THE),105,"Lees Road, Oldham, OL4 1JP",recruitment@otctraining.co.uk,01616245360,https://www.otctraining.co.uk/our-apprenticeships/,At apprentice's workplace Training at the employer's location. Day release One day a week at the provider's location.,No achievement rate - not enough data,,https://findapprenticeshiptraining.apprenticeships.education.gov.uk/courses/105/providers/10004856?distance=10
10006398,SUFFOLK NEW COLLEGE,105,"Rope Walk, Ipswich, IP4 1LT",apprenticeships@suffolk.ac.uk,01473 382600,https://www.suffolk.ac.uk/study-with-us/apprenticeships/,At apprentice's workplace Training at the employer's location.,No achievement rate - not enough data,,https://findapprenticeshiptraining.apprenticeships.education.gov.uk/courses/105/providers/10006398?distance=10
10007375,WEBS TRAINING LIMITED,105,"The Poplars, Woolaton Road, Beeston, Nottingham, NG9 2PD",e.dougan@webstraining.com,01159677771,https://www.webstraining.com/team-leader-supervisor-apprenticeship-course,Day release One day a week at the provider's location.,No achievement rate - not enough data,,https://findapprenticeshiptraining.apprenticeships.education.gov.uk/courses/105/providers/10007375?distance=10
10008426,PGL TRAINING (PLUMBING) LIMITED,105,"1 Dunelm Rise, Durhamgate, Spennymoor, DL16 6FS",enquiries@pgltraining.com,01392 437373,http://www.pgltraining.com/,At apprentice's workplace Training at the employer's location.,No achievement rate - not enough data,,https://findapprenticeshiptraining.apprenticeships.education.gov.uk/courses/105/providers/10008426?distance=10
10023918,ANDERSON STOCKLEY ACCREDITED TRAINING LTD,105,"Unit 2 Pavilion Court, 600 Pavilion Drive, Northampton, NN4 7SL",enquiries@asatraining.co.uk,01604871340,http://andersonstockley.co.uk/team-leader-supervisor-apprenticeship/,At apprentice's workplace Training at the employer's location.,No achievement rate - not enough data,,https://findapprenticeshiptraining.apprenticeships.education.gov.uk/courses/105/providers/10023918?distance=10
10028038,EAST ESSEX VOCATIONAL TRAINING LIMITED,105,"249 Silbury Boulevard, Milton Keynes, MK9 1NA",pierre@eevtraining.com,07932911800,https://www.eevtraining.com/teamleadersupervisor,At apprentice's workplace Training at the employer's location. Day release at multiple locations One day a week at the provider's location.,No achievement rate - not enough data,,https://findapprenticeshiptraining.apprenticeships.education.gov.uk/courses/105/providers/10028038?distance=10
10037798,CROWN VOCATIONAL TRAINING LIMITED,105,"32 Clarence Street, Southend-On-Sea, SS1 1BD",recruitment@crownvt.co.uk,01702 597499,https://www.crownvocationaltraining.co.uk/apprenticeships/what-we-offer/team-leading-management/,At apprentice's workplace Training at the employer's location. Day release One day a week at the provider's location.,No achievement rate - not enough data,,https://findapprenticeshiptraining.apprenticeships.education.gov.uk/courses/105/providers/10037798?distance=10
10038872,GENIUS SOFTWARE SOLUTIONS LIMITED,105,"1439 Cumbernauld Road, Glasgow, G33 1AN",jmcewan@geniuspeople.co.uk,07876578281,https://geniuspeople.co.uk/,At apprentice's workplace Training at the employer's location.,No achievement rate - not enough data,,https://findapprenticeshiptraining.apprenticeships.education.gov.uk/courses/105/providers/10038872?distance=10
10045070,CHERITH SIMMONS LEARNING & DEVELOPMENT LLP,105,"G05 Rourke House, Watermans Business Park, The Causeway, Staines, TW18 3BA",apprenticeships@cherithsimmons.co.uk,01932856565,https://cherithsimmons.co.uk/corporate/front-line-leadership/management-apprenticeship-level-3/,At apprentice's workplace Training at the employer's location. Day release One day a week at the provider's location.,No achievement rate - not enough data,,https://findapprenticeshiptraining.apprenticeships.education.gov.uk/courses/105/providers/10045070?distance=10
10056863,APPROVED TRAINING LIMITED,105,"1 Comberton Road, Kidderminster, DY10 1UA",info@approvedtraining.net,07912657400,https://www.approvedtraining.net/,At apprentice's workplace Training at the employer's location.,No achievement rate - not enough data,,https://findapprenticeshiptraining.apprenticeships.education.gov.uk/courses/105/providers/10056863?distance=10
10005972,CHESHIRE COLLEGE SOUTH AND WEST,105,"Danebank Avenue, Crewe, CW2 8AB",employers@ccsw.ac.uk,01244 656499,https://www.ccsw.ac.uk/apprenticeships/,Day release One day a week at the provider's location.,No achievement rate - not enough data,,https://findapprenticeshiptraining.apprenticeships.education.gov.uk/courses/105/providers/10005972?distance=10
10000794,BOLTON COLLEGE,105,"Deane Road Campus, Deane Road, Bolton, BL3 5BG",apprenticeships@boltoncc.ac.uk,01204 482033,https://www.boltoncollege.ac.uk/courses/app-business,Day release One day a week at the provider's location.,No achievement rate - not enough data,,https://findapprenticeshiptraining.apprenticeships.education.gov.uk/courses/105/providers/10000794?distance=10
10002078,E-TRAINING LIMITED,105,"12 Lambarde Square, London, SE10 9GB",Apprenticeships@etraining-uk.com,08003288331,https://etraining-uk.com/register-interest/,At apprentice's workplace Training at the employer's location.,No achievement rate - not enough data,,https://findapprenticeshiptraining.apprenticeships.education.gov.uk/courses/105/providers/10002078?distance=10
10002107,THE WINDSOR FOREST COLLEGES GROUP,105,"Station Road, Langley, Slough, SL3 8BY",business.services@windsor-forest.ac.uk,01753 443855,http://www.windsor-forest.ac.uk,At apprentice's workplace Training at the employer's location.,No achievement rate - not enough data,,https://findapprenticeshiptraining.apprenticeships.education.gov.uk/courses/105/providers/10002107?distance=10
10004577,NOTTINGHAM COLLEGE,105,"Adams Building, Stoney Street, Nottingham, NG1 1NG",hannah.rogers@nottinghamcollege.ac.uk,0115 945 7260,https://www.nottinghamcollege.ac.uk/employers/apprenticeships/programmes/team-leader-advanced-apprenticeship-level-3,At apprentice's workplace Training at the employer's location.,No achievement rate - not enough data,,https://findapprenticeshiptraining.apprenticeships.education.gov.uk/courses/105/providers/10004577?distance=10
10005891,SKILLNET LIMITED,105,"Radius House, 51 Clarendon Road, Watford, WD17 1HP",recruitment@skillnet.org.uk,01923630800,https://skillnet.training/,At apprentice's workplace Training at the employer's location.,No achievement rate - not enough data,,https://findapprenticeshiptraining.apprenticeships.education.gov.uk/courses/105/providers/10005891?distance=10
10005967,SOUTH & CITY COLLEGE BIRMINGHAM,105,"High Street Deritend, Digbeth, Birmingham, B5 5SU",hello@southandcity.com,0121 694 5000,http://www.sccb.ac.uk/courses?subject=Apprenticeships,Block release Blocks of a week or more at the provider's location. Day release One day a week at the provider's location.,No achievement rate - not enough data,,https://findapprenticeshiptraining.apprenticeships.education.gov.uk/courses/105/providers/10005967?distance=10
10006770,THE OLDHAM COLLEGE,105,"Rochdale Road, Oldham, OL9 6AA",info@oldham.ac.uk,0161 785 4000,http://www.oldham.ac.uk,Day release One day a week at the provider's location.,No achievement rate - not enough data,,https://findapprenticeshiptraining.apprenticeships.education.gov.uk/courses/105/providers/10006770?distance=10
10062041,SKILLS4STEM LTD.,105,"Bedford I Lab, Stannard Way, Priory Business Park, Bedford, MK44 3RZ",info@skills4stem.co.uk,01234245534,https://skills4stem.com/apprenticeships,Block release at multiple locations Blocks of a week or more at the provider's location. Day release at multiple locations One day a week at the provider's location.,No achievement rate - not enough data,,https://findapprenticeshiptraining.apprenticeships.education.gov.uk/courses/105/providers/10062041?distance=10
10009389,DERWENT TRAINING ASSOCIATION,105,"Hertford Way, York Road Business Park, Malton, YO17 6YG",info@derwenttraining.co.uk,01653697698,https://www.derwenttraining.co.uk/,Day release One day a week at the provider's location.,No achievement rate - not enough data,,https://findapprenticeshiptraining.apprenticeships.education.gov.uk/courses/105/providers/10009389?distance=10
10004576,NEW COLLEGE DURHAM,105,"Framwellgate Moor, Durham, DH1 5ES",apprenticeships@newdur.ac.uk,01913754000,https://www.newcollegedurham.ac.uk/apprenticeships#,Day release One day a week at the provider's location.,No achievement rate - not enough data,,https://findapprenticeshiptraining.apprenticeships.education.gov.uk/courses/105/providers/10004576?distance=10
10003755,SOUTH BANK COLLEGES,105,"103 Borough Road, London, SE1 0AA",apprenticeships@southbankcolleges.ac.uk,07970236367,https://www.southbankcolleges.ac.uk/courses/apprenticeships,At apprentice's workplace Training at the employer's location. Block release Blocks of a week or more at the provider's location. Day release One day a week at the provider's location.,No achievement rate - not enough data,,https://findapprenticeshiptraining.apprenticeships.education.gov.uk/courses/105/providers/10003755?distance=10
10001967,DIDAC LIMITED,105,"Crews Hole Road, Bristol, BS5 8BB",info@didac.co.uk,08007734230,https://didac.co.uk/warehouse-and-management/,At apprentice's workplace Training at the employer's location.,No achievement rate - not enough data,,https://findapprenticeshiptraining.apprenticeships.education.gov.uk/courses/105/providers/10001967?distance=10
10002111,EAST DURHAM COLLEGE,105,"Willerby Grove, Peterlee, SR8 2RN",apprenticeships@eastdurham.ac.uk,0191 518 5508,https://www.edc.ac.uk/apprentices/types-levels-apprenticeships/team-leader-operationsdepartmental-manager,At apprentice's workplace Training at the employer's location.,No achievement rate - not enough data,,https://findapprenticeshiptraining.apprenticeships.education.gov.uk/courses/105/providers/10002111?distance=10
10002697,GLOUCESTERSHIRE COUNTY COUNCIL,105,"Shire Hall, Westgate Street, Gloucester, GL1 2TG",adedapps@gloucestershire.gov.uk,01452583800,https://www.gloucestershire.gov.uk/adult-education-in-gloucestershire/our-apprenticeships/level-3-team-leadersupervisor/#main,Day release One day a week at the provider's location.,No achievement rate - not enough data,,https://findapprenticeshiptraining.apprenticeships.education.gov.uk/courses/105/providers/10002697?distance=10
10018297,NORTON WEBB LIMITED,105,"Kingswood House, 80 Richardshaw Lane, Stanningley, Pudsey, LS28 6BN",info@nortonwebb.com,0113 239 6540,https://nortonwebb.com/apprenticeships/,At apprentice's workplace Training at the employer's location.,No achievement rate - not enough data,,https://findapprenticeshiptraining.apprenticeships.education.gov.uk/courses/105/providers/10018297?distance=10
10023829,GLOBAL SKILLS TRAINING LTD,105,"Old Acton Library, 1st Floor, High Street, Acton, W3 6NA",hello@global-skills.com,02088962889,https://global-skills.com/apprenticeships/business-sector-apprenticeships/team-leader-supervisor/,At apprentice's workplace Training at the employer's location.,No achievement rate - not enough data,,https://findapprenticeshiptraining.apprenticeships.education.gov.uk/courses/105/providers/10023829?distance=10
10029195,RHG CONSULT LTD,105,"Harborough Innovation Centre, Airfield Business Park, Wellington Way, Market Harborough, LE16 7WB",info@rhgconsult.co.uk,03456039311,http://www.rhgconsult.co.uk,At apprentice's workplace Training at the employer's location. Day release at multiple locations One day a week at the provider's location.,No achievement rate - not enough data,,https://findapprenticeshiptraining.apprenticeships.education.gov.uk/courses/105/providers/10029195?distance=10
10031028,GLAS BUSINESS SOLUTIONS LIMITED,105,"Unit 14, Business Development Centre, Main Avenue, Treforest Industrial Estate, Pontypridd, CF37 5UR",info@glasbusiness.co.uk,01443844565,http://www.glastraining.co.uk/,At apprentice's workplace Training at the employer's location.,No achievement rate - not enough data,,https://findapprenticeshiptraining.apprenticeships.education.gov.uk/courses/105/providers/10031028?distance=10
10036516,QUEST TRAINING SOUTH EAST LTD,105,"8 Ormonde Court, Hythe, CT21 6DP",info@questfortraining.com,01474 704441,http://www.questfortraining.com,At apprentice's workplace Training at the employer's location.,No achievement rate - not enough data,,https://findapprenticeshiptraining.apprenticeships.education.gov.uk/courses/105/providers/10036516?distance=10
10036736,K S TRAINING LIMITED,105,"Acacia House Trentham Business Quarter, Bellringer Road, Trentham, Stoke-On-Trent, ST4 8GB",admin@kstraininggroup.com,0330 122 4950,-,At apprentice's workplace Training at the employer's location.,No achievement rate - not enough data,,https://findapprenticeshiptraining.apprenticeships.education.gov.uk/courses/105/providers/10036736?distance=10
10039140,THE RECALVI ENTERPRISE LTD,105,"64 Southwark Bridge Road, London, SE1 0AS",enquiries@apprenticeshipconnect.co.uk,02031037033,https://www.apprenticeshipconnect.co.uk,At apprentice's workplace Training at the employer's location.,No achievement rate - not enough data,,https://findapprenticeshiptraining.apprenticeships.education.gov.uk/courses/105/providers/10039140?distance=10
10040334,SYSTEM PEOPLE LIMITED,105,"Carlisle Airport, Carlisle, CA6 4NW",info@sptraininguk.com,01228 530552,www.sptraininguk.com/apprenticeships/transport-apprenticeships/team-leader-apprenticeship/,At apprentice's workplace Training at the employer's location.,No achievement rate - not enough data,,https://findapprenticeshiptraining.apprenticeships.education.gov.uk/courses/105/providers/10040334?distance=10
10041239,DYNAMO HEALTHCARE TRAINING LTD,105,"40 Coinagehall Street, Helston, TR13 8EQ",h.smith@dynamohealthcaretraining.co.uk,01736753933,https://www.dynamo-training.co.uk/team-leader-management-training/,At apprentice's workplace Training at the employer's location.,No achievement rate - not enough data,,https://findapprenticeshiptraining.apprenticeships.education.gov.uk/courses/105/providers/10041239?distance=10
10049233,VARSITY TRAINING LIMITED,105,"340 The Crescent, Colchester, CO4 9AD",enquiries@varsitytraining.co.uk,01934 235236,https://varsitytraining.co.uk,At apprentice's workplace Training at the employer's location. Day release at multiple locations One day a week at the provider's location.,No achievement rate - not enough data,,https://findapprenticeshiptraining.apprenticeships.education.gov.uk/courses/105/providers/10049233?distance=10
10049392,SWARM TRAINING C.I.C.,105,"Crafton House Rosebery Business Park, Mentmore Way, Poringland, Norwich, NR14 7XP",info@swarmgroup.org.uk,0800 0868199,https://www.swarmtraining.org.uk/team-leader/supervisor-apprenticeship,At apprentice's workplace Training at the employer's location.,No achievement rate - not enough data,,https://findapprenticeshiptraining.apprenticeships.education.gov.uk/courses/105/providers/10049392?distance=10
10054584,WHYY? CHANGE LIMITED,105,"Unit 7b, New York Stadium, New York Way, Rotherham, S60 1FJ",info@whyychange.com,0114 400 0077,http://www.whyychange.com,Day release One day a week at the provider's location.,No achievement rate - not enough data,,https://findapprenticeshiptraining.apprenticeships.education.gov.uk/courses/105/providers/10054584?distance=10
10057050,ASSOCIATED NEIGHBOUR TRAINING LIMITED,105,"65 Woodbridge Road, Guildford, GU1 4RD",duncanneighbour@btconnect.com,01883 742 032,http://www.neighbour-training.co.uk,At apprentice's workplace Training at the employer's location.,No achievement rate - not enough data,,https://findapprenticeshiptraining.apprenticeships.education.gov.uk/courses/105/providers/10057050?distance=10
10063869,ISALES ACADEMY LIMITED,105,"Egale 1 80, St. Albans Road, Watford, WD17 1DL",lisa@isalesacademy.co.uk,01923606810,https://isalesacademy.co.uk/team-leader/,At apprentice's workplace Training at the employer's location.,No achievement rate - not enough data,,https://findapprenticeshiptraining.apprenticeships.education.gov.uk/courses/105/providers/10063869?distance=10
10000812,BOSTON COLLEGE,105,"Skirbeck Road, Boston, PE21 6JF",apprenticeships@boston.ac.uk,01205313238,https://www.boston.ac.uk/courses/find-a-course/area/business/team-leader-supervisor-apprenticeship-level-3-2/,Day release One day a week at the provider's location.,No achievement rate - not enough data,,https://findapprenticeshiptraining.apprenticeships.education.gov.uk/courses/105/providers/10000812?distance=10
10001004,BURTON AND SOUTH DERBYSHIRE COLLEGE,105,"Lichfield Street, Burton-On-Trent, DE14 3RL",apprenticeships@bsdc.ac.uk,01283 494 510,https://www.bsdc.ac.uk/explore/course/view/5/1382,Day release One day a week at the provider's location.,No achievement rate - not enough data,,https://findapprenticeshiptraining.apprenticeships.education.gov.uk/courses/105/providers/10001004?distance=10
10001116,CAMBRIDGE REGIONAL COLLEGE,105,"Kings Hedges Road, Cambridge, CB4 2QT",crctraining@camre.ac.uk,01223 418778,http://www.camre.ac.uk/employers,At apprentice's workplace Training at the employer's location.,No achievement rate - not enough data,,https://findapprenticeshiptraining.apprenticeships.education.gov.uk/courses/105/providers/10001116?distance=10
10001723,COVENTRY CITY COUNCIL,105,"Council House, Earl Street, Coventry, CV1 5RR",Ben.Roughton@coventry.gov.uk,07795269651,http://www.coventry.gov.uk/info/58/adult_education/2291/apprenticeships,At apprentice's workplace Training at the employer's location. Day release One day a week at the provider's location.,No achievement rate - not enough data,,https://findapprenticeshiptraining.apprenticeships.education.gov.uk/courses/105/providers/10001723?distance=10
10001743,CRAVEN COLLEGE,105,"Airville Campus, Gargrave Road, Skipton, BD23 1US",apprenticeships@craven-college.ac.uk,01756693681,https://www.craven-college.ac.uk/apprenticeships/,At apprentice's workplace Training at the employer's location. Day release at multiple locations One day a week at the provider's location.,No achievement rate - not enough data,,https://findapprenticeshiptraining.apprenticeships.education.gov.uk/courses/105/providers/10001743?distance=10
10001778,CROYDON COLLEGE,105,"College Road, Croydon, CR9 1DX",hollie.reynolds@croydon.ac.uk,02086865700,https://croydon.ac.uk/apprenticeships/,Day release One day a week at the provider's location.,No achievement rate - not enough data,,https://findapprenticeshiptraining.apprenticeships.education.gov.uk/courses/105/providers/10001778?distance=10
10002655,GENII ENGINEERING & TECHNOLOGY TRAINING LIMITED,105,"Blackwood Road, Lillyhall Industrial Estate, Workington, CA14 4JW",info@gen2.ac.uk,01900701300,http://www.gen2.ac.uk/employers/,Day release at multiple locations One day a week at the provider's location.,No achievement rate - not enough data,,https://findapprenticeshiptraining.apprenticeships.education.gov.uk/courses/105/providers/10002655?distance=10
10002923,EAST SUSSEX COLLEGE GROUP,105,"Cross Levels Way, Eastbourne, BN21 2UF",apprenticeships@escg.ac.uk,030 300 39777,https://www.escg.ac.uk/apprenticeships/,At apprentice's workplace Training at the employer's location.,No achievement rate - not enough data,,https://findapprenticeshiptraining.apprenticeships.education.gov.uk/courses/105/providers/10002923?distance=10
10004285,MEDWAY COUNCIL,105,"Gun Wharf, Dock Road, Chatham, ME4 4TR",esther.beswick@medway.gov.uk,01634 338400,www.medwayadulteducation.co.uk,At apprentice's workplace Training at the employer's location. Day release at multiple locations One day a week at the provider's location.,No achievement rate - not enough data,,https://findapprenticeshiptraining.apprenticeships.education.gov.uk/courses/105/providers/10004285?distance=10
10004596,NEWBURY COLLEGE,105,"Monks Lane, Newbury, RG14 7TD",business@newbury-college.ac.uk,01635845229,https://www.newbury-college.ac.uk/apprenticeships,At apprentice's workplace Training at the employer's location. Day release at multiple locations One day a week at the provider's location.,No achievement rate - not enough data,,https://findapprenticeshiptraining.apprenticeships.education.gov.uk/courses/105/providers/10004596?distance=10
10006337,STOCKTON-ON-TEES BOROUGH COUNCIL,105,"Dunedin House, Colombia Drive, Thornaby, Stockton-On-Tees, TS17 6BJ",learning.skills@stockton.gov.uk,01642527916,https://www.slss.ac.uk/apprenticeships/,Day release One day a week at the provider's location.,No achievement rate - not enough data,,https://findapprenticeshiptraining.apprenticeships.education.gov.uk/courses/105/providers/10006337?distance=10
10006426,SURREY COUNTY COUNCIL,105,"Woodhatch Place, 11 Cockshot Hill, Woodhatch, Reigate, RH2 8EF",apprenticeshipsSAL@surreycc.gov.uk,03002001044,https://www.surreycc.gov.uk/schools-and-learning/adult-learning/courses/adult-learning-apprenticeship-courses,At apprentice's workplace Training at the employer's location. Block release Blocks of a week or more at the provider's location. Day release One day a week at the provider's location.,No achievement rate - not enough data,,https://findapprenticeshiptraining.apprenticeships.education.gov.uk/courses/105/providers/10006426?distance=10
10006442,BIRMINGHAM METROPOLITAN COLLEGE,105,"Jennens Road, Birmingham, B4 7PS",training@bmet.ac.uk,01213622101,https://www.bmet.ac.uk/employers/apprenticeships-for-employers/,At apprentice's workplace Training at the employer's location.,No achievement rate - not enough data,,https://findapprenticeshiptraining.apprenticeships.education.gov.uk/courses/105/providers/10006442?distance=10
10022358,PROFOUND SERVICES LIMITED,105,"1-10 Dunelm Rise, Durhamgate, Spennymoor, DL16 6FS",yourapprenticeship@LearningCurveGroup.co.uk,01388436268,https://www.learningcurvegroup.co.uk/courses/learners/level-three-team-leader-supervisor,At apprentice's workplace Training at the employer's location.,No achievement rate - not enough data,,https://findapprenticeshiptraining.apprenticeships.education.gov.uk/courses/105/providers/10022358?distance=10
10022513,Avant Skills Academy,105,"Pearl Assurance House, George Street, Grimsby, DN31 1HB",apprenticeships@avant.ac.uk,01472426624,https://www.avant.ac.uk/leadership-management-apprenticeships/,Day release at multiple locations One day a week at the provider's location.,No achievement rate - not enough data,,https://findapprenticeshiptraining.apprenticeships.education.gov.uk/courses/105/providers/10022513?distance=10
10023428,MEDIPRO LIMITED,105,"Sopwith Close, Preston Farm Industrial Estate, Stockton-On-Tees, TS18 3TT",contact@teesapprenticeships.co.uk,01325609030,https://teesapprenticeships.co.uk/contact,At apprentice's workplace Training at the employer's location. Block release Blocks of a week or more at the provider's location. Day release One day a week at the provider's location.,No achievement rate - not enough data,,https://findapprenticeshiptraining.apprenticeships.education.gov.uk/courses/105/providers/10023428?distance=10
10025384,Make UK,105,"Broadway House, Tothill Street, London, SW1H 9NQ",asrecruitment@makeuk.org,01213447900,https://www.makeuk.org/future-makers/apprentices,At apprentice's workplace Training at the employer's location. Block release Blocks of a week or more at the provider's location.,No achievement rate - not enough data,,https://findapprenticeshiptraining.apprenticeships.education.gov.uk/courses/105/providers/10025384?distance=10
10027272,Nova Training,105,"3 Lower Lichfield Street, Willenhall, WV13 1PX",info@novatraining.co.uk,01902716100,https://novatraining.co.uk/employers/apprenticeships,At apprentice's workplace Training at the employer's location. Day release at multiple locations One day a week at the provider's location.,No achievement rate - not enough data,,https://findapprenticeshiptraining.apprenticeships.education.gov.uk/courses/105/providers/10027272?distance=10
10030871,WATERTRAIN LIMITED,105,"Suite A4, Chadwick House, Warrington Road, Birchwood Park Birchwood, Warrington, WA3 6AE",info@watertrain.co.uk,03330431431,http://www.watertrain.co.uk,At apprentice's workplace Training at the employer's location. Block release Blocks of a week or more at the provider's location. Day release One day a week at the provider's location.,No achievement rate - not enough data,,https://findapprenticeshiptraining.apprenticeships.education.gov.uk/courses/105/providers/10030871?distance=10
10033815,GREY SEAL ACADEMY LIMITED,105,"57 Ashbourne Road, Derby, DE22 3FS",enquiries@greysealacademy.co.uk,01773829121,https://www.greyseal.co.uk,At apprentice's workplace Training at the employer's location.,No achievement rate - not enough data,,https://findapprenticeshiptraining.apprenticeships.education.gov.uk/courses/105/providers/10033815?distance=10
10038165,WMC TRAINING LTD,105,"Suite 56-57 Sophia House, 28 Cathedral Road, Cardiff, CF11 9LJ",paul.rees@wmctraining.co.uk,02920647610,http://www.wmctraining.co.uk/,At apprentice's workplace Training at the employer's location.,No achievement rate - not enough data,,https://findapprenticeshiptraining.apprenticeships.education.gov.uk/courses/105/providers/10038165?distance=10
10052832,LEIGH ACADEMIES TRUST,105,"Carnation Road, Rochester, ME2 2SX",info@latapprenticeships.org.uk,07540140422,https://www.latapprenticeships.com/team-leader-or-supervisor,Day release One day a week at the provider's location.,No achievement rate - not enough data,,https://findapprenticeshiptraining.apprenticeships.education.gov.uk/courses/105/providers/10052832?distance=10
10052863,FE BUSINESS LIMITED,105,"Gadd House, Arcadia Avenue, London, N3 2JU",omar.khan@febusiness.co.uk,07956484692,https://www.reflectlearning.com,At apprentice's workplace Training at the employer's location.,No achievement rate - not enough data,,https://findapprenticeshiptraining.apprenticeships.education.gov.uk/courses/105/providers/10052863?distance=10
10055749,WISER ACADEMY LIMITED,105,"Barrett House, Savoy Close, Andover, SP10 2HZ",enquiry@wiseracademy.co.uk,01264317517,https://www.wiseracademy.co.uk/apprenticeships,At apprentice's workplace Training at the employer's location. Block release Blocks of a week or more at the provider's location. Day release One day a week at the provider's location.,No achievement rate - not enough data,,https://findapprenticeshiptraining.apprenticeships.education.gov.uk/courses/105/providers/10055749?distance=10
10063578,"BARKING, HAVERING AND REDBRIDGE UNIVERSITY HOSPITALS NHS TRUST",105,-,bhrut.apprenticeships@nhs.net,01708435000,https://www.bhrhospitals.nhs.uk/apprenticeships/,At apprentice's workplace Training at the employer's location. Day release at multiple locations One day a week at the provider's location.,No achievement rate - not enough data,,https://findapprenticeshiptraining.apprenticeships.education.gov.uk/courses/105/providers/10063578?distance=10
10089621,CAVITY DENTAL TRAINING LIMITED,105,"614 Reading Road, Winnersh, Wokingham, RG41 5HE",lisa.pearman@cavitytraining.co.uk,011189668291,https://cavitytraining.co.uk,At apprentice's workplace Training at the employer's location.,No achievement rate - not enough data,,https://findapprenticeshiptraining.apprenticeships.education.gov.uk/courses/105/providers/10089621?distance=10
10003035,HERTFORD REGIONAL COLLEGE,105,"London Road, Ware, SG12 9JF",apprenticeship@hrc.ac.uk,01992411572,https://www.hrc.ac.uk/apprenticeships-and-employers,At apprentice's workplace Training at the employer's location.,No achievement rate - not enough data,,https://findapprenticeshiptraining.apprenticeships.education.gov.uk/courses/105/providers/10003035?distance=10
10003406,ISLE OF WIGHT COLLEGE,105,"Medina Way, Newport, PO30 5TA",apprenticeships@iwcollege.ac.uk,01983 550709,https://www.iwcollege.ac.uk/course-areas/apprenticeships/,At apprentice's workplace Training at the employer's location. Day release One day a week at the provider's location.,No achievement rate - not enough data,,https://findapprenticeshiptraining.apprenticeships.education.gov.uk/courses/105/providers/10003406?distance=10
10006378,STRODE COLLEGE,105,"Church Road, Street, BA16 0AB",sdrew@strode-college.ac.uk,01458844419,http://www.strode-college.ac.uk,At apprentice's workplace Training at the employer's location.,No achievement rate - not enough data,,https://findapprenticeshiptraining.apprenticeships.education.gov.uk/courses/105/providers/10006378?distance=10
10000080,ACCESS FURTHER EDUCATION LIMITED,105,"Heath Mill Studios, 68 Heath Mill Lane, Birmingham, B9 4AR",stanley.shirley@accesstomusic.ac.uk,0161 504 2894,https://www.accesscreative.ac.uk/,At apprentice's workplace Training at the employer's location.,No achievement rate - not enough data,,https://findapprenticeshiptraining.apprenticeships.education.gov.uk/courses/105/providers/10000080?distance=10
10000099,ACHIEVEMENT TRAINING LIMITED,105,"Norwich Union House, 2 St. Andrews Cross, Plymouth, PL1 1DN",admissions@achievementtraining.com,01752 202266,https://achievementtraining.com/apprenticeships/team-leader-supervisor-apprenticeship-standard-level-3/,At apprentice's workplace Training at the employer's location. Day release One day a week at the provider's location.,No achievement rate - not enough data,,https://findapprenticeshiptraining.apprenticeships.education.gov.uk/courses/105/providers/10000099?distance=10
10000105,APPRENTICESHIP LEARNING SOLUTIONS LIMITED,105,"Ocean Park House, East Tyndall Street, Cardiff, CF24 5ET",info@alstraining.org.uk,02922 677020,http://www.alstraining.org.uk,At apprentice's workplace Training at the employer's location.,No achievement rate - not enough data,,https://findapprenticeshiptraining.apprenticeships.education.gov.uk/courses/105/providers/10000105?distance=10
10000528,BARKING AND DAGENHAM COLLEGE,105,"Dagenham Road, Romford, RM7 0XU",employer.services@bdc.ac.uk,020 3667 0419,https://barkingdagenhamcollege.ac.uk/,Day release One day a week at the provider's location.,No achievement rate - not enough data,,https://findapprenticeshiptraining.apprenticeships.education.gov.uk/courses/105/providers/10000528?distance=10
10000532,BARNARDO'S,105,"Head Office, Tanners Lane, Barkingside, Ilford, IG6 1QG",ets@barnardos.org.uk,0191 296 3367,https://www.barnardos-ets.org.uk/centres/,At apprentice's workplace Training at the employer's location. Day release at multiple locations One day a week at the provider's location.,No achievement rate - not enough data,,https://findapprenticeshiptraining.apprenticeships.education.gov.uk/courses/105/providers/10000532?distance=10
10000533,BARNET & SOUTHGATE COLLEGE,105,"Wood Street, Barnet, EN5 4AZ",apprentice@barnetsouthgate.ac.uk,020 3764 4333,https://www.barnetsouthgate.ac.uk/apprenticeships,Day release One day a week at the provider's location.,No achievement rate - not enough data,,https://findapprenticeshiptraining.apprenticeships.education.gov.uk/courses/105/providers/10000533?distance=10
10001298,EDUCATION DEVELOPMENT TRUST,105,"Highbridge House, 16-18 Duke Street, Reading, RG1 4RU",cgeorge@edt.org,07827277061,https://www.edt.org/united-kingdom/services/partnering-with-employers/,Day release One day a week at the provider's location.,No achievement rate - not enough data,,https://findapprenticeshiptraining.apprenticeships.education.gov.uk/courses/105/providers/10001298?distance=10
10002131,EAST SUSSEX COUNTY COUNCIL,105,"County Hall, St. Annes Crescent, Lewes, BN7 1UE",aqt@eastsussex.gov.uk,01323463363,https://www.eastsussex.gov.uk/jobs/apprenticeships/apprenticeships-at-east-sussex-county-council/becoming-an-apprentice,At apprentice's workplace Training at the employer's location.,No achievement rate - not enough data,,https://findapprenticeshiptraining.apprenticeships.education.gov.uk/courses/105/providers/10002131?distance=10
10002471,First College,105,"Unit 3, Louth Station Estate, Louth, LN11 0JT",enquiries@firstcollegelincs.co.uk,01507601122,https://firstcollegelincs.co.uk/wp-content/uploads/2025/04/Team-Leader-Supervisor-Level-3-Apprenticeship-Standards-1-2.pdf,At apprentice's workplace Training at the employer's location.,No achievement rate - not enough data,,https://findapprenticeshiptraining.apprenticeships.education.gov.uk/courses/105/providers/10002471?distance=10
10003190,HUDDERSFIELD TEXTILE TRAINING LIMITED,105,"The Old School, New Hey Road, Huddersfield, HD3 3YJ",martinjenkins@textile-training.com,01484346500,http://textilehouse.co.uk/,At apprentice's workplace Training at the employer's location. Day release One day a week at the provider's location.,No achievement rate - not enough data,,https://findapprenticeshiptraining.apprenticeships.education.gov.uk/courses/105/providers/10003190?distance=10
10003455,JARROLD & SONS LIMITED,105,"St. James Works, 12-20 Whitefriars, Norwich, NR3 1SH",apprenticeships@jarroldtraining.co.uk,01603677107,https://www.jarroldtraining.co.uk/course/ilm-level-3-diploma-apprenticeship-in-leadership-management/,Block release Blocks of a week or more at the provider's location. Day release One day a week at the provider's location.,No achievement rate - not enough data,,https://findapprenticeshiptraining.apprenticeships.education.gov.uk/courses/105/providers/10003455?distance=10
10003979,AZESTA LIMITED,105,"7 Kings Court, Pateley Bridge, Harrogate, HG3 5JW",apprenticeships@azesta.co.uk,01423711904,http://www.azesta.co.uk/apprenticeships/,At apprentice's workplace Training at the employer's location.,No achievement rate - not enough data,,https://findapprenticeshiptraining.apprenticeships.education.gov.uk/courses/105/providers/10003979?distance=10
10004000,SUTTON LONDON BOROUGH COUNCIL,105,"Civic Offices, St. Nicholas Way, Sutton, SM1 1EA",apprentices@suttoncollege.ac.uk,020 8289 4700,https://www.suttoncollege.ac.uk/business-training/apprenticeships/,Day release One day a week at the provider's location.,No achievement rate - not enough data,,https://findapprenticeshiptraining.apprenticeships.education.gov.uk/courses/105/providers/10004000?distance=10
10004002,WANDSWORTH LONDON BOROUGH COUNCIL,105,"Town Hall, Wandsworth High Street, London, SW18 2PU",wcllapps@richmondandwandsworth.gov.uk,0208 871 8627,https://www.wandsworthlifelonglearning.org.uk/learn/apprenticeships,Day release One day a week at the provider's location.,No achievement rate - not enough data,,https://findapprenticeshiptraining.apprenticeships.education.gov.uk/courses/105/providers/10004002?distance=10
10004013,THE LONDON COLLEGE OF BEAUTY THERAPY LIMITED,105,"Electra House, 84 Moorgate, London, EC2M 6SE",info@efitraining.co.uk,020 7307 2350,https://www.efitraining.co.uk/apprenticeships/,At apprentice's workplace Training at the employer's location.,No achievement rate - not enough data,,https://findapprenticeshiptraining.apprenticeships.education.gov.uk/courses/105/providers/10004013?distance=10
10004124,LUTON BOROUGH COUNCIL,105,"Town Hall, George Street, Luton, LU1 2BQ",info@lutonacl.ac.uk,01582490033,http://www.lutonacl.ac.uk/employers-and-partners/,Day release One day a week at the provider's location.,No achievement rate - not enough data,,https://findapprenticeshiptraining.apprenticeships.education.gov.uk/courses/105/providers/10004124?distance=10
10004343,MIDDLESBROUGH COUNCIL,105,"Po Box 500, Middlesbrough, TS1 9FT",delia.leadbitter@maes.ac.uk,01642729676,http://www.mcls.ac.uk/apprentices.html,Day release One day a week at the provider's location.,No achievement rate - not enough data,,https://findapprenticeshiptraining.apprenticeships.education.gov.uk/courses/105/providers/10004343?distance=10
10004376,MILTON KEYNES COUNCIL,105,"Civic Offices, 1 Saxon Gate East, Milton Keynes, MK9 3EJ",mkcqualifications@milton-keynes.gov.uk,01908 253989,https://www.milton-keynes.gov.uk,At apprentice's workplace Training at the employer's location. Day release One day a week at the provider's location.,No achievement rate - not enough data,,https://findapprenticeshiptraining.apprenticeships.education.gov.uk/courses/105/providers/10004376?distance=10
10004442,MOULTON COLLEGE,105,"West Street, Moulton, Northampton, NN3 7RR",apprenticeships@moulton.ac.uk,01604491131,https://www.moulton.ac.uk/courses/apprenticeships,At apprentice's workplace Training at the employer's location. Block release Blocks of a week or more at the provider's location. Day release One day a week at the provider's location.,No achievement rate - not enough data,,https://findapprenticeshiptraining.apprenticeships.education.gov.uk/courses/105/providers/10004442?distance=10
10004686,NORTH EAST SURREY COLLEGE OF TECHNOLOGY (NESCOT),105,"Reigate Road, Epsom, KT17 3DS",businesscentre@nescot.ac.uk,02083948593,https://www.nescot.ac.uk/apprenticeships/business-apprenticeships/courses/Team_Leader_Apprenticeship_N8800/,Day release One day a week at the provider's location.,No achievement rate - not enough data,,https://findapprenticeshiptraining.apprenticeships.education.gov.uk/courses/105/providers/10004686?distance=10
10004714,North Tyneside Adult Learning Service,105,"Quadrant, 16 The Silverlink North, Cobalt Business Park, Newcastle Upon Tyne, NE27 0BY",curriculum.support@northtyneside.gov.uk,0191 643 2288,https://www.skillsnorthtyneside.org.uk/apprenticeships/,Day release One day a week at the provider's location.,No achievement rate - not enough data,,https://findapprenticeshiptraining.apprenticeships.education.gov.uk/courses/105/providers/10004714?distance=10
10004716,NORTH WALES TRAINING LTD.,105,"Ty Copa, Argyll Road, Llandudno, LL30 1DF",michelle.webber@copaapprenticeships.com,+447570114582,https://nwtraining.ac.uk/contact,At apprentice's workplace Training at the employer's location.,No achievement rate - not enough data,,https://findapprenticeshiptraining.apprenticeships.education.gov.uk/courses/105/providers/10004716?distance=10
10004720,NORTH WEST COMMUNITY SERVICES TRAINING LTD,105,"238 Station Road, Addlestone, KT15 2PS",hello@learnmoreuk.com,07463 816680,https://www.learnmoreuk.com,At apprentice's workplace Training at the employer's location.,No achievement rate - not enough data,,https://findapprenticeshiptraining.apprenticeships.education.gov.uk/courses/105/providers/10004720?distance=10
10005101,PILOT IMS LIMITED,105,"5 Coombs Wood Court, Steelpark Road, Halesowen, NN3 6LF",enq@pilot-uk.com,01217940230,https://pilot-uk.com,At apprentice's workplace Training at the employer's location.,No achievement rate - not enough data,,https://findapprenticeshiptraining.apprenticeships.education.gov.uk/courses/105/providers/10005101?distance=10
10005126,PLYMOUTH CITY COUNCIL,105,"Ballard House, West Hoe Road, Plymouth, PL1 3BJ",info@oncoursesouthwest.co.uk,01752660713,www.oncoursesouthwest.co.uk,At apprentice's workplace Training at the employer's location. Block release Blocks of a week or more at the provider's location. Day release One day a week at the provider's location.,No achievement rate - not enough data,,https://findapprenticeshiptraining.apprenticeships.education.gov.uk/courses/105/providers/10005126?distance=10
10005157,PORTSMOUTH CITY COUNCIL,105,"Civic Offices, Guildhall Square, Portsmouth, PO1 2BG",thelearningplace@portsmouthcc.gov.uk,02392621860,https://learn.portsmouth.gov.uk,At apprentice's workplace Training at the employer's location. Day release One day a week at the provider's location.,No achievement rate - not enough data,,https://findapprenticeshiptraining.apprenticeships.education.gov.uk/courses/105/providers/10005157?distance=10
10005736,UNIFIED SEEVIC PALMER'S COLLEGE,105,-,info@uspcollege.ac.uk,01268 756 111,https://www.uspcollege.ac.uk/courses-careers/our-courses/,At apprentice's workplace Training at the employer's location. Block release Blocks of a week or more at the provider's location. Day release One day a week at the provider's location.,No achievement rate - not enough data,,https://findapprenticeshiptraining.apprenticeships.education.gov.uk/courses/105/providers/10005736?distance=10
10005839,SIGTA LIMITED,105,"26 Abinger Road, Portslade, Brighton, BN41 1RZ",apprenticeships@Sigta.co.uk,01273 416989,https://sigta.co.uk,At apprentice's workplace Training at the employer's location.,No achievement rate - not enough data,,https://findapprenticeshiptraining.apprenticeships.education.gov.uk/courses/105/providers/10005839?distance=10
10007123,UK TRAINING & DEVELOPMENT LIMITED,105,"4 Beacon Road, Great Barr, Birmingham, B43 7BP",enquiries@uktd.co.uk,01442230130,http://www.uktd.co.uk,At apprentice's workplace Training at the employer's location.,No achievement rate - not enough data,,https://findapprenticeshiptraining.apprenticeships.education.gov.uk/courses/105/providers/10007123?distance=10
10008986,Waverley Training Services,105,"The Burys, Godalming, GU7 1HR",qualifications@waverley.gov.uk,01252 725872,http://waverley.gov.uk/wts,At apprentice's workplace Training at the employer's location.,No achievement rate - not enough data,,https://findapprenticeshiptraining.apprenticeships.education.gov.uk/courses/105/providers/10008986?distance=10
10009095,TENDRING DISTRICT COUNCIL,105,"Town Hall, Station Road, Clacton-On-Sea, CO15 1SE",ctrack@tendringdc.gov.uk,01255686306,www.tendringdc.gov.uk/content/what-we-offer-4,At apprentice's workplace Training at the employer's location.,No achievement rate - not enough data,,https://findapprenticeshiptraining.apprenticeships.education.gov.uk/courses/105/providers/10009095?distance=10
10009213,FASHION RETAIL ACADEMY,105,"Electra House, 84 Moorgate, London, EC2M 6SE",info@efitraining.co.uk,020 7307 2350,https://www.efitraining.co.uk/apprenticeships/level-3-team-leader,At apprentice's workplace Training at the employer's location. Block release Blocks of a week or more at the provider's location. Day release One day a week at the provider's location.,No achievement rate - not enough data,,https://findapprenticeshiptraining.apprenticeships.education.gov.uk/courses/105/providers/10009213?distance=10
10009491,MAINSTREAM TRAINING LIMITED,105,"4 Armstrong Road, Kings Row, Maidstone, ME15 6AQ",rebecca.adams@recruitandtrain.com,01795 418100,http://www.mainstreamgroup.co.uk/apprenticeships,At apprentice's workplace Training at the employer's location.,No achievement rate - not enough data,,https://findapprenticeshiptraining.apprenticeships.education.gov.uk/courses/105/providers/10009491?distance=10
10013225,HALIFAX OPPORTUNITIES TRUST,105,"Hanson Lane, Halifax, HX1 5PG",diane.illingworth@regen.org.uk,07732499826,https://www.halifaxopportunitiestrust.org.uk,At apprentice's workplace Training at the employer's location. Block release Blocks of a week or more at the provider's location. Day release One day a week at the provider's location.,No achievement rate - not enough data,,https://findapprenticeshiptraining.apprenticeships.education.gov.uk/courses/105/providers/10013225?distance=10
10019300,INTEGER TRAINING LIMITED,105,"9 Bude Business Centre, Kings Hill Industrial Estate, Bude, EX23 8QN",mail@integer.co.uk,01288356263,http://integer.co.uk/index.php/apprenticeship/l3-team-leader-supervisor/,At apprentice's workplace Training at the employer's location.,No achievement rate - not enough data,,https://findapprenticeshiptraining.apprenticeships.education.gov.uk/courses/105/providers/10019300?distance=10
10019736,UNIQUE TRAINING SOLUTIONS LIMITED,105,"Unit 10, Sandridge Park, Porters Wood, St. Albans, AL3 6PH",michelle@uniquetrainingsolutions.co.uk,01727 733999,http://www.uniquetrainingsolutions.co.uk,Block release Blocks of a week or more at the provider's location. Day release One day a week at the provider's location.,No achievement rate - not enough data,,https://findapprenticeshiptraining.apprenticeships.education.gov.uk/courses/105/providers/10019736?distance=10
10020019,EGLANTINE CATERING LIMITED,105,"42 Eridge Road, Tunbridge Wells, TN4 8HR",theteam@hygienesue.co.uk,07786980934,https://www.eglantineonline.co.uk/l3-team-leader-apprenticeships,At apprentice's workplace Training at the employer's location.,No achievement rate - not enough data,,https://findapprenticeshiptraining.apprenticeships.education.gov.uk/courses/105/providers/10020019?distance=10
10020932,THE COLLEGES' PARTNERSHIP LIMITED,105,"Cocklebury Road, Chippenham, SN15 3QD",julia.mann@tcpartnership.ac.uk,07881252549,https://www.tcpartnership.ac.uk/apprenticeships/apprenticeships/team-leader-l3.html,At apprentice's workplace Training at the employer's location.,No achievement rate - not enough data,,https://findapprenticeshiptraining.apprenticeships.education.gov.uk/courses/105/providers/10020932?distance=10
10021243,OXFORD HEALTH NHS FOUNDATION TRUST,105,-,apprenticeships@oxfordhealth.nhs.uk,01865902777,https://www.oxfordhealth.nhs.uk/contacts/,Day release One day a week at the provider's location.,No achievement rate - not enough data,,https://findapprenticeshiptraining.apprenticeships.education.gov.uk/courses/105/providers/10021243?distance=10
10022070,Alpha Gateway College,105,"Tottenham Town Hall, Town Hall Approach Road, London, N15 4RY",audrey@agcollege.co.uk,02085271627,http://www.agcollege.co.uk,Block release Blocks of a week or more at the provider's location. Day release One day a week at the provider's location.,No achievement rate - not enough data,,https://findapprenticeshiptraining.apprenticeships.education.gov.uk/courses/105/providers/10022070?distance=10
10022362,UTILITY & CONSTRUCTION TRAINING LIMITED,105,"Hurn View House, 5 Aviation Park West, Bournemouth International Airport, Christchurch, BH23 6EW",info@uctraining.co.uk,01617764186,http://www.uctraining.co.uk,Block release Blocks of a week or more at the provider's location.,No achievement rate - not enough data,,https://findapprenticeshiptraining.apprenticeships.education.gov.uk/courses/105/providers/10022362?distance=10
10024686,RESOURCES (N E) LIMITED,105,"6b Southwick Industrial Estate, North Hylton Road, Sunderland, SR5 3TX",david.watson@resourcesdev.co.uk,01915366867,http://www.resourcesnortheast.co.uk,At apprentice's workplace Training at the employer's location. Block release Blocks of a week or more at the provider's location. Day release One day a week at the provider's location.,No achievement rate - not enough data,,https://findapprenticeshiptraining.apprenticeships.education.gov.uk/courses/105/providers/10024686?distance=10
10024938,ROYAL DEVON AND EXETER NHS FOUNDATION TRUST,105,"Royal Devon & Exeter Hospital, Barrack Road, Exeter, EX2 5DW",rduh.apprenticeships@nhs.net,01392 408135,https://www.royaldevon.nhs.uk/careers/training-and-development/training-and-development/,At apprentice's workplace Training at the employer's location.,No achievement rate - not enough data,,https://findapprenticeshiptraining.apprenticeships.education.gov.uk/courses/105/providers/10024938?distance=10
10026620,HYBRID TECHNICAL SERVICES LIMITED,105,"Unit 3, Box Works Annexe, Heysham Road, Bootle, L30 6UR",info@hybridtec.co.uk,+447495448511,www.hybridtec.co.uk,At apprentice's workplace Training at the employer's location. Block release at multiple locations Blocks of a week or more at the provider's location. Day release at multiple locations One day a week at the provider's location.,No achievement rate - not enough data,,https://findapprenticeshiptraining.apprenticeships.education.gov.uk/courses/105/providers/10026620?distance=10
10027269,WORKFORCE TRAINING & DEVELOPMENT LTD,105,"Ironstone House, Ironstone Way, Brixworth, Northampton, NN6 9UD",support@wtd.org.uk,02034110180,https://www.wtd.org.uk/contact,At apprentice's workplace Training at the employer's location.,No achievement rate - not enough data,,https://findapprenticeshiptraining.apprenticeships.education.gov.uk/courses/105/providers/10027269?distance=10
10027655,STARTING OFF LIMITED,105,"Unit 12 Vulcan Works, 34-38 Guildhall Road, Northampton, NN1 1EW",Hannah.Corby@startingoff.co.uk,01536851195,https://www.startingoff.co.uk/,At apprentice's workplace Training at the employer's location.,No achievement rate - not enough data,,https://findapprenticeshiptraining.apprenticeships.education.gov.uk/courses/105/providers/10027655?distance=10
10027873,TRAINING STRATEGIES LTD.,105,"116 Duke Street, Liverpool, L1 5JW",info@trainingstrategies.co.uk,0151 523 9655,http://trainingstrategiesltd.co.uk,Day release One day a week at the provider's location.,No achievement rate - not enough data,,https://findapprenticeshiptraining.apprenticeships.education.gov.uk/courses/105/providers/10027873?distance=10
10028938,PROFILE DEVELOPMENT AND TRAINING LIMITED,105,"64 High Street, Broadstairs, CT10 1JT",ian.pearce@profiledt.co.uk,01843609300,https://www.profiledt.co.uk/level-3-team-leader-or-supervisor,At apprentice's workplace Training at the employer's location.,No achievement rate - not enough data,,https://findapprenticeshiptraining.apprenticeships.education.gov.uk/courses/105/providers/10028938?distance=10
10029332,ELEV8 TRAINING LIMITED,105,"Unit 1-3, Salisbury Street, Widnes, WA8 6PJ",george@pmtanda.co.uk,07882258510,https://elev8training.com/apprenticeships/,At apprentice's workplace Training at the employer's location.,No achievement rate - not enough data,,https://findapprenticeshiptraining.apprenticeships.education.gov.uk/courses/105/providers/10029332?distance=10
10030408,GOWER COLLEGE SWANSEA,105,"Tycoch Road, Sketty, Swansea, SA2 9EB",paul.rogers@gowercollegeswansea.ac.uk,01792284400,https://www.gcs.ac.uk/apprenticeships-england,At apprentice's workplace Training at the employer's location.,No achievement rate - not enough data,,https://findapprenticeshiptraining.apprenticeships.education.gov.uk/courses/105/providers/10030408?distance=10
10030502,GROUP HORIZON LIMITED,105,"Unit G24, The Avenues, Eleventh Avenue North, Team Valley Trading Estate, Gateshead, NE11 0NJ",info@grouphorizon.co.uk,0800 002 9805,http://www.grouphorizon.co.uk/apprenticeships/,Block release Blocks of a week or more at the provider's location.,No achievement rate - not enough data,,https://findapprenticeshiptraining.apprenticeships.education.gov.uk/courses/105/providers/10030502?distance=10
10031915,THE WORKING KNOWLEDGE GROUP LIMITED,105,"86 Shirehampton Road, Bristol, BS9 2DR",james.lott@workingknowledge.org.uk,01173 418000,www.workingknowledge.org.uk,At apprentice's workplace Training at the employer's location.,No achievement rate - not enough data,,https://findapprenticeshiptraining.apprenticeships.education.gov.uk/courses/105/providers/10031915?distance=10
10032256,OASIS CARE AND TRAINING AGENCY (OCTA),105,"24-32 Murdock Street, London, SE15 1LW",apprenticeships@oasiscareandtraining.org.uk,02073588944,https://oasistraining.org.uk/,At apprentice's workplace Training at the employer's location.,No achievement rate - not enough data,,https://findapprenticeshiptraining.apprenticeships.education.gov.uk/courses/105/providers/10032256?distance=10
10032542,PLACES FOR PEOPLE GROUP LIMITED,105,"305 Gray's Inn Road, London, WC1X 8QR",pfpthrive@placesforpeople.co.uk,07501 391691,https://www.placesforpeople.co.uk/pfp-thrive/what-we-offer/apprenticeships/level-3-team-leader/,At apprentice's workplace Training at the employer's location. Day release at multiple locations One day a week at the provider's location.,No achievement rate - not enough data,,https://findapprenticeshiptraining.apprenticeships.education.gov.uk/courses/105/providers/10032542?distance=10
10032555,ALL DIMENSION LIMITED,105,"Lewis Road, Sidcup, DA14 4NB",Lucy.Reed@alldimension.co.uk,02083080280,http://www.alldimension.co.uk,Day release One day a week at the provider's location.,No achievement rate - not enough data,,https://findapprenticeshiptraining.apprenticeships.education.gov.uk/courses/105/providers/10032555?distance=10
10032648,SPORT STRUCTURES EDUCATION COMMUNITY INTEREST COMPANY,105,"12 George Road, Edgbaston, Birmingham, B15 1NP",ross.szabo@sportstructures.com,07917388167,https://www.sportstructures.com/apprenticeships/our-apprenticeships/team-leader-apprenticeship-standard/,At apprentice's workplace Training at the employer's location. Block release Blocks of a week or more at the provider's location. Day release One day a week at the provider's location.,No achievement rate - not enough data,,https://findapprenticeshiptraining.apprenticeships.education.gov.uk/courses/105/providers/10032648?distance=10
10033536,AWC TRAINING LTD,105,"40 Fore Street, St. Austell, PL25 5ER",info@awctraining.co.uk,01726810143,https://www.awctraining.co.uk/service-page/team-leader-supervisor-level-3?referral=service_list_widget,At apprentice's workplace Training at the employer's location.,No achievement rate - not enough data,,https://findapprenticeshiptraining.apprenticeships.education.gov.uk/courses/105/providers/10033536?distance=10
10033710,BRIGHT DIRECTION TRAINING LIMITED,105,"Bedford House, 60 Chorley New Road, Bolton, BL1 4DA",info@brightdirectiontraining.co.uk,01204 860439,http://www.brightdirectiontraining.co.uk,Block release Blocks of a week or more at the provider's location. Day release One day a week at the provider's location.,No achievement rate - not enough data,,https://findapprenticeshiptraining.apprenticeships.education.gov.uk/courses/105/providers/10033710?distance=10
10037170,OTM APPRENTICESHIPS LTD,105,"Unit 6, Holly Park Industrial Estate Spitfire Road, Birmingham, B24 9PB",enquiries@otma.ac.uk,0121 270 6669,www.otma.ac.uk,At apprentice's workplace Training at the employer's location.,No achievement rate - not enough data,,https://findapprenticeshiptraining.apprenticeships.education.gov.uk/courses/105/providers/10037170?distance=10
10037685,HAMPSHIRE HOSPITALS NHS FOUNDATION TRUST,105,"Aldermaston Road, Basingstoke, RG24 9NA",apprenticeships@hhft.nhs.uk,01962825319,https://hampshirehospitalscareers.co.uk/trainings/apprenticeships/1,Block release at multiple locations Blocks of a week or more at the provider's location. Day release at multiple locations One day a week at the provider's location.,No achievement rate - not enough data,,https://findapprenticeshiptraining.apprenticeships.education.gov.uk/courses/105/providers/10037685?distance=10
10038292,CROYDONSAM TRAINING LTD,105,"37 Tamworth Road, Croydon, CR0 1XT",info@croydonsam.co.uk,02086844241,https://www.croydonsam.co.uk/apprenticeship/,Block release Blocks of a week or more at the provider's location. Day release One day a week at the provider's location.,No achievement rate - not enough data,,https://findapprenticeshiptraining.apprenticeships.education.gov.uk/courses/105/providers/10038292?distance=10
10040440,FLM TRAINING LTD,105,"Caxton Close Wheatlea Industrial Estate, Wigan, WN3 6XU",info@flmtraining.co.uk,01942 255913,https://flmtraining.co.uk/l3-team-leader-supervisor-2,At apprentice's workplace Training at the employer's location. Day release One day a week at the provider's location.,No achievement rate - not enough data,,https://findapprenticeshiptraining.apprenticeships.education.gov.uk/courses/105/providers/10040440?distance=10
10047071,ACHIEVING FOR CHILDREN COMMUNITY INTEREST COMPANY,105,"Civic Centre, 44 York Street, Twickenham, TW1 3BW",way2work@achievingforchildren.org.uk,020 8831 6353,https://www.achievingforchildren.org.uk/pages/way2work,At apprentice's workplace Training at the employer's location.,No achievement rate - not enough data,,https://findapprenticeshiptraining.apprenticeships.education.gov.uk/courses/105/providers/10047071?distance=10
10047090,FUNCTIONAL SKILLS UK LIMITED,105,"168 Church Road, Hove, BN3 2DL",robyn@swimuk.org,01273434400,https://www.swimuk.co.uk/,Day release at multiple locations One day a week at the provider's location.,No achievement rate - not enough data,,https://findapprenticeshiptraining.apprenticeships.education.gov.uk/courses/105/providers/10047090?distance=10
10048827,IGNITE TRAINING LTD,105,"Unit 5, West Chirton North Industrial Estate, Larch Court, North Shields, NE29 8SG",info@skillsconsultants.co.uk,0191 258 0674,https://www.skillsconsultants.co.uk,Block release Blocks of a week or more at the provider's location. Day release One day a week at the provider's location.,No achievement rate - not enough data,,https://findapprenticeshiptraining.apprenticeships.education.gov.uk/courses/105/providers/10048827?distance=10
10049149,RUNWAY APPRENTICESHIPS LIMITED,105,"8-10 South Street, Epsom, KT18 7PF",laurenharris@runwaytraining.co.uk,01732402402,https://runwaytraining.co.uk/team-leader-supervisor-level-3-standard/,At apprentice's workplace Training at the employer's location.,No achievement rate - not enough data,,https://findapprenticeshiptraining.apprenticeships.education.gov.uk/courses/105/providers/10049149?distance=10
10052437,THE EDUCATION AND SKILLS PARTNERSHIP LTD,105,"Ground Floor, Williamson House, Wotton Road, Ashford, TN23 6LW",apprentices@esp-ac.uk,01233632111,https://esp-ac.uk/course/team-leader-supervisor-level-3/,At apprentice's workplace Training at the employer's location. Block release Blocks of a week or more at the provider's location. Day release One day a week at the provider's location.,No achievement rate - not enough data,,https://findapprenticeshiptraining.apprenticeships.education.gov.uk/courses/105/providers/10052437?distance=10
10052473,TENDEAN LIMITED,105,"J D F House, Meteor Court Barnett Way, Barnwood, Gloucester, GL4 3GG",info.tendean@gmail.com,07926 257680,http://www.tendean.com,At apprentice's workplace Training at the employer's location.,No achievement rate - not enough data,,https://findapprenticeshiptraining.apprenticeships.education.gov.uk/courses/105/providers/10052473?distance=10
10054946,UK SKILLS ACADEMY LIMITED,105,"Riley Business Centre, Preston New Road, Samlesbury, Preston, PR5 0UP",hello@uk-skillsacademy.co.uk,03450179613,https://uk-skillsacademy.co.uk/,At apprentice's workplace Training at the employer's location.,No achievement rate - not enough data,,https://findapprenticeshiptraining.apprenticeships.education.gov.uk/courses/105/providers/10054946?distance=10
10055126,HARRIS FEDERATION,105,"15 Norfolk House, Wellesley Road, Croydon, CR0 1LH",Wira.gitonga@harrisfederation.org.uk,0203 893 7737,https://www.harrisleadershipcollege.org.uk/725/apprenticeship-programmes,Day release One day a week at the provider's location.,No achievement rate - not enough data,,https://findapprenticeshiptraining.apprenticeships.education.gov.uk/courses/105/providers/10055126?distance=10
10058030,THE CODERS GUILD LTD,105,"10-12, East Parade, Leeds, LS1 2BH",applications@thecodersguild.org.uk,0113 4601024,www.thecodersguild.org.uk,At apprentice's workplace Training at the employer's location.,No achievement rate - not enough data,,https://findapprenticeshiptraining.apprenticeships.education.gov.uk/courses/105/providers/10058030?distance=10
10058083,ROYAL FREE LONDON NHS FOUNDATION TRUST,105,-,paul.marijetic@nhs.net,0207 794 0500,https://www.royalfree.nhs.uk/contact-us/,At apprentice's workplace Training at the employer's location. Day release One day a week at the provider's location.,No achievement rate - not enough data,,https://findapprenticeshiptraining.apprenticeships.education.gov.uk/courses/105/providers/10058083?distance=10
10084933,PHYSICAL EDUCATION & ACTIVE KIDS LTD,105,"Ne-Bic Enterprise Park East, Business & Innovation Centre, Wearfield, Sunderland, SR5 2TA",a.murphy@seed-skills.com,07933587960,www.seed-skills.com,At apprentice's workplace Training at the employer's location.,No achievement rate - not enough data,,https://findapprenticeshiptraining.apprenticeships.education.gov.uk/courses/105/providers/10084933?distance=10
10087529,THE ACADEMY OF LEADERSHIP & MANAGEMENT LTD,105,-,j.weeden@academylm.co.uk,07591593959,https://www.academylm.co.uk/,Day release One day a week at the provider's location.,No achievement rate - not enough data,,https://findapprenticeshiptraining.apprenticeships.education.gov.uk/courses/105/providers/10087529?distance=10
10088215,COMMUNITY MATTERS LTD.,105,"Unit 4, 13 Ramsgate Street, London, E8 2FD",apprenticeships@communitymatters.co.uk,02038216840,https://communitymatters.co.uk/wp-content/uploads/2024/04/Team-Leader-Supervisor-Level-3-Flyer-1.pdf,At apprentice's workplace Training at the employer's location. Day release One day a week at the provider's location.,No achievement rate - not enough data,,https://findapprenticeshiptraining.apprenticeships.education.gov.uk/courses/105/providers/10088215?distance=10
10088273,REED LEARNING LIMITED,105,"Academy Court, 94 Chancery Lane, London, WC2A 1DT",apprenticeships@reedlearning.com,020 7932 2760,https://www.reed.com/learning/business/apprenticeships/level-3-team-leader-apprenticeship,At apprentice's workplace Training at the employer's location.,No achievement rate - not enough data,,https://findapprenticeshiptraining.apprenticeships.education.gov.uk/courses/105/providers/10088273?distance=10
10089638,DIAMOND PEOPLE (NE) LIMITED,105,"Unit 2b Mylord Crescent, Camperdown Industrial Estate, Newcastle Upon Tyne, NE12 5UJ",Amy.Dudley@tynesidetrainingservices.co.uk,01912862919,https://www.tynesidetrainingservices.co.uk,At apprentice's workplace Training at the employer's location. Day release One day a week at the provider's location.,No achievement rate - not enough data,,https://findapprenticeshiptraining.apprenticeships.education.gov.uk/courses/105/providers/10089638?distance=10
10091500,CASTLE & CO TRAINING LIMITED,105,"Guithavon Street, Witham, CM8 1BJ",hello@careercrafters.uk,02031500567,https://www.careercrafters.co.uk/,At apprentice's workplace Training at the employer's location.,No achievement rate - not enough data,,https://findapprenticeshiptraining.apprenticeships.education.gov.uk/courses/105/providers/10091500?distance=10
10092175,AM 2 PM GROUP HOLDINGS LIMITED,105,"Units 1 & 2 Three Spires House, Station Road, Lichfield, WS13 6HX",neil@am2pm.uk.com,01213827766,https://www.am2pm.uk.com/apprenticeships/,At apprentice's workplace Training at the employer's location.,No achievement rate - not enough data,,https://findapprenticeshiptraining.apprenticeships.education.gov.uk/courses/105/providers/10092175?distance=10
10094773,ESTAR GROUP LIMITED,105,"Cobalt 15a, Quick Silver Way, Cobalt Business Park, Newcastle-Upon-Tyne, NE27 0QQ",contactus@estareducation.com,01915001643,https://estareducation.com/,At apprentice's workplace Training at the employer's location. Block release Blocks of a week or more at the provider's location. Day release One day a week at the provider's location.,No achievement rate - not enough data,,https://findapprenticeshiptraining.apprenticeships.education.gov.uk/courses/105/providers/10094773?distance=10
10096016,PUREPAY RETAIL LIMITED,105,"1 St Peters Square, Manchester, M2 3DE",mandy.bader@ewm.co.uk,07804039861,mandy.bader@ewm.co.uk,At apprentice's workplace Training at the employer's location.,No achievement rate - not enough data,,https://findapprenticeshiptraining.apprenticeships.education.gov.uk/courses/105/providers/10096016?distance=10
10097597,FCMS (NW) LIMITED,105,"Newfield House, Vicarage Lane, Blackpool, FY4 4EW",fcms.training.team@nhs.net,07534984056,https://www.fcms-nw.co.uk/,At apprentice's workplace Training at the employer's location. Day release One day a week at the provider's location.,No achievement rate - not enough data,,https://findapprenticeshiptraining.apprenticeships.education.gov.uk/courses/105/providers/10097597?distance=10