larsCode,courseName,level,providerUkprn,providerName
274,Abattoir worker (level 2),2,10056013,MERCURI INTERNATIONAL (UK) LIMITED
274,Abattoir worker (level 2),2,10027269,WORKFORCE TRAINING & DEVELOPMENT LTD
272,Academic professional (level 7),7,10007775,QUEEN MARY UNIVERSITY OF LONDON
272,Academic professional (level 7),7,10007792,UNIVERSITY OF EXETER
272,Academic professional (level 7),7,10007851,UNIVERSITY OF DERBY
272,Academic professional (level 7),7,10004797,NOTTINGHAM TRENT UNIVERSITY
272,Academic professional (level 7),7,10007767,UNIVERSITY OF KEELE
272,Academic professional (level 7),7,10021243,OXFORD HEALTH NHS FOUNDATION TRUST
272,Academic professional (level 7),7,10007144,UNIVERSITY OF EAST LONDON
272,Academic professional (level 7),7,10007145,UNIVERSITY OF GLOUCESTERSHIRE
272,Academic professional (level 7),7,10004351,MIDDLESEX UNIVERSITY
272,Academic professional (level 7),7,10006299,STAFFORDSHIRE UNIVERSITY
272,Academic professional (level 7),7,10004078,LONDON SOUTH BANK UNIVERSITY
272,Academic professional (level 7),7,10005977,SOUTH DEVON COLLEGE
272,Academic professional (level 7),7,10007161,TEESSIDE UNIVERSITY
272,Academic professional (level 7),7,10030870,CAPTIVA LEARNING LIMITED
272,Academic professional (level 7),7,10091009,CU APPRENTICESHIPS (BETTER FUTURES) LIMITED
272,Academic professional (level 7),7,10001143,CANTERBURY CHRIST CHURCH UNIVERSITY
176,Accident repair technician (level 3),3,10000754,BLACKPOOL AND THE FYLDE COLLEGE
176,Accident repair technician (level 3),3,10000878,BRIDGWATER AND TAUNTON COLLEGE
176,Accident repair technician (level 3),3,10004577,NOTTINGHAM COLLEGE
176,Accident repair technician (level 3),3,10006963,NEW CITY COLLEGE
176,Accident repair technician (level 3),3,10005599,S & B AUTOMOTIVE ACADEMY LIMITED
176,Accident repair technician (level 3),3,10007938,TEC PARTNERSHIP
176,Accident repair technician (level 3),3,10037348,INSPIRO LEARNING LIMITED
176,Accident repair technician (level 3),3,10019065,CALEX UK LTD
176,Accident repair technician (level 3),3,10002923,EAST SUSSEX COLLEGE GROUP
204,Accountancy or taxation professional (level 7),7,10005422,REED BUSINESS SCHOOL LIMITED
204,Accountancy or taxation professional (level 7),7,10063574,CIPFA BUSINESS LIMITED
204,Accountancy or taxation professional (level 7),7,10056050,FIRST INTUITION LEEDS LIMITED
204,Accountancy or taxation professional (level 7),7,10030926,FIRST INTUITION CAMBRIDGE LIMITED
204,Accountancy or taxation professional (level 7),7,10040718,FIRST INTUITION SOUTH LIMITED
204,Accountancy or taxation professional (level 7),7,10055777,HTFT PARTNERSHIP LIMITED
204,Accountancy or taxation professional (level 7),7,10000446,KAPLAN FINANCIAL LIMITED
204,Accountancy or taxation professional (level 7),7,10029952,BPP PROFESSIONAL EDUCATION LIMITED
204,Accountancy or taxation professional (level 7),7,10056738,FIRST INTUITION LIMITED
204,Accountancy or taxation professional (level 7),7,10042003,FIRST INTUITION CHELMSFORD LIMITED
204,Accountancy or taxation professional (level 7),7,10023129,RELX (UK) LIMITED
204,Accountancy or taxation professional (level 7),7,10000494,BABINGTON BUSINESS COLLEGE LIMITED
204,Accountancy or taxation professional (level 7),7,10009059,ACCESS TRAINING LIMITED
204,Accountancy or taxation professional (level 7),7,10042735,ACCOUNTANCY LEARNING LTD
204,Accountancy or taxation professional (level 7),7,10001309,COVENTRY AND WARWICKSHIRE CHAMBERS OF COMMERCE TRAINING LIMITED
204,Accountancy or taxation professional (level 7),7,10004695,DN COLLEGES GROUP
204,Accountancy or taxation professional (level 7),7,10005077,INSPIRE EDUCATION GROUP
204,Accountancy or taxation professional (level 7),7,10011880,P.T.P. TRAINING LIMITED
204,Accountancy or taxation professional (level 7),7,10031982,BPP UNIVERSITY LIMITED
204,Accountancy or taxation professional (level 7),7,10041891,EMA TRAINING LIMITED
204,Accountancy or taxation professional (level 7),7,10010657,HAYS SPECIALIST RECRUITMENT LIMITED
698,Accounting finance manager (level 6),6,10004180,MANCHESTER METROPOLITAN UNIVERSITY
698,Accounting finance manager (level 6),6,10007792,UNIVERSITY OF EXETER
698,Accounting finance manager (level 6),6,10007138,"UNIVERSITY OF NORTHAMPTON, THE"
698,Accounting finance manager (level 6),6,10007141,UNIVERSITY OF CENTRAL LANCASHIRE
698,Accounting finance manager (level 6),6,10007161,TEESSIDE UNIVERSITY
698,Accounting finance manager (level 6),6,10007759,ASTON UNIVERSITY
698,Accounting finance manager (level 6),6,10000824,BOURNEMOUTH UNIVERSITY
698,Accounting finance manager (level 6),6,10007137,THE UNIVERSITY OF CHICHESTER
698,Accounting finance manager (level 6),6,10048199,NORTHEASTERN UNIVERSITY - LONDON
488,Accounts or finance assistant (level 2),2,10003023,"HEREFORDSHIRE, LUDLOW, AND NORTH SHROPSHIRE COLLEGE"
488,Accounts or finance assistant (level 2),2,10056050,FIRST INTUITION LEEDS LIMITED
488,Accounts or finance assistant (level 2),2,10002917,HARTLEPOOL COLLEGE OF FURTHER EDUCATION
488,Accounts or finance assistant (level 2),2,10004177,THE GROWTH COMPANY LIMITED
488,Accounts or finance assistant (level 2),2,10001005,BURY COLLEGE
488,Accounts or finance assistant (level 2),2,10007339,WARRINGTON & VALE ROYAL COLLEGE
488,Accounts or finance assistant (level 2),2,10003035,HERTFORD REGIONAL COLLEGE
488,Accounts or finance assistant (level 2),2,10001378,CHESTERFIELD COLLEGE
488,Accounts or finance assistant (level 2),2,10001515,C.M.S. VOCATIONAL TRAINING LIMITED
488,Accounts or finance assistant (level 2),2,10004657,NORFOLK COUNTY COUNCIL
488,Accounts or finance assistant (level 2),2,10006174,ST HELENS COLLEGE
488,Accounts or finance assistant (level 2),2,10007500,WIGAN AND LEIGH COLLEGE
488,Accounts or finance assistant (level 2),2,10003558,KENDAL COLLEGE
488,Accounts or finance assistant (level 2),2,10001000,BURNLEY COLLEGE
488,Accounts or finance assistant (level 2),2,10006987,TRAINING 2000 LIMITED
488,Accounts or finance assistant (level 2),2,10003189,KIRKLEES COLLEGE
488,Accounts or finance assistant (level 2),2,10000055,ABINGDON AND WITNEY COLLEGE
488,Accounts or finance assistant (level 2),2,10001309,COVENTRY AND WARWICKSHIRE CHAMBERS OF COMMERCE TRAINING LIMITED
488,Accounts or finance assistant (level 2),2,10004576,NEW COLLEGE DURHAM
488,Accounts or finance assistant (level 2),2,10005979,HAVANT AND SOUTH DOWNS COLLEGE
488,Accounts or finance assistant (level 2),2,10003768,LANCASTER AND MORECAMBE COLLEGE
488,Accounts or finance assistant (level 2),2,10004257,MCARTHUR DEAN TRAINING LIMITED
488,Accounts or finance assistant (level 2),2,10004603,NEWCASTLE AND STAFFORD COLLEGES GROUP
488,Accounts or finance assistant (level 2),2,10003026,HEREFORDSHIRE AND WORCESTERSHIRE GROUP TRAINING ASSOCIATION LIMITED
488,Accounts or finance assistant (level 2),2,10007817,CHICHESTER COLLEGE GROUP
488,Accounts or finance assistant (level 2),2,10024962,LUMINATE EDUCATION GROUP
488,Accounts or finance assistant (level 2),2,10042003,FIRST INTUITION CHELMSFORD LIMITED
488,Accounts or finance assistant (level 2),2,10002863,RIVERSIDE COLLEGE
488,Accounts or finance assistant (level 2),2,10007431,WEST SUFFOLK COLLEGE
488,Accounts or finance assistant (level 2),2,10036578,THE APPRENTICE ACADEMY LIMITED
488,Accounts or finance assistant (level 2),2,10005946,SOLIHULL COLLEGE AND UNIVERSITY CENTRE
488,Accounts or finance assistant (level 2),2,10000747,BLACKBURN COLLEGE
488,Accounts or finance assistant (level 2),2,10005977,SOUTH DEVON COLLEGE
488,Accounts or finance assistant (level 2),2,10006549,TELFORD COLLEGE
488,Accounts or finance assistant (level 2),2,10007553,WIRRAL METROPOLITAN COLLEGE
488,Accounts or finance assistant (level 2),2,10003753,LAKES COLLEGE WEST CUMBRIA
488,Accounts or finance assistant (level 2),2,10001850,DARLINGTON COLLEGE
488,Accounts or finance assistant (level 2),2,10004344,MIDDLESBROUGH COLLEGE
488,Accounts or finance assistant (level 2),2,10004772,CITY COLLEGE NORWICH
488,Accounts or finance assistant (level 2),2,10006442,BIRMINGHAM METROPOLITAN COLLEGE
488,Accounts or finance assistant (level 2),2,10005788,"SHEFFIELD COLLEGE, THE"
488,Accounts or finance assistant (level 2),2,10000754,BLACKPOOL AND THE FYLDE COLLEGE
488,Accounts or finance assistant (level 2),2,10001174,CT SKILLS LIMITED
488,Accounts or finance assistant (level 2),2,10000948,LONDON SOUTH EAST COLLEGES
488,Accounts or finance assistant (level 2),2,10006341,THE EDUCATION TRAINING COLLECTIVE
488,Accounts or finance assistant (level 2),2,10025133,SOLVEWAY LIMITED
488,Accounts or finance assistant (level 2),2,10036143,SOUTH GLOUCESTERSHIRE AND STROUD COLLEGE
488,Accounts or finance assistant (level 2),2,10009059,ACCESS TRAINING LIMITED
488,Accounts or finance assistant (level 2),2,10004695,DN COLLEGES GROUP
488,Accounts or finance assistant (level 2),2,10040664,LMP Education
488,Accounts or finance assistant (level 2),2,10032052,TRAIN TOGETHER LIMITED
488,Accounts or finance assistant (level 2),2,10030926,FIRST INTUITION CAMBRIDGE LIMITED
488,Accounts or finance assistant (level 2),2,10002696,GLOUCESTERSHIRE COLLEGE
488,Accounts or finance assistant (level 2),2,10007945,CITY OF PORTSMOUTH COLLEGE
488,Accounts or finance assistant (level 2),2,10005488,RIVERSIDE TRAINING LIMITED
488,Accounts or finance assistant (level 2),2,10011880,P.T.P. TRAINING LIMITED
488,Accounts or finance assistant (level 2),2,10005575,RUNSHAW COLLEGE
488,Accounts or finance assistant (level 2),2,10000794,BOLTON COLLEGE
488,Accounts or finance assistant (level 2),2,10000446,KAPLAN FINANCIAL LIMITED
488,Accounts or finance assistant (level 2),2,10007977,HEART OF WORCESTERSHIRE COLLEGE
488,Accounts or finance assistant (level 2),2,10007315,WALSALL COLLEGE
488,Accounts or finance assistant (level 2),2,10032402,THE TRAINING PLACE OF EXCELLENCE LIMITED
488,Accounts or finance assistant (level 2),2,10007928,SOUTH HAMPSHIRE COLLEGE GROUP
488,Accounts or finance assistant (level 2),2,10007924,DUDLEY COLLEGE OF TECHNOLOGY
488,Accounts or finance assistant (level 2),2,10000536,BARNSLEY COLLEGE
488,Accounts or finance assistant (level 2),2,10004112,LOUGHBOROUGH COLLEGE
488,Accounts or finance assistant (level 2),2,10001467,CITY OF BRISTOL COLLEGE
488,Accounts or finance assistant (level 2),2,10042735,ACCOUNTANCY LEARNING LTD
488,Accounts or finance assistant (level 2),2,10001831,DAMAR LIMITED
488,Accounts or finance assistant (level 2),2,10007527,WILTSHIRE COLLEGE AND UNIVERSITY CENTRE
488,Accounts or finance assistant (level 2),2,10007427,WEST NOTTINGHAMSHIRE COLLEGE
488,Accounts or finance assistant (level 2),2,10004977,PARAGON EDUCATION & SKILLS LIMITED
488,Accounts or finance assistant (level 2),2,10039527,Peak Accountancy Training
488,Accounts or finance assistant (level 2),2,10040718,FIRST INTUITION SOUTH LIMITED
488,Accounts or finance assistant (level 2),2,10044607,BOOM TRAINING LIMITED
488,Accounts or finance assistant (level 2),2,10092569,NATIONAL UPSKILL LIMITED
488,Accounts or finance assistant (level 2),2,10000878,BRIDGWATER AND TAUNTON COLLEGE
488,Accounts or finance assistant (level 2),2,10001475,CITY OF SUNDERLAND COLLEGE
488,Accounts or finance assistant (level 2),2,10003955,THE CITY OF LIVERPOOL COLLEGE
488,Accounts or finance assistant (level 2),2,10005064,PETA LIMITED
488,Accounts or finance assistant (level 2),2,10005077,INSPIRE EDUCATION GROUP
488,Accounts or finance assistant (level 2),2,10005200,PRESTON COLLEGE
488,Accounts or finance assistant (level 2),2,10005822,SHREWSBURY COLLEGES GROUP
488,Accounts or finance assistant (level 2),2,10006349,STOKE ON TRENT COLLEGE
488,Accounts or finance assistant (level 2),2,10007015,TRAINING SERVICES 2000 LTD
488,Accounts or finance assistant (level 2),2,10007455,Capital City College Group
488,Accounts or finance assistant (level 2),2,10007459,WESTON COLLEGE OF FURTHER AND HIGHER EDUCATION
488,Accounts or finance assistant (level 2),2,10026590,FOCUS TRAINING (SW) LIMITED
488,Accounts or finance assistant (level 2),2,10032740,LEARNING SKILLS PARTNERSHIP LTD
488,Accounts or finance assistant (level 2),2,10033482,E-CAREERS EDUCATION LIMITED
488,Accounts or finance assistant (level 2),2,10033746,SBC TRAINING LIMITED
488,Accounts or finance assistant (level 2),2,10043793,APPRENTICE TEAM LTD
488,Accounts or finance assistant (level 2),2,10045094,STANFORDS TRAINING LTD
488,Accounts or finance assistant (level 2),2,10003193,HUGH BAIRD COLLEGE
488,Accounts or finance assistant (level 2),2,10007469,WEYMOUTH COLLEGE
488,Accounts or finance assistant (level 2),2,10007011,NORTHAMPTON COLLEGE
488,Accounts or finance assistant (level 2),2,10024054,PHOENIX4TRAINING LLP
488,Accounts or finance assistant (level 2),2,10046679,KIWI & YUZU LTD
488,Accounts or finance assistant (level 2),2,10046850,BLUE SKY ASSESSING & CONSULTANCY LTD
488,Accounts or finance assistant (level 2),2,10055777,HTFT PARTNERSHIP LIMITED
488,Accounts or finance assistant (level 2),2,10066604,THE FERNANDES AND ROSARIO CONSULTING LIMITED
488,Accounts or finance assistant (level 2),2,10006038,SOUTHPORT COLLEGE
488,Accounts or finance assistant (level 2),2,10000494,BABINGTON BUSINESS COLLEGE LIMITED
488,Accounts or finance assistant (level 2),2,10000610,BEDFORD COLLEGE
488,Accounts or finance assistant (level 2),2,10001093,CALDERDALE COLLEGE
488,Accounts or finance assistant (level 2),2,10001476,UNITED COLLEGES GROUP
488,Accounts or finance assistant (level 2),2,10001535,COLCHESTER INSTITUTE
488,Accounts or finance assistant (level 2),2,10001539,THE COLLEGE OF ANIMAL WELFARE LIMITED
488,Accounts or finance assistant (level 2),2,10002743,GRANTHAM COLLEGE
488,Accounts or finance assistant (level 2),2,10003928,LINCOLN COLLEGE
488,Accounts or finance assistant (level 2),2,10004144,MACCLESFIELD COLLEGE
488,Accounts or finance assistant (level 2),2,10004340,MID-KENT COLLEGE
488,Accounts or finance assistant (level 2),2,10004579,NEW COLLEGE SWINDON
488,Accounts or finance assistant (level 2),2,10004599,NCG
488,Accounts or finance assistant (level 2),2,10004676,PETROC
488,Accounts or finance assistant (level 2),2,10005981,SOUTH ESSEX COLLEGE OF FURTHER AND HIGHER EDUCATION
488,Accounts or finance assistant (level 2),2,10006050,SPARSHOLT COLLEGE
488,Accounts or finance assistant (level 2),2,10007193,"HRUC (HARROW, RICHMOND AND UXBRIDGE COLLEGES)"
488,Accounts or finance assistant (level 2),2,10007289,HEART OF YORKSHIRE EDUCATION GROUP
488,Accounts or finance assistant (level 2),2,10007851,UNIVERSITY OF DERBY
488,Accounts or finance assistant (level 2),2,10007859,WARWICKSHIRE COLLEGE
488,Accounts or finance assistant (level 2),2,10007938,TEC PARTNERSHIP
488,Accounts or finance assistant (level 2),2,10041891,EMA TRAINING LIMITED
488,Accounts or finance assistant (level 2),2,10021391,PROFESSIONAL TRAINING SOLUTIONS LIMITED
488,Accounts or finance assistant (level 2),2,10000950,BROOKLANDS COLLEGE
488,Accounts or finance assistant (level 2),2,10001446,CIRENCESTER COLLEGE
488,Accounts or finance assistant (level 2),2,10002094,"EALING, HAMMERSMITH & WEST LONDON COLLEGE"
488,Accounts or finance assistant (level 2),2,10003289,INDEPENDENT TRAINING SERVICES LIMITED
488,Accounts or finance assistant (level 2),2,10006398,SUFFOLK NEW COLLEGE
488,Accounts or finance assistant (level 2),2,10038872,GENIUS SOFTWARE SOLUTIONS LIMITED
488,Accounts or finance assistant (level 2),2,10005972,CHESHIRE COLLEGE SOUTH AND WEST
488,Accounts or finance assistant (level 2),2,10002130,EAST SURREY COLLEGE
488,Accounts or finance assistant (level 2),2,10005967,SOUTH & CITY COLLEGE BIRMINGHAM
488,Accounts or finance assistant (level 2),2,10006770,THE OLDHAM COLLEGE
488,Accounts or finance assistant (level 2),2,10002111,EAST DURHAM COLLEGE
488,Accounts or finance assistant (level 2),2,10039140,THE RECALVI ENTERPRISE LTD
488,Accounts or finance assistant (level 2),2,10049392,SWARM TRAINING C.I.C.
488,Accounts or finance assistant (level 2),2,10000812,BOSTON COLLEGE
488,Accounts or finance assistant (level 2),2,10001004,BURTON AND SOUTH DERBYSHIRE COLLEGE
488,Accounts or finance assistant (level 2),2,10001465,BATH COLLEGE
488,Accounts or finance assistant (level 2),2,10001743,CRAVEN COLLEGE
488,Accounts or finance assistant (level 2),2,10002923,EAST SUSSEX COLLEGE GROUP
488,Accounts or finance assistant (level 2),2,10004596,NEWBURY COLLEGE
488,Accounts or finance assistant (level 2),2,10004690,NORTH HERTFORDSHIRE COLLEGE
488,Accounts or finance assistant (level 2),2,10005128,CITY COLLEGE PLYMOUTH
488,Accounts or finance assistant (level 2),2,10005998,THE TRAFFORD AND STOCKPORT COLLEGE GROUP
488,Accounts or finance assistant (level 2),2,10003406,ISLE OF WIGHT COLLEGE
488,Accounts or finance assistant (level 2),2,10006378,STRODE COLLEGE
488,Accounts or finance assistant (level 2),2,10002852,HALESOWEN COLLEGE
488,Accounts or finance assistant (level 2),2,10004601,NEWCASTLE UPON TYNE CITY COUNCIL
488,Accounts or finance assistant (level 2),2,10004727,NORTH YORKSHIRE COUNTY COUNCIL
488,Accounts or finance assistant (level 2),2,10005422,REED BUSINESS SCHOOL LIMITED
488,Accounts or finance assistant (level 2),2,10008434,PREMIER BOOKS LTD
488,Accounts or finance assistant (level 2),2,10008915,COMMON COUNCIL OF THE CITY OF LONDON
488,Accounts or finance assistant (level 2),2,10008986,Waverley Training Services
488,Accounts or finance assistant (level 2),2,10012442,NISHKAM CIVIC ASSOCIATION
488,Accounts or finance assistant (level 2),2,10028094,SKILLS NORTH EAST LIMITED
488,Accounts or finance assistant (level 2),2,10060902,RICHARD HUISH TRUST
463,Acoustics technician (level 4),4,,
17,Actuarial technician (level 4),4,10029952,BPP PROFESSIONAL EDUCATION LIMITED
255,Actuary (level 7),7,10029952,BPP PROFESSIONAL EDUCATION LIMITED
119,Adult care worker (level 2),2,10005077,INSPIRE EDUCATION GROUP
119,Adult care worker (level 2),2,10057050,ASSOCIATED NEIGHBOUR TRAINING LIMITED
119,Adult care worker (level 2),2,10065571,UNIVERSAL VIBES LIMITED
119,Adult care worker (level 2),2,10003872,LEICESTERSHIRE COUNTY COUNCIL
119,Adult care worker (level 2),2,10037723,EXCEL TRAINING LIMITED
119,Adult care worker (level 2),2,10029676,WINNOVATION LIMITED
119,Adult care worker (level 2),2,10007817,CHICHESTER COLLEGE GROUP
119,Adult care worker (level 2),2,10007500,WIGAN AND LEIGH COLLEGE
119,Adult care worker (level 2),2,10004603,NEWCASTLE AND STAFFORD COLLEGES GROUP
119,Adult care worker (level 2),2,10023357,ACHIEVING EXCELLENCE UK LTD
119,Adult care worker (level 2),2,10004177,THE GROWTH COMPANY LIMITED
119,Adult care worker (level 2),2,10005509,ROCHDALE TRAINING ASSOCIATION LIMITED
119,Adult care worker (level 2),2,10002111,EAST DURHAM COLLEGE
119,Adult care worker (level 2),2,10041239,DYNAMO HEALTHCARE TRAINING LTD
119,Adult care worker (level 2),2,10003023,"HEREFORDSHIRE, LUDLOW, AND NORTH SHROPSHIRE COLLEGE"
119,Adult care worker (level 2),2,10019736,UNIQUE TRAINING SOLUTIONS LIMITED
119,Adult care worker (level 2),2,10032119,SOUTH WEST ASSOCIATION OF TRAINING PROVIDERS LIMITED
119,Adult care worker (level 2),2,10003193,HUGH BAIRD COLLEGE
119,Adult care worker (level 2),2,10003558,KENDAL COLLEGE
119,Adult care worker (level 2),2,10004727,NORTH YORKSHIRE COUNTY COUNCIL
119,Adult care worker (level 2),2,10007553,WIRRAL METROPOLITAN COLLEGE
119,Adult care worker (level 2),2,10056831,PARTNERS IN TRAINING (NORTH WEST) LIMITED
119,Adult care worker (level 2),2,10001928,DERBYSHIRE COUNTY COUNCIL
119,Adult care worker (level 2),2,10002370,EXETER COLLEGE
119,Adult care worker (level 2),2,10022627,IMPACT LEARNING & DATA SOLUTIONS LIMITED
119,Adult care worker (level 2),2,10001093,CALDERDALE COLLEGE
119,Adult care worker (level 2),2,10036548,PARTNERSHIP TRAINING LIMITED
119,Adult care worker (level 2),2,10003289,INDEPENDENT TRAINING SERVICES LIMITED
119,Adult care worker (level 2),2,10000536,BARNSLEY COLLEGE
119,Adult care worker (level 2),2,10002078,E-TRAINING LIMITED
119,Adult care worker (level 2),2,10004552,NELSON AND COLNE COLLEGE
119,Adult care worker (level 2),2,10000082,TRN (TRAIN) LTD.
119,Adult care worker (level 2),2,10007924,DUDLEY COLLEGE OF TECHNOLOGY
119,Adult care worker (level 2),2,10032315,KYP KNOW YOUR POTENTIAL CONSULTANCY LTD
119,Adult care worker (level 2),2,10037348,INSPIRO LEARNING LIMITED
119,Adult care worker (level 2),2,10027873,TRAINING STRATEGIES LTD.
119,Adult care worker (level 2),2,10036240,RICHMOND TRAINING ACADEMY LIMITED
119,Adult care worker (level 2),2,10001934,DERWENTSIDE COLLEGE
119,Adult care worker (level 2),2,10008155,CENTRAL YOUNG MEN'S CHRISTIAN ASSOCIATION
119,Adult care worker (level 2),2,10036736,K S TRAINING LIMITED
119,Adult care worker (level 2),2,10002085,E.QUALITY TRAINING LIMITED
119,Adult care worker (level 2),2,10036194,AVEREE LTD
119,Adult care worker (level 2),2,10005788,"SHEFFIELD COLLEGE, THE"
119,Adult care worker (level 2),2,10001309,COVENTRY AND WARWICKSHIRE CHAMBERS OF COMMERCE TRAINING LIMITED
119,Adult care worker (level 2),2,10000754,BLACKPOOL AND THE FYLDE COLLEGE
119,Adult care worker (level 2),2,10005810,SHIPLEY COLLEGE
119,Adult care worker (level 2),2,10013515,NORTHERN CARE TRAINING LIMITED
119,Adult care worker (level 2),2,10025700,VISION TRAINING (NORTH EAST) LIMITED
119,Adult care worker (level 2),2,10007431,WEST SUFFOLK COLLEGE
119,Adult care worker (level 2),2,10005032,SALFORD CITY COLLEGE
119,Adult care worker (level 2),2,10018297,NORTON WEBB LIMITED
119,Adult care worker (level 2),2,10018942,STEADFAST TRAINING LTD
119,Adult care worker (level 2),2,10000061,ACACIA TRAINING LIMITED
119,Adult care worker (level 2),2,10000421,ASPIRATION TRAINING LIMITED
119,Adult care worker (level 2),2,10002327,ESSEX COUNTY COUNCIL
119,Adult care worker (level 2),2,10022117,DAWN HODGE ASSOCIATES LIMITED
119,Adult care worker (level 2),2,10004977,PARAGON EDUCATION & SKILLS LIMITED
119,Adult care worker (level 2),2,10054118,BESPOKE CONSULTANCY & EDUCATION LIMITED
119,Adult care worker (level 2),2,10012467,HIT TRAINING LTD
119,Adult care worker (level 2),2,10005457,REWARDS TRAINING RECRUITMENT CONSULTANCY LIMITED
119,Adult care worker (level 2),2,10005927,SMART TRAINING AND RECRUITMENT LIMITED
119,Adult care worker (level 2),2,10008935,LEARNING CURVE GROUP LIMITED
119,Adult care worker (level 2),2,10034037,THE EQUESTRIAN LEARNING ACADEMY LIMITED
119,Adult care worker (level 2),2,10034309,REALISE LEARNING AND EMPLOYMENT LIMITED
119,Adult care worker (level 2),2,10048848,TRAINING WORKS (NW) LTD
119,Adult care worker (level 2),2,10024124,MARR CORPORATION LIMITED
119,Adult care worker (level 2),2,10064408,WE CARE
119,Adult care worker (level 2),2,10018916,IMPACT FUTURES TRAINING LIMITED
119,Adult care worker (level 2),2,10003915,LIFETIME TRAINING GROUP LIMITED
119,Adult care worker (level 2),2,10003753,LAKES COLLEGE WEST CUMBRIA
119,Adult care worker (level 2),2,10048831,JS CONSULT LIMITED
119,Adult care worker (level 2),2,10085899,Busy Bees Education and Training
119,Adult care worker (level 2),2,10000452,AURELIA TRAINING LIMITED
119,Adult care worker (level 2),2,10048865,AGINCARE GROUP LIMITED
119,Adult care worker (level 2),2,10002923,EAST SUSSEX COLLEGE GROUP
119,Adult care worker (level 2),2,10000747,BLACKBURN COLLEGE
119,Adult care worker (level 2),2,10000948,LONDON SOUTH EAST COLLEGES
119,Adult care worker (level 2),2,10000976,BUCKINGHAMSHIRE COUNCIL
119,Adult care worker (level 2),2,10001005,BURY COLLEGE
119,Adult care worker (level 2),2,10002407,FAREPORT TRAINING ORGANISATION LIMITED
119,Adult care worker (level 2),2,10002639,GATESHEAD COUNCIL
119,Adult care worker (level 2),2,10002863,RIVERSIDE COLLEGE
119,Adult care worker (level 2),2,10021018,QDOS TRAINING LIMITED
119,Adult care worker (level 2),2,10023992,SUTTON COLDFIELD TRAINING LIMITED
119,Adult care worker (level 2),2,10024833,NTG TRAINING LTD
119,Adult care worker (level 2),2,10026331,TRAINPLUS LTD
119,Adult care worker (level 2),2,10042593,THE LINK TRAINING ACADEMY LIMITED
119,Adult care worker (level 2),2,10083146,Brighter Horizons Training and Development
119,Adult care worker (level 2),2,10000473,Buckinghamshire College Group
119,Adult care worker (level 2),2,10001475,CITY OF SUNDERLAND COLLEGE
119,Adult care worker (level 2),2,10003162,HTP APPRENTICESHIP COLLEGE LTD
119,Adult care worker (level 2),2,10003385,IPS INTERNATIONAL LIMITED
119,Adult care worker (level 2),2,10003955,THE CITY OF LIVERPOOL COLLEGE
119,Adult care worker (level 2),2,10004695,DN COLLEGES GROUP
119,Adult care worker (level 2),2,10004927,ACTIVATE LEARNING
119,Adult care worker (level 2),2,10005669,SANDWELL COLLEGE
119,Adult care worker (level 2),2,10005979,HAVANT AND SOUTH DOWNS COLLEGE
119,Adult care worker (level 2),2,10007455,Capital City College Group
119,Adult care worker (level 2),2,10007459,WESTON COLLEGE OF FURTHER AND HIGHER EDUCATION
119,Adult care worker (level 2),2,10007722,YORKSHIRE TRAINING PARTNERSHIP LIMITED
119,Adult care worker (level 2),2,10026590,FOCUS TRAINING (SW) LIMITED
119,Adult care worker (level 2),2,10027438,QUALITRAIN LIMITED
119,Adult care worker (level 2),2,10032396,ENCOMPASS CONSULTANCY LIMITED
119,Adult care worker (level 2),2,10033746,SBC TRAINING LIMITED
119,Adult care worker (level 2),2,10043533,LEWTAY TRAINING LIMITED
119,Adult care worker (level 2),2,10045094,STANFORDS TRAINING LTD
119,Adult care worker (level 2),2,10001123,CAMBRIDGESHIRE COUNTY COUNCIL
119,Adult care worker (level 2),2,10001848,DARLINGTON BOROUGH COUNCIL
119,Adult care worker (level 2),2,10004762,THE NORTHUMBERLAND COUNCIL
119,Adult care worker (level 2),2,10005534,RNN GROUP
119,Adult care worker (level 2),2,10021684,LONDON LEARNING CONSORTIUM COMMUNITY INTEREST COMPANY
119,Adult care worker (level 2),2,10021793,PATHWAY FIRST LIMITED
119,Adult care worker (level 2),2,10024054,PHOENIX4TRAINING LLP
119,Adult care worker (level 2),2,10032402,THE TRAINING PLACE OF EXCELLENCE LIMITED
119,Adult care worker (level 2),2,10037401,HCRG CARE SERVICES LTD
119,Adult care worker (level 2),2,10040392,GLASS & FENESTRATION TRAINING SOLUTIONS LTD
119,Adult care worker (level 2),2,10004657,NORFOLK COUNTY COUNCIL
119,Adult care worker (level 2),2,10006038,SOUTHPORT COLLEGE
119,Adult care worker (level 2),2,10029426,ABM TRAINING (UK) LTD
119,Adult care worker (level 2),2,10031984,DYNAMIC TRAINING UK LIMITED
119,Adult care worker (level 2),2,10001535,COLCHESTER INSTITUTE
119,Adult care worker (level 2),2,10001696,CORNWALL COLLEGE
119,Adult care worker (level 2),2,10001850,DARLINGTON COLLEGE
119,Adult care worker (level 2),2,10001919,DCG
119,Adult care worker (level 2),2,10002599,FURNESS COLLEGE
119,Adult care worker (level 2),2,10003768,LANCASTER AND MORECAMBE COLLEGE
119,Adult care worker (level 2),2,10003928,LINCOLN COLLEGE
119,Adult care worker (level 2),2,10004144,MACCLESFIELD COLLEGE
119,Adult care worker (level 2),2,10004579,NEW COLLEGE SWINDON
119,Adult care worker (level 2),2,10004676,PETROC
119,Adult care worker (level 2),2,10004772,CITY COLLEGE NORWICH
119,Adult care worker (level 2),2,10005977,SOUTH DEVON COLLEGE
119,Adult care worker (level 2),2,10006050,SPARSHOLT COLLEGE
119,Adult care worker (level 2),2,10006174,ST HELENS COLLEGE
119,Adult care worker (level 2),2,10007193,"HRUC (HARROW, RICHMOND AND UXBRIDGE COLLEGES)"
119,Adult care worker (level 2),2,10007289,HEART OF YORKSHIRE EDUCATION GROUP
119,Adult care worker (level 2),2,10007527,WILTSHIRE COLLEGE AND UNIVERSITY CENTRE
119,Adult care worker (level 2),2,10007938,TEC PARTNERSHIP
119,Adult care worker (level 2),2,10011880,P.T.P. TRAINING LIMITED
119,Adult care worker (level 2),2,10022788,THE CHILD CARE COMPANY (OLD WINDSOR) LIMITED
119,Adult care worker (level 2),2,10024962,LUMINATE EDUCATION GROUP
119,Adult care worker (level 2),2,10034527,NEXTSTEP TRAINING LIMITED
119,Adult care worker (level 2),2,10001467,CITY OF BRISTOL COLLEGE
119,Adult care worker (level 2),2,10004112,LOUGHBOROUGH COLLEGE
119,Adult care worker (level 2),2,10000560,BASINGSTOKE COLLEGE OF TECHNOLOGY
119,Adult care worker (level 2),2,10002094,"EALING, HAMMERSMITH & WEST LONDON COLLEGE"
119,Adult care worker (level 2),2,10002244,SHEFFIELD CITY COUNCIL
119,Adult care worker (level 2),2,10005972,CHESHIRE COLLEGE SOUTH AND WEST
119,Adult care worker (level 2),2,10004577,NOTTINGHAM COLLEGE
119,Adult care worker (level 2),2,10006770,THE OLDHAM COLLEGE
119,Adult care worker (level 2),2,10009450,VOCATIONAL TRAINING SERVICES CARE SECTOR LIMITED
119,Adult care worker (level 2),2,10006570,EKC GROUP
119,Adult care worker (level 2),2,10002697,GLOUCESTERSHIRE COUNTY COUNCIL
119,Adult care worker (level 2),2,10025197,UNIVERSITY CENTRE QUAYSIDE LIMITED
119,Adult care worker (level 2),2,10049233,VARSITY TRAINING LIMITED
119,Adult care worker (level 2),2,10000812,BOSTON COLLEGE
119,Adult care worker (level 2),2,10001465,BATH COLLEGE
119,Adult care worker (level 2),2,10001778,CROYDON COLLEGE
119,Adult care worker (level 2),2,10004690,NORTH HERTFORDSHIRE COLLEGE
119,Adult care worker (level 2),2,10005128,CITY COLLEGE PLYMOUTH
119,Adult care worker (level 2),2,10005998,THE TRAFFORD AND STOCKPORT COLLEGE GROUP
119,Adult care worker (level 2),2,10006337,STOCKTON-ON-TEES BOROUGH COUNCIL
119,Adult care worker (level 2),2,10006494,TAMESIDE COLLEGE
119,Adult care worker (level 2),2,10007709,YORK COLLEGE
119,Adult care worker (level 2),2,10010584,ACCESS TRAINING (EAST MIDLANDS) LTD
119,Adult care worker (level 2),2,10022358,PROFOUND SERVICES LIMITED
119,Adult care worker (level 2),2,10003406,ISLE OF WIGHT COLLEGE
119,Adult care worker (level 2),2,10054814,PLYMOUTH TRAINING AND CONSULTANCY LTD
119,Adult care worker (level 2),2,10000099,ACHIEVEMENT TRAINING LIMITED
119,Adult care worker (level 2),2,10000417,ASPECT TRAINING LIMITED
119,Adult care worker (level 2),2,10000532,BARNARDO'S
119,Adult care worker (level 2),2,10002064,COUNTY DURHAM COUNCIL
119,Adult care worker (level 2),2,10004000,SUTTON LONDON BOROUGH COUNCIL
119,Adult care worker (level 2),2,10004124,LUTON BOROUGH COUNCIL
119,Adult care worker (level 2),2,10004376,MILTON KEYNES COUNCIL
119,Adult care worker (level 2),2,10004601,NEWCASTLE UPON TYNE CITY COUNCIL
119,Adult care worker (level 2),2,10004720,NORTH WEST COMMUNITY SERVICES TRAINING LTD
119,Adult care worker (level 2),2,10005126,PLYMOUTH CITY COUNCIL
119,Adult care worker (level 2),2,10012442,NISHKAM CIVIC ASSOCIATION
119,Adult care worker (level 2),2,10013118,D.T.K. BUSINESS SERVICES LIMITED
119,Adult care worker (level 2),2,10015933,ALAN HESTER ASSOCIATES LIMITED
119,Adult care worker (level 2),2,10019300,INTEGER TRAINING LIMITED
119,Adult care worker (level 2),2,10022070,Alpha Gateway College
119,Adult care worker (level 2),2,10027146,DIANTHAS LTD
119,Adult care worker (level 2),2,10032256,OASIS CARE AND TRAINING AGENCY (OCTA)
119,Adult care worker (level 2),2,10032555,ALL DIMENSION LIMITED
119,Adult care worker (level 2),2,10037170,OTM APPRENTICESHIPS LTD
119,Adult care worker (level 2),2,10038292,CROYDONSAM TRAINING LTD
119,Adult care worker (level 2),2,10049149,RUNWAY APPRENTICESHIPS LIMITED
119,Adult care worker (level 2),2,10056018,LINCOLNSHIRE COMMUNITY HEALTH SERVICES NHS TRUST
119,Adult care worker (level 2),2,10061435,3 SPIRIT ENTERPRISE UK LIMITED
119,Adult care worker (level 2),2,10062203,QUALITY OF CARE LIMITED
119,Adult care worker (level 2),2,10065578,LEARNING FOR EXCELLENCE LTD
119,Adult care worker (level 2),2,10085944,WHITE POINT SOLUTIONS LTD
119,Adult care worker (level 2),2,10095116,NEW START
545,Advanced and creative hair professional (level 3),3,10003380,INTROTRAIN & FORUM LIMITED
545,Advanced and creative hair professional (level 3),3,10048792,PLUMS LIMITED
545,Advanced and creative hair professional (level 3),3,10003023,"HEREFORDSHIRE, LUDLOW, AND NORTH SHROPSHIRE COLLEGE"
545,Advanced and creative hair professional (level 3),3,10007063,TRURO AND PENWITH COLLEGE
545,Advanced and creative hair professional (level 3),3,10028919,EXCEED TRAINING COMPANY LIMITED
545,Advanced and creative hair professional (level 3),3,10000285,COLLINGE & CO TRAINING LIMITED
545,Advanced and creative hair professional (level 3),3,10003889,LESLIE FRANCES (HAIR FASHIONS) LIMITED
545,Advanced and creative hair professional (level 3),3,10024962,LUMINATE EDUCATION GROUP
545,Advanced and creative hair professional (level 3),3,10006770,THE OLDHAM COLLEGE
545,Advanced and creative hair professional (level 3),3,10012892,Michael John Training Manchester
545,Advanced and creative hair professional (level 3),3,10002565,FRANCESCO GROUP (HOLDINGS) LIMITED
545,Advanced and creative hair professional (level 3),3,10005426,HOUSE OF CLIVE (HAIR AND BEAUTY) LIMITED
545,Advanced and creative hair professional (level 3),3,10000536,BARNSLEY COLLEGE
545,Advanced and creative hair professional (level 3),3,10065400,WOW HAIR ACADEMY LIMITED
545,Advanced and creative hair professional (level 3),3,10005642,KLEEK APPRENTICESHIPS LIMITED
545,Advanced and creative hair professional (level 3),3,10003440,J & E TRAINING CONSULTANTS LIMITED
545,Advanced and creative hair professional (level 3),3,10057910,EVOLVE ACADEMY LTD
545,Advanced and creative hair professional (level 3),3,10009091,SPAN TRAINING & DEVELOPMENT LIMITED
545,Advanced and creative hair professional (level 3),3,10007427,WEST NOTTINGHAMSHIRE COLLEGE
545,Advanced and creative hair professional (level 3),3,10007500,WIGAN AND LEIGH COLLEGE
545,Advanced and creative hair professional (level 3),3,10034309,REALISE LEARNING AND EMPLOYMENT LIMITED
545,Advanced and creative hair professional (level 3),3,10002976,HEART OF ENGLAND TRAINING LIMITED
545,Advanced and creative hair professional (level 3),3,10024686,RESOURCES (N E) LIMITED
545,Advanced and creative hair professional (level 3),3,10044729,MOMENTUM TRAINING AND CONSULTANCY LTD
545,Advanced and creative hair professional (level 3),3,10035171,THE LONDON HAIRDRESSING APPRENTICESHIP ACADEMY LIMITED
545,Advanced and creative hair professional (level 3),3,10004632,NHTA LIMITED
545,Advanced and creative hair professional (level 3),3,10001259,CENTRAL TRAINING ACADEMY LIMITED
545,Advanced and creative hair professional (level 3),3,10053951,ACHIEVEMENT TRAINING & SKILLS LTD
545,Advanced and creative hair professional (level 3),3,10000747,BLACKBURN COLLEGE
545,Advanced and creative hair professional (level 3),3,10002863,RIVERSIDE COLLEGE
545,Advanced and creative hair professional (level 3),3,10003354,CHEYNES TRAINING LIMITED
545,Advanced and creative hair professional (level 3),3,10004603,NEWCASTLE AND STAFFORD COLLEGES GROUP
545,Advanced and creative hair professional (level 3),3,10005172,POULTEC TRAINING LIMITED
545,Advanced and creative hair professional (level 3),3,10021018,QDOS TRAINING LIMITED
545,Advanced and creative hair professional (level 3),3,10047356,TOTAL TRAINING PROVISION LIMITED
545,Advanced and creative hair professional (level 3),3,10001309,COVENTRY AND WARWICKSHIRE CHAMBERS OF COMMERCE TRAINING LIMITED
545,Advanced and creative hair professional (level 3),3,10002696,GLOUCESTERSHIRE COLLEGE
545,Advanced and creative hair professional (level 3),3,10003189,KIRKLEES COLLEGE
545,Advanced and creative hair professional (level 3),3,10003955,THE CITY OF LIVERPOOL COLLEGE
545,Advanced and creative hair professional (level 3),3,10004695,DN COLLEGES GROUP
545,Advanced and creative hair professional (level 3),3,10004927,ACTIVATE LEARNING
545,Advanced and creative hair professional (level 3),3,10005200,PRESTON COLLEGE
545,Advanced and creative hair professional (level 3),3,10005946,SOLIHULL COLLEGE AND UNIVERSITY CENTRE
545,Advanced and creative hair professional (level 3),3,10007578,CITY OF WOLVERHAMPTON COLLEGE
545,Advanced and creative hair professional (level 3),3,10007722,YORKSHIRE TRAINING PARTNERSHIP LIMITED
545,Advanced and creative hair professional (level 3),3,10056770,CEDARS TRAINING ACADEMY LIMITED
545,Advanced and creative hair professional (level 3),3,10065020,PROFESSIONAL APPRENTICESHIPS LTD
545,Advanced and creative hair professional (level 3),3,10003193,HUGH BAIRD COLLEGE
545,Advanced and creative hair professional (level 3),3,10000565,NOTTINGHAMSHIRE TRAINING GROUP LIMITED
545,Advanced and creative hair professional (level 3),3,10004232,MASTER CUTTERS LIMITED
545,Advanced and creative hair professional (level 3),3,10005277,SKILLS TO GROUP LIMITED
545,Advanced and creative hair professional (level 3),3,10005534,RNN GROUP
545,Advanced and creative hair professional (level 3),3,10028007,THAT NAIL PLACE LIMITED
545,Advanced and creative hair professional (level 3),3,10030099,HALLS OF IVY BEAUTY ACADEMY LIMITED
545,Advanced and creative hair professional (level 3),3,10037678,HAHA TRAINING LTD
545,Advanced and creative hair professional (level 3),3,10037723,EXCEL TRAINING LIMITED
545,Advanced and creative hair professional (level 3),3,10049191,MONTEBELLO TRAINING LTD
545,Advanced and creative hair professional (level 3),3,10054811,MIKE TAYLOR
545,Advanced and creative hair professional (level 3),3,10005457,REWARDS TRAINING RECRUITMENT CONSULTANCY LIMITED
545,Advanced and creative hair professional (level 3),3,10000610,BEDFORD COLLEGE
545,Advanced and creative hair professional (level 3),3,10001696,CORNWALL COLLEGE
545,Advanced and creative hair professional (level 3),3,10002599,FURNESS COLLEGE
545,Advanced and creative hair professional (level 3),3,10002743,GRANTHAM COLLEGE
545,Advanced and creative hair professional (level 3),3,10002917,HARTLEPOOL COLLEGE OF FURTHER EDUCATION
545,Advanced and creative hair professional (level 3),3,10003768,LANCASTER AND MORECAMBE COLLEGE
545,Advanced and creative hair professional (level 3),3,10003867,LEICESTER COLLEGE
545,Advanced and creative hair professional (level 3),3,10004144,MACCLESFIELD COLLEGE
545,Advanced and creative hair professional (level 3),3,10004676,PETROC
545,Advanced and creative hair professional (level 3),3,10005999,TYNE COAST COLLEGE
545,Advanced and creative hair professional (level 3),3,10007527,WILTSHIRE COLLEGE AND UNIVERSITY CENTRE
545,Advanced and creative hair professional (level 3),3,10007696,YEOVIL COLLEGE
545,Advanced and creative hair professional (level 3),3,10007817,CHICHESTER COLLEGE GROUP
545,Advanced and creative hair professional (level 3),3,10007851,UNIVERSITY OF DERBY
545,Advanced and creative hair professional (level 3),3,10007859,WARWICKSHIRE COLLEGE
545,Advanced and creative hair professional (level 3),3,10007928,SOUTH HAMPSHIRE COLLEGE GROUP
545,Advanced and creative hair professional (level 3),3,10007938,TEC PARTNERSHIP
545,Advanced and creative hair professional (level 3),3,10004112,LOUGHBOROUGH COLLEGE
545,Advanced and creative hair professional (level 3),3,10004375,MILTON KEYNES COLLEGE
545,Advanced and creative hair professional (level 3),3,10000560,BASINGSTOKE COLLEGE OF TECHNOLOGY
545,Advanced and creative hair professional (level 3),3,10008426,PGL TRAINING (PLUMBING) LIMITED
545,Advanced and creative hair professional (level 3),3,10005972,CHESHIRE COLLEGE SOUTH AND WEST
545,Advanced and creative hair professional (level 3),3,10000794,BOLTON COLLEGE
545,Advanced and creative hair professional (level 3),3,10002412,FARNBOROUGH COLLEGE OF TECHNOLOGY
545,Advanced and creative hair professional (level 3),3,10003753,LAKES COLLEGE WEST CUMBRIA
545,Advanced and creative hair professional (level 3),3,10007924,DUDLEY COLLEGE OF TECHNOLOGY
545,Advanced and creative hair professional (level 3),3,10031912,DEBUT TRAINING ACADEMY LIMITED
545,Advanced and creative hair professional (level 3),3,10001465,BATH COLLEGE
545,Advanced and creative hair professional (level 3),3,10001743,CRAVEN COLLEGE
545,Advanced and creative hair professional (level 3),3,10002923,EAST SUSSEX COLLEGE GROUP
545,Advanced and creative hair professional (level 3),3,10003558,KENDAL COLLEGE
545,Advanced and creative hair professional (level 3),3,10005128,CITY COLLEGE PLYMOUTH
545,Advanced and creative hair professional (level 3),3,10005998,THE TRAFFORD AND STOCKPORT COLLEGE GROUP
545,Advanced and creative hair professional (level 3),3,10006494,TAMESIDE COLLEGE
545,Advanced and creative hair professional (level 3),3,10007417,WEST HERTS COLLEGE
545,Advanced and creative hair professional (level 3),3,10007553,WIRRAL METROPOLITAN COLLEGE
545,Advanced and creative hair professional (level 3),3,10007709,YORK COLLEGE
545,Advanced and creative hair professional (level 3),3,10022513,Avant Skills Academy
545,Advanced and creative hair professional (level 3),3,10055749,WISER ACADEMY LIMITED
545,Advanced and creative hair professional (level 3),3,10006378,STRODE COLLEGE
545,Advanced and creative hair professional (level 3),3,10000099,ACHIEVEMENT TRAINING LIMITED
545,Advanced and creative hair professional (level 3),3,10000532,BARNARDO'S
545,Advanced and creative hair professional (level 3),3,10001736,CRACKERJACK TRAINING LIMITED
545,Advanced and creative hair professional (level 3),3,10002085,E.QUALITY TRAINING LIMITED
545,Advanced and creative hair professional (level 3),3,10004406,MODE TRAINING LTD
545,Advanced and creative hair professional (level 3),3,10004486,NACRO
545,Advanced and creative hair professional (level 3),3,10004721,NORTH KENT COLLEGE
545,Advanced and creative hair professional (level 3),3,10004895,ORACLE TRAINING CONSULTANTS LIMITED
545,Advanced and creative hair professional (level 3),3,10006574,THE ACADEMY HAIR & BEAUTY LTD
545,Advanced and creative hair professional (level 3),3,10007123,UK TRAINING & DEVELOPMENT LIMITED
545,Advanced and creative hair professional (level 3),3,10008699,YORKSHIRE COLLEGE OF BEAUTY LIMITED
545,Advanced and creative hair professional (level 3),3,10013118,D.T.K. BUSINESS SERVICES LIMITED
545,Advanced and creative hair professional (level 3),3,10021585,SHEARS ACADEMY LIMITED
545,Advanced and creative hair professional (level 3),3,10028056,PARTNERS 4 TRAINING LTD.
545,Advanced and creative hair professional (level 3),3,10033154,TRAIN WITH PRIDE LIMITED
545,Advanced and creative hair professional (level 3),3,10081187,CTSW SKILLS LTD
545,Advanced and creative hair professional (level 3),3,10093162,HIPSTER GROUP LIMITED
271,Advanced baker (level 3),3,10006378,STRODE COLLEGE
563,Advanced beauty therapist (level 3),3,10008699,YORKSHIRE COLLEGE OF BEAUTY LIMITED
563,Advanced beauty therapist (level 3),3,10000747,BLACKBURN COLLEGE
563,Advanced beauty therapist (level 3),3,10031912,DEBUT TRAINING ACADEMY LIMITED
563,Advanced beauty therapist (level 3),3,10003380,INTROTRAIN & FORUM LIMITED
563,Advanced beauty therapist (level 3),3,10007484,THE WHITE ROSE SCHOOL OF BEAUTY AND COMPLEMENTARY THERAPIES LIMITED
563,Advanced beauty therapist (level 3),3,10047356,TOTAL TRAINING PROVISION LIMITED
563,Advanced beauty therapist (level 3),3,10002976,HEART OF ENGLAND TRAINING LIMITED
563,Advanced beauty therapist (level 3),3,10004440,M I T SKILLS LIMITED
563,Advanced beauty therapist (level 3),3,10005200,PRESTON COLLEGE
563,Advanced beauty therapist (level 3),3,10007427,WEST NOTTINGHAMSHIRE COLLEGE
563,Advanced beauty therapist (level 3),3,10056770,CEDARS TRAINING ACADEMY LIMITED
563,Advanced beauty therapist (level 3),3,10003193,HUGH BAIRD COLLEGE
563,Advanced beauty therapist (level 3),3,10028007,THAT NAIL PLACE LIMITED
563,Advanced beauty therapist (level 3),3,10030099,HALLS OF IVY BEAUTY ACADEMY LIMITED
563,Advanced beauty therapist (level 3),3,10037723,EXCEL TRAINING LIMITED
563,Advanced beauty therapist (level 3),3,10001000,BURNLEY COLLEGE
563,Advanced beauty therapist (level 3),3,10001696,CORNWALL COLLEGE
563,Advanced beauty therapist (level 3),3,10002743,GRANTHAM COLLEGE
563,Advanced beauty therapist (level 3),3,10002917,HARTLEPOOL COLLEGE OF FURTHER EDUCATION
563,Advanced beauty therapist (level 3),3,10003768,LANCASTER AND MORECAMBE COLLEGE
563,Advanced beauty therapist (level 3),3,10004144,MACCLESFIELD COLLEGE
563,Advanced beauty therapist (level 3),3,10004344,MIDDLESBROUGH COLLEGE
563,Advanced beauty therapist (level 3),3,10005642,KLEEK APPRENTICESHIPS LIMITED
563,Advanced beauty therapist (level 3),3,10007500,WIGAN AND LEIGH COLLEGE
563,Advanced beauty therapist (level 3),3,10007851,UNIVERSITY OF DERBY
563,Advanced beauty therapist (level 3),3,10007938,TEC PARTNERSHIP
563,Advanced beauty therapist (level 3),3,10002412,FARNBOROUGH COLLEGE OF TECHNOLOGY
563,Advanced beauty therapist (level 3),3,10006770,THE OLDHAM COLLEGE
563,Advanced beauty therapist (level 3),3,10053951,ACHIEVEMENT TRAINING & SKILLS LTD
563,Advanced beauty therapist (level 3),3,10000061,ACACIA TRAINING LIMITED
563,Advanced beauty therapist (level 3),3,10000536,BARNSLEY COLLEGE
563,Advanced beauty therapist (level 3),3,10001116,CAMBRIDGE REGIONAL COLLEGE
563,Advanced beauty therapist (level 3),3,10001743,CRAVEN COLLEGE
563,Advanced beauty therapist (level 3),3,10002923,EAST SUSSEX COLLEGE GROUP
563,Advanced beauty therapist (level 3),3,10005128,CITY COLLEGE PLYMOUTH
563,Advanced beauty therapist (level 3),3,10007709,YORK COLLEGE
563,Advanced beauty therapist (level 3),3,10000099,ACHIEVEMENT TRAINING LIMITED
563,Advanced beauty therapist (level 3),3,10001736,CRACKERJACK TRAINING LIMITED
563,Advanced beauty therapist (level 3),3,10006574,THE ACADEMY HAIR & BEAUTY LTD
563,Advanced beauty therapist (level 3),3,10009213,FASHION RETAIL ACADEMY
563,Advanced beauty therapist (level 3),3,10035171,THE LONDON HAIRDRESSING APPRENTICESHIP ACADEMY LIMITED
563,Advanced beauty therapist (level 3),3,10044334,OMNI ACADEMY OF BEAUTY LIMITED
152,Advanced butcher (level 3),3,10004140,MEAT EAST ANGLIA TRADES (IPSWICH) LIMITED
152,Advanced butcher (level 3),3,10005172,POULTEC TRAINING LIMITED
152,Advanced butcher (level 3),3,10000721,BISHOP BURTON COLLEGE
152,Advanced butcher (level 3),3,10005124,PLUMPTON COLLEGE
152,Advanced butcher (level 3),3,10056494,BENSON-SMITH LIMITED
152,Advanced butcher (level 3),3,10034952,CROSBY MANAGEMENT TRAINING LTD
152,Advanced butcher (level 3),3,10024962,LUMINATE EDUCATION GROUP
152,Advanced butcher (level 3),3,10056013,MERCURI INTERNATIONAL (UK) LIMITED
152,Advanced butcher (level 3),3,10027269,WORKFORCE TRAINING & DEVELOPMENT LTD
252,Advanced clinical practitioner (integrated degree) (level 7),7,10007154,"UNIVERSITY OF NOTTINGHAM, THE"
252,Advanced clinical practitioner (integrated degree) (level 7),7,10007148,THE UNIVERSITY OF HUDDERSFIELD
252,Advanced clinical practitioner (integrated degree) (level 7),7,10003861,LEEDS BECKETT UNIVERSITY
252,Advanced clinical practitioner (integrated degree) (level 7),7,10007159,UNIVERSITY OF SUNDERLAND
252,Advanced clinical practitioner (integrated degree) (level 7),7,10007141,UNIVERSITY OF CENTRAL LANCASHIRE
252,Advanced clinical practitioner (integrated degree) (level 7),7,10006841,THE UNIVERSITY OF BOLTON
252,Advanced clinical practitioner (integrated degree) (level 7),7,10001883,DE MONTFORT UNIVERSITY
252,Advanced clinical practitioner (integrated degree) (level 7),7,10006566,THE UNIVERSITY OF WEST LONDON
252,Advanced clinical practitioner (integrated degree) (level 7),7,10001282,UNIVERSITY OF NORTHUMBRIA AT NEWCASTLE
252,Advanced clinical practitioner (integrated degree) (level 7),7,10003957,LIVERPOOL JOHN MOORES UNIVERSITY
252,Advanced clinical practitioner (integrated degree) (level 7),7,10004180,MANCHESTER METROPOLITAN UNIVERSITY
252,Advanced clinical practitioner (integrated degree) (level 7),7,10007151,UNIVERSITY OF LINCOLN
252,Advanced clinical practitioner (integrated degree) (level 7),7,10007157,THE UNIVERSITY OF SHEFFIELD
252,Advanced clinical practitioner (integrated degree) (level 7),7,10007823,EDGE HILL UNIVERSITY
252,Advanced clinical practitioner (integrated degree) (level 7),7,10006840,THE UNIVERSITY OF BIRMINGHAM
252,Advanced clinical practitioner (integrated degree) (level 7),7,10007156,"UNIVERSITY OF SALFORD, THE"
252,Advanced clinical practitioner (integrated degree) (level 7),7,10007161,TEESSIDE UNIVERSITY
252,Advanced clinical practitioner (integrated degree) (level 7),7,10007785,THE UNIVERSITY OF BRADFORD
252,Advanced clinical practitioner (integrated degree) (level 7),7,10007795,THE UNIVERSITY OF LEEDS
252,Advanced clinical practitioner (integrated degree) (level 7),7,10000824,BOURNEMOUTH UNIVERSITY
252,Advanced clinical practitioner (integrated degree) (level 7),7,10007792,UNIVERSITY OF EXETER
252,Advanced clinical practitioner (integrated degree) (level 7),7,10007164,"UNIVERSITY OF THE WEST OF ENGLAND, BRISTOL"
252,Advanced clinical practitioner (integrated degree) (level 7),7,10000291,ANGLIA RUSKIN UNIVERSITY
252,Advanced clinical practitioner (integrated degree) (level 7),7,10005790,SHEFFIELD HALLAM UNIVERSITY
252,Advanced clinical practitioner (integrated degree) (level 7),7,10007801,UNIVERSITY OF PLYMOUTH
252,Advanced clinical practitioner (integrated degree) (level 7),7,10000975,BUCKINGHAMSHIRE NEW UNIVERSITY
252,Advanced clinical practitioner (integrated degree) (level 7),7,10006842,THE UNIVERSITY OF LIVERPOOL
252,Advanced clinical practitioner (integrated degree) (level 7),7,10001478,"CITY, UNIVERSITY OF LONDON"
252,Advanced clinical practitioner (integrated degree) (level 7),7,10007842,THE UNIVERSITY OF CUMBRIA
252,Advanced clinical practitioner (integrated degree) (level 7),7,10007784,UNIVERSITY COLLEGE LONDON
252,Advanced clinical practitioner (integrated degree) (level 7),7,10001726,COVENTRY UNIVERSITY
252,Advanced clinical practitioner (integrated degree) (level 7),7,10004930,OXFORD BROOKES UNIVERSITY
252,Advanced clinical practitioner (integrated degree) (level 7),7,10001143,CANTERBURY CHRIST CHURCH UNIVERSITY
252,Advanced clinical practitioner (integrated degree) (level 7),7,10004797,NOTTINGHAM TRENT UNIVERSITY
252,Advanced clinical practitioner (integrated degree) (level 7),7,10007145,UNIVERSITY OF GLOUCESTERSHIRE
252,Advanced clinical practitioner (integrated degree) (level 7),7,10007147,UNIVERSITY OF HERTFORDSHIRE
252,Advanced clinical practitioner (integrated degree) (level 7),7,10007138,"UNIVERSITY OF NORTHAMPTON, THE"
252,Advanced clinical practitioner (integrated degree) (level 7),7,10007163,THE UNIVERSITY OF WARWICK
252,Advanced clinical practitioner (integrated degree) (level 7),7,10007767,UNIVERSITY OF KEELE
252,Advanced clinical practitioner (integrated degree) (level 7),7,10007789,THE UNIVERSITY OF EAST ANGLIA
252,Advanced clinical practitioner (integrated degree) (level 7),7,10007851,UNIVERSITY OF DERBY
252,Advanced clinical practitioner (integrated degree) (level 7),7,10091009,CU APPRENTICESHIPS (BETTER FUTURES) LIMITED
252,Advanced clinical practitioner (integrated degree) (level 7),7,10007167,UNIVERSITY OF YORK
252,Advanced clinical practitioner (integrated degree) (level 7),7,10000961,BRUNEL UNIVERSITY LONDON
252,Advanced clinical practitioner (integrated degree) (level 7),7,10007139,UNIVERSITY OF WORCESTER
252,Advanced clinical practitioner (integrated degree) (level 7),7,10007140,BIRMINGHAM CITY UNIVERSITY
252,Advanced clinical practitioner (integrated degree) (level 7),7,10007146,UNIVERSITY OF GREENWICH
252,Advanced clinical practitioner (integrated degree) (level 7),7,10007149,THE UNIVERSITY OF HULL
252,Advanced clinical practitioner (integrated degree) (level 7),7,10007152,UNIVERSITY OF BEDFORDSHIRE
252,Advanced clinical practitioner (integrated degree) (level 7),7,10007776,ROEHAMPTON UNIVERSITY
252,Advanced clinical practitioner (integrated degree) (level 7),7,10007791,THE UNIVERSITY OF ESSEX
252,Advanced clinical practitioner (integrated degree) (level 7),7,10007848,UNIVERSITY OF CHESTER
252,Advanced clinical practitioner (integrated degree) (level 7),7,10000163,AECC UNIVERSITY COLLEGE
764,Advanced digital forensic professional (level 7),7,10007822,CRANFIELD UNIVERSITY
489,Advanced forensic practitioner (custody or sexual offence) (level 7),7,,
509,Advanced furniture CNC technician (level 3),3,10003402,ENGINEERING TRUST TRAINING LIMITED
509,Advanced furniture CNC technician (level 3),3,10004692,NORTH LANCS. TRAINING GROUP CIC
535,Advanced golf greenkeeper (level 3),3,10004478,MYERSCOUGH COLLEGE
535,Advanced golf greenkeeper (level 3),3,10000415,ASKHAM BRYAN COLLEGE
535,Advanced golf greenkeeper (level 3),3,10032052,TRAIN TOGETHER LIMITED
535,Advanced golf greenkeeper (level 3),3,10033815,GREY SEAL ACADEMY LIMITED
826,Advanced paralegal (level 5),5,,
759,Advanced robotics engineer (level 7),7,,
689,Advanced sports turf technician (level 3),3,10000721,BISHOP BURTON COLLEGE
689,Advanced sports turf technician (level 3),3,10000878,BRIDGWATER AND TAUNTON COLLEGE
689,Advanced sports turf technician (level 3),3,10003023,"HEREFORDSHIRE, LUDLOW, AND NORTH SHROPSHIRE COLLEGE"
689,Advanced sports turf technician (level 3),3,10003571,KEITS TRAINING SERVICES LTD
689,Advanced sports turf technician (level 3),3,10004478,MYERSCOUGH COLLEGE
689,Advanced sports turf technician (level 3),3,10005124,PLUMPTON COLLEGE
689,Advanced sports turf technician (level 3),3,10000415,ASKHAM BRYAN COLLEGE
689,Advanced sports turf technician (level 3),3,10006050,SPARSHOLT COLLEGE
689,Advanced sports turf technician (level 3),3,10007527,WILTSHIRE COLLEGE AND UNIVERSITY CENTRE
689,Advanced sports turf technician (level 3),3,10032052,TRAIN TOGETHER LIMITED
689,Advanced sports turf technician (level 3),3,10004835,OAKLANDS COLLEGE
689,Advanced sports turf technician (level 3),3,10002107,THE WINDSOR FOREST COLLEGES GROUP
689,Advanced sports turf technician (level 3),3,10006770,THE OLDHAM COLLEGE
689,Advanced sports turf technician (level 3),3,10005128,CITY COLLEGE PLYMOUTH
689,Advanced sports turf technician (level 3),3,10004721,NORTH KENT COLLEGE
525,Advanced upholsterer (level 3),3,10004692,NORTH LANCS. TRAINING GROUP CIC
525,Advanced upholsterer (level 3),3,10007375,WEBS TRAINING LIMITED
525,Advanced upholsterer (level 3),3,10003190,HUDDERSFIELD TEXTILE TRAINING LIMITED
373,Advertising and media executive (level 3),3,10002230,BAUER RADIO LIMITED
373,Advertising and media executive (level 3),3,10007424,THE WEST MIDLANDS CREATIVE ALLIANCE LIMITED
373,Advertising and media executive (level 3),3,10048380,Ginger Nut Training
373,Advertising and media executive (level 3),3,10065784,BLUE LION TRAINING ACADEMY LIMITED
739,Advertising creative (level 6),6,10002230,BAUER RADIO LIMITED
739,Advertising creative (level 6),6,10093558,FEARLESS ADVENTURES ACADEMY LIMITED
37,Aerospace engineer (level 6),6,10007851,UNIVERSITY OF DERBY
37,Aerospace engineer (level 6),6,10007459,WESTON COLLEGE OF FURTHER AND HIGHER EDUCATION
37,Aerospace engineer (level 6),6,10007696,YEOVIL COLLEGE
37,Aerospace engineer (level 6),6,10000754,BLACKPOOL AND THE FYLDE COLLEGE
37,Aerospace engineer (level 6),6,10007164,"UNIVERSITY OF THE WEST OF ENGLAND, BRISTOL"
37,Aerospace engineer (level 6),6,10006408,SUNDERLAND ENGINEERING TRAINING ASSOCIATION LIMITED
37,Aerospace engineer (level 6),6,10002412,FARNBOROUGH COLLEGE OF TECHNOLOGY
827,Aerospace engineering technician (level 3),3,,
56,"Aerospace manufacturing electrical, mechanical and systems fitter (level 3)",3,,
3,Aerospace manufacturing fitter (level 3),3,,
572,Agriculture or horticulture professional adviser (level 6),6,,
490,Air traffic controller (level 5),5,10002696,GLOUCESTERSHIRE COLLEGE
114,Aircraft certifying technician (level 4),4,10020604,LRTT LIMITED
113,Aircraft maintenance fitter or technician (fixed and rotary wing) (level 3),3,10002370,EXETER COLLEGE
762,Aircraft maintenance technician (level 3),3,10002370,EXETER COLLEGE
762,Aircraft maintenance technician (level 3),3,10028607,KLM UK ENGINEERING LIMITED
762,Aircraft maintenance technician (level 3),3,10000610,BEDFORD COLLEGE
762,Aircraft maintenance technician (level 3),3,10001696,CORNWALL COLLEGE
762,Aircraft maintenance technician (level 3),3,10002899,HARLOW COLLEGE
762,Aircraft maintenance technician (level 3),3,10002917,HARTLEPOOL COLLEGE OF FURTHER EDUCATION
762,Aircraft maintenance technician (level 3),3,10003928,LINCOLN COLLEGE
762,Aircraft maintenance technician (level 3),3,10007928,SOUTH HAMPSHIRE COLLEGE GROUP
762,Aircraft maintenance technician (level 3),3,10002412,FARNBOROUGH COLLEGE OF TECHNOLOGY
762,Aircraft maintenance technician (level 3),3,10020604,LRTT LIMITED
762,Aircraft maintenance technician (level 3),3,10000105,APPRENTICESHIP LEARNING SOLUTIONS LIMITED
121,Airside operator (level 2),2,10002899,HARLOW COLLEGE
298,"Ambulance support worker (emergency, urgent and non-urgent) (level 3)",3,10023428,MEDIPRO LIMITED
298,"Ambulance support worker (emergency, urgent and non-urgent) (level 3)",3,10085759,BASEGREEN ACADEMY LTD
298,"Ambulance support worker (emergency, urgent and non-urgent) (level 3)",3,10041501,WEST MIDLANDS AMBULANCE SERVICE NHS FOUNDATION TRUST
298,"Ambulance support worker (emergency, urgent and non-urgent) (level 3)",3,10044523,MED LEARN TRAINING LIMITED
298,"Ambulance support worker (emergency, urgent and non-urgent) (level 3)",3,10088339,CIPHER MEDICAL CONSULTANCY LIMITED
298,"Ambulance support worker (emergency, urgent and non-urgent) (level 3)",3,10090016,MEDICARE EMS GROUP UK LIMITED
298,"Ambulance support worker (emergency, urgent and non-urgent) (level 3)",3,10091705,AMBUTECH PRE-HOSPITAL CARE LTD
298,"Ambulance support worker (emergency, urgent and non-urgent) (level 3)",3,10097279,ECHO FIRE AND MEDICAL LIMITED
332,Animal care and welfare assistant (level 2),2,10028269,ABBEYDALE VETLINK VETERINARY TRAINING LIMITED
332,Animal care and welfare assistant (level 2),2,10044886,GODDARD VETERINARY GROUP
332,Animal care and welfare assistant (level 2),2,10000878,BRIDGWATER AND TAUNTON COLLEGE
332,Animal care and welfare assistant (level 2),2,10008354,LITE (STOCKPORT) LIMITED
332,Animal care and welfare assistant (level 2),2,10003023,"HEREFORDSHIRE, LUDLOW, AND NORTH SHROPSHIRE COLLEGE"
332,Animal care and welfare assistant (level 2),2,10007859,WARWICKSHIRE COLLEGE
332,Animal care and welfare assistant (level 2),2,10037391,BOTTLE GREEN TRAINING LIMITED
332,Animal care and welfare assistant (level 2),2,10001696,CORNWALL COLLEGE
332,Animal care and welfare assistant (level 2),2,10045754,CVS (UK) LIMITED
332,Animal care and welfare assistant (level 2),2,10055021,LYNWOOD VETS LIMITED
332,Animal care and welfare assistant (level 2),2,10001539,THE COLLEGE OF ANIMAL WELFARE LIMITED
332,Animal care and welfare assistant (level 2),2,10000721,BISHOP BURTON COLLEGE
332,Animal care and welfare assistant (level 2),2,10004478,MYERSCOUGH COLLEGE
332,Animal care and welfare assistant (level 2),2,10001919,DCG
332,Animal care and welfare assistant (level 2),2,10003571,KEITS TRAINING SERVICES LTD
332,Animal care and welfare assistant (level 2),2,10002841,HADDON TRAINING LIMITED
332,Animal care and welfare assistant (level 2),2,10005172,POULTEC TRAINING LIMITED
332,Animal care and welfare assistant (level 2),2,10004695,DN COLLEGES GROUP
332,Animal care and welfare assistant (level 2),2,10005124,PLUMPTON COLLEGE
332,Animal care and welfare assistant (level 2),2,10005946,SOLIHULL COLLEGE AND UNIVERSITY CENTRE
332,Animal care and welfare assistant (level 2),2,10056024,CANINE GROOM SCHOOL LTD
332,Animal care and welfare assistant (level 2),2,10063519,SHELDRAKE TRAINING LIMITED
332,Animal care and welfare assistant (level 2),2,10006050,SPARSHOLT COLLEGE
332,Animal care and welfare assistant (level 2),2,10006174,ST HELENS COLLEGE
332,Animal care and welfare assistant (level 2),2,10024962,LUMINATE EDUCATION GROUP
332,Animal care and welfare assistant (level 2),2,10005404,REASEHEATH COLLEGE
332,Animal care and welfare assistant (level 2),2,10094574,WRITTLE COLLEGE LIMITED
332,Animal care and welfare assistant (level 2),2,10002130,EAST SURREY COLLEGE
332,Animal care and welfare assistant (level 2),2,10003558,KENDAL COLLEGE
332,Animal care and welfare assistant (level 2),2,10004442,MOULTON COLLEGE
332,Animal care and welfare assistant (level 2),2,10083948,TRENDY POOCHES TRAINING ACADEMY LIMITED
332,Animal care and welfare assistant (level 2),2,10091242,RASE VY LTD
730,Animal care and welfare manager (level 3),3,10005172,POULTEC TRAINING LIMITED
730,Animal care and welfare manager (level 3),3,10000721,BISHOP BURTON COLLEGE
730,Animal care and welfare manager (level 3),3,10002841,HADDON TRAINING LIMITED
730,Animal care and welfare manager (level 3),3,10003023,"HEREFORDSHIRE, LUDLOW, AND NORTH SHROPSHIRE COLLEGE"
730,Animal care and welfare manager (level 3),3,10003571,KEITS TRAINING SERVICES LTD
730,Animal care and welfare manager (level 3),3,10004478,MYERSCOUGH COLLEGE
730,Animal care and welfare manager (level 3),3,10056024,CANINE GROOM SCHOOL LTD
730,Animal care and welfare manager (level 3),3,10001539,THE COLLEGE OF ANIMAL WELFARE LIMITED
730,Animal care and welfare manager (level 3),3,10001696,CORNWALL COLLEGE
730,Animal care and welfare manager (level 3),3,10001919,DCG
730,Animal care and welfare manager (level 3),3,10094574,WRITTLE COLLEGE LIMITED
730,Animal care and welfare manager (level 3),3,10008915,COMMON COUNCIL OF THE CITY OF LONDON
730,Animal care and welfare manager (level 3),3,10083948,TRENDY POOCHES TRAINING ACADEMY LIMITED
179,Animal technologist (level 3),3,10024962,LUMINATE EDUCATION GROUP
379,Animal training instructor (level 4),4,,
645,Anti-social behaviour and community safety officer (level 4),4,10040417,PIER TECHNOLOGY LTD
645,Anti-social behaviour and community safety officer (level 4),4,10062322,INTELLIGENCIA TRAINING LIMITED
645,Anti-social behaviour and community safety officer (level 4),4,10084984,Resolve ASB
663,Applications support lead (level 4),4,10002639,GATESHEAD COUNCIL
663,Applications support lead (level 4),4,10028279,LEARNING FOR FUTURES LTD
663,Applications support lead (level 4),4,10058007,LearnTech
663,Applications support lead (level 4),4,10010335,FIREBRAND TRAINING LIMITED
663,Applications support lead (level 4),4,10007434,WEST THAMES COLLEGE
663,Applications support lead (level 4),4,10024404,LONDON VESTA COLLEGE LIMITED
663,Applications support lead (level 4),4,10047354,VELOCITY 1ST LIMITED
663,Applications support lead (level 4),4,10004607,NEWHAM COLLEGE OF FURTHER EDUCATION
663,Applications support lead (level 4),4,10088861,KEIBRA LTD
660,Arboriculturist (level 4),4,10004478,MYERSCOUGH COLLEGE
660,Arboriculturist (level 4),4,10005124,PLUMPTON COLLEGE
180,Arborist (level 2),2,10001696,CORNWALL COLLEGE
180,Arborist (level 2),2,10002111,EAST DURHAM COLLEGE
180,Arborist (level 2),2,10001919,DCG
180,Arborist (level 2),2,10002107,THE WINDSOR FOREST COLLEGES GROUP
180,Arborist (level 2),2,10006050,SPARSHOLT COLLEGE
180,Arborist (level 2),2,10005124,PLUMPTON COLLEGE
180,Arborist (level 2),2,10000415,ASKHAM BRYAN COLLEGE
180,Arborist (level 2),2,10007859,WARWICKSHIRE COLLEGE
180,Arborist (level 2),2,10000721,BISHOP BURTON COLLEGE
180,Arborist (level 2),2,10003023,"HEREFORDSHIRE, LUDLOW, AND NORTH SHROPSHIRE COLLEGE"
180,Arborist (level 2),2,10004478,MYERSCOUGH COLLEGE
180,Arborist (level 2),2,10004927,ACTIVATE LEARNING
180,Arborist (level 2),2,10008155,CENTRAL YOUNG MEN'S CHRISTIAN ASSOCIATION
180,Arborist (level 2),2,10094574,WRITTLE COLLEGE LIMITED
180,Arborist (level 2),2,10001148,CAPEL MANOR COLLEGE
180,Arborist (level 2),2,10008915,COMMON COUNCIL OF THE CITY OF LONDON
484,Archaeological specialist (degree) (level 7),7,10007811,BISHOP GROSSETESTE UNIVERSITY
484,Archaeological specialist (degree) (level 7),7,10007858,UNIVERSITY OF WALES: TRINITY SAINT DAVID
429,Archaeological technician (level 3),3,10001446,CIRENCESTER COLLEGE
300,Architect (integrated degree) (level 7),7,10007164,"UNIVERSITY OF THE WEST OF ENGLAND, BRISTOL"
300,Architect (integrated degree) (level 7),7,10001282,UNIVERSITY OF NORTHUMBRIA AT NEWCASTLE
300,Architect (integrated degree) (level 7),7,10004930,OXFORD BROOKES UNIVERSITY
300,Architect (integrated degree) (level 7),7,10007155,UNIVERSITY OF PORTSMOUTH
300,Architect (integrated degree) (level 7),7,10007788,UNIVERSITY OF CAMBRIDGE
300,Architect (integrated degree) (level 7),7,10004078,LONDON SOUTH BANK UNIVERSITY
300,Architect (integrated degree) (level 7),7,10004797,NOTTINGHAM TRENT UNIVERSITY
300,Architect (integrated degree) (level 7),7,10007154,"UNIVERSITY OF NOTTINGHAM, THE"
300,Architect (integrated degree) (level 7),7,10005790,SHEFFIELD HALLAM UNIVERSITY
300,Architect (integrated degree) (level 7),7,10007150,THE UNIVERSITY OF KENT
300,Architect (integrated degree) (level 7),7,10003861,LEEDS BECKETT UNIVERSITY
300,Architect (integrated degree) (level 7),7,10007140,BIRMINGHAM CITY UNIVERSITY
300,Architect (integrated degree) (level 7),7,10004048,LONDON METROPOLITAN UNIVERSITY
299,Architectural assistant (integrated degree) (level 6),6,10004078,LONDON SOUTH BANK UNIVERSITY
299,Architectural assistant (integrated degree) (level 6),6,10007155,UNIVERSITY OF PORTSMOUTH
668,Archivist and records manager (level 7),7,10001464,WESTMINSTER CITY COUNCIL
561,Artificial intelligence (AI) data specialist (level 7),7,10063309,CAMBRIDGE SPARK LIMITED
561,Artificial intelligence (AI) data specialist (level 7),7,10003375,QA LIMITED
561,Artificial intelligence (AI) data specialist (level 7),7,10048199,NORTHEASTERN UNIVERSITY - LONDON
561,Artificial intelligence (AI) data specialist (level 7),7,10058007,LearnTech
561,Artificial intelligence (AI) data specialist (level 7),7,10088850,THE S&A TRANSFORM GROUP LIMITED
561,Artificial intelligence (AI) data specialist (level 7),7,10001883,DE MONTFORT UNIVERSITY
561,Artificial intelligence (AI) data specialist (level 7),7,10052858,DIGITAL NATIVE (UK) LIMITED
561,Artificial intelligence (AI) data specialist (level 7),7,10065767,DECODED LIMITED
561,Artificial intelligence (AI) data specialist (level 7),7,10045070,CHERITH SIMMONS LEARNING & DEVELOPMENT LLP
561,Artificial intelligence (AI) data specialist (level 7),7,10085696,FOUNDERS & CODERS C.I.C.
561,Artificial intelligence (AI) data specialist (level 7),7,10082136,PROJECTING SUCCESS LTD
561,Artificial intelligence (AI) data specialist (level 7),7,10007806,UNIVERSITY OF SUSSEX
432,Arts therapist (level 7),7,10007161,TEESSIDE UNIVERSITY
303,Asbestos analyst and surveyor (level 3),3,,
601,Asbestos removal operative (level 2),2,,
401,Assessor coach (level 4),4,10004657,NORFOLK COUNTY COUNCIL
401,Assessor coach (level 4),4,10003915,LIFETIME TRAINING GROUP LIMITED
401,Assessor coach (level 4),4,10021018,QDOS TRAINING LIMITED
401,Assessor coach (level 4),4,10032119,SOUTH WEST ASSOCIATION OF TRAINING PROVIDERS LIMITED
401,Assessor coach (level 4),4,10048380,Ginger Nut Training
401,Assessor coach (level 4),4,10002841,HADDON TRAINING LIMITED
401,Assessor coach (level 4),4,10004695,DN COLLEGES GROUP
401,Assessor coach (level 4),4,10005032,SALFORD CITY COLLEGE
401,Assessor coach (level 4),4,10029736,IGNITE SPORT UK LIMITED
401,Assessor coach (level 4),4,10042241,THE IT SKILLS MANAGEMENT COMPANY LIMITED
401,Assessor coach (level 4),4,10046679,KIWI & YUZU LTD
401,Assessor coach (level 4),4,10054679,JLMS MANAGEMENT LTD.
401,Assessor coach (level 4),4,10000610,BEDFORD COLLEGE
401,Assessor coach (level 4),4,10003529,JUNIPER TRAINING LIMITED
401,Assessor coach (level 4),4,10004144,MACCLESFIELD COLLEGE
401,Assessor coach (level 4),4,10007431,WEST SUFFOLK COLLEGE
401,Assessor coach (level 4),4,10007938,TEC PARTNERSHIP
401,Assessor coach (level 4),4,10038931,PENSHAW VIEW TRAINING LIMITED
401,Assessor coach (level 4),4,10040011,RM TRAINING (UK) LIMITED
401,Assessor coach (level 4),4,10000560,BASINGSTOKE COLLEGE OF TECHNOLOGY
401,Assessor coach (level 4),4,10005972,CHESHIRE COLLEGE SOUTH AND WEST
401,Assessor coach (level 4),4,10005891,SKILLNET LIMITED
401,Assessor coach (level 4),4,10023516,ESSEX PARTNERSHIP UNIVERSITY NHS FOUNDATION TRUST
401,Assessor coach (level 4),4,10029195,RHG CONSULT LTD
401,Assessor coach (level 4),4,10007123,UK TRAINING & DEVELOPMENT LIMITED
401,Assessor coach (level 4),4,10015933,ALAN HESTER ASSOCIATES LIMITED
401,Assessor coach (level 4),4,10020932,THE COLLEGES' PARTNERSHIP LIMITED
401,Assessor coach (level 4),4,10032555,ALL DIMENSION LIMITED
624,Asset manager (level 4),4,10030871,WATERTRAIN LIMITED
624,Asset manager (level 4),4,10007161,TEESSIDE UNIVERSITY
624,Asset manager (level 4),4,10030102,MERIT SKILLS LIMITED
133,Assistant accountant (level 3),3,10003023,"HEREFORDSHIRE, LUDLOW, AND NORTH SHROPSHIRE COLLEGE"
133,Assistant accountant (level 3),3,10001000,BURNLEY COLLEGE
133,Assistant accountant (level 3),3,10004576,NEW COLLEGE DURHAM
133,Assistant accountant (level 3),3,10007553,WIRRAL METROPOLITAN COLLEGE
133,Assistant accountant (level 3),3,10002370,EXETER COLLEGE
133,Assistant accountant (level 3),3,10001515,C.M.S. VOCATIONAL TRAINING LIMITED
133,Assistant accountant (level 3),3,10036578,THE APPRENTICE ACADEMY LIMITED
133,Assistant accountant (level 3),3,10032119,SOUTH WEST ASSOCIATION OF TRAINING PROVIDERS LIMITED
133,Assistant accountant (level 3),3,10000754,BLACKPOOL AND THE FYLDE COLLEGE
133,Assistant accountant (level 3),3,10055777,HTFT PARTNERSHIP LIMITED
133,Assistant accountant (level 3),3,10004257,MCARTHUR DEAN TRAINING LIMITED
133,Assistant accountant (level 3),3,10002863,RIVERSIDE COLLEGE
133,Assistant accountant (level 3),3,10001378,CHESTERFIELD COLLEGE
133,Assistant accountant (level 3),3,10003189,KIRKLEES COLLEGE
133,Assistant accountant (level 3),3,10004344,MIDDLESBROUGH COLLEGE
133,Assistant accountant (level 3),3,10004695,DN COLLEGES GROUP
133,Assistant accountant (level 3),3,10004177,THE GROWTH COMPANY LIMITED
133,Assistant accountant (level 3),3,10004603,NEWCASTLE AND STAFFORD COLLEGES GROUP
133,Assistant accountant (level 3),3,10041891,EMA TRAINING LIMITED
133,Assistant accountant (level 3),3,10001535,COLCHESTER INSTITUTE
133,Assistant accountant (level 3),3,10001743,CRAVEN COLLEGE
133,Assistant accountant (level 3),3,10001005,BURY COLLEGE
133,Assistant accountant (level 3),3,10005979,HAVANT AND SOUTH DOWNS COLLEGE
133,Assistant accountant (level 3),3,10003026,HEREFORDSHIRE AND WORCESTERSHIRE GROUP TRAINING ASSOCIATION LIMITED
133,Assistant accountant (level 3),3,10007817,CHICHESTER COLLEGE GROUP
133,Assistant accountant (level 3),3,10056050,FIRST INTUITION LEEDS LIMITED
133,Assistant accountant (level 3),3,10033482,E-CAREERS EDUCATION LIMITED
133,Assistant accountant (level 3),3,10011880,P.T.P. TRAINING LIMITED
133,Assistant accountant (level 3),3,10002923,EAST SUSSEX COLLEGE GROUP
133,Assistant accountant (level 3),3,10000747,BLACKBURN COLLEGE
133,Assistant accountant (level 3),3,10040718,FIRST INTUITION SOUTH LIMITED
133,Assistant accountant (level 3),3,10032740,LEARNING SKILLS PARTNERSHIP LTD
133,Assistant accountant (level 3),3,10004657,NORFOLK COUNTY COUNCIL
133,Assistant accountant (level 3),3,10004112,LOUGHBOROUGH COLLEGE
133,Assistant accountant (level 3),3,10003558,KENDAL COLLEGE
133,Assistant accountant (level 3),3,10042003,FIRST INTUITION CHELMSFORD LIMITED
133,Assistant accountant (level 3),3,10036143,SOUTH GLOUCESTERSHIRE AND STROUD COLLEGE
133,Assistant accountant (level 3),3,10000536,BARNSLEY COLLEGE
133,Assistant accountant (level 3),3,10007455,Capital City College Group
133,Assistant accountant (level 3),3,10039527,Peak Accountancy Training
133,Assistant accountant (level 3),3,10030926,FIRST INTUITION CAMBRIDGE LIMITED
133,Assistant accountant (level 3),3,10005077,INSPIRE EDUCATION GROUP
133,Assistant accountant (level 3),3,10032052,TRAIN TOGETHER LIMITED
133,Assistant accountant (level 3),3,10060902,RICHARD HUISH TRUST
133,Assistant accountant (level 3),3,10025133,SOLVEWAY LIMITED
133,Assistant accountant (level 3),3,10056738,FIRST INTUITION LIMITED
133,Assistant accountant (level 3),3,10001309,COVENTRY AND WARWICKSHIRE CHAMBERS OF COMMERCE TRAINING LIMITED
133,Assistant accountant (level 3),3,10001174,CT SKILLS LIMITED
133,Assistant accountant (level 3),3,10007938,TEC PARTNERSHIP
133,Assistant accountant (level 3),3,10002852,HALESOWEN COLLEGE
133,Assistant accountant (level 3),3,10009059,ACCESS TRAINING LIMITED
133,Assistant accountant (level 3),3,10001831,DAMAR LIMITED
133,Assistant accountant (level 3),3,10000794,BOLTON COLLEGE
133,Assistant accountant (level 3),3,10007696,YEOVIL COLLEGE
133,Assistant accountant (level 3),3,10005575,RUNSHAW COLLEGE
133,Assistant accountant (level 3),3,10004599,NCG
133,Assistant accountant (level 3),3,10042735,ACCOUNTANCY LEARNING LTD
133,Assistant accountant (level 3),3,10007193,"HRUC (HARROW, RICHMOND AND UXBRIDGE COLLEGES)"
133,Assistant accountant (level 3),3,10000055,ABINGDON AND WITNEY COLLEGE
133,Assistant accountant (level 3),3,10006987,TRAINING 2000 LIMITED
133,Assistant accountant (level 3),3,10008986,Waverley Training Services
133,Assistant accountant (level 3),3,10000446,KAPLAN FINANCIAL LIMITED
133,Assistant accountant (level 3),3,10006770,THE OLDHAM COLLEGE
133,Assistant accountant (level 3),3,10027655,STARTING OFF LIMITED
133,Assistant accountant (level 3),3,10002696,GLOUCESTERSHIRE COLLEGE
133,Assistant accountant (level 3),3,10032147,SPECIALIST TRADE COURSES LIMITED
133,Assistant accountant (level 3),3,10004144,MACCLESFIELD COLLEGE
133,Assistant accountant (level 3),3,10004375,MILTON KEYNES COLLEGE
133,Assistant accountant (level 3),3,10001850,DARLINGTON COLLEGE
133,Assistant accountant (level 3),3,10007928,SOUTH HAMPSHIRE COLLEGE GROUP
133,Assistant accountant (level 3),3,10007315,WALSALL COLLEGE
133,Assistant accountant (level 3),3,10023526,SOUTH STAFFORDSHIRE COLLEGE
133,Assistant accountant (level 3),3,10029952,BPP PROFESSIONAL EDUCATION LIMITED
133,Assistant accountant (level 3),3,10000494,BABINGTON BUSINESS COLLEGE LIMITED
133,Assistant accountant (level 3),3,10040664,LMP Education
133,Assistant accountant (level 3),3,10004977,PARAGON EDUCATION & SKILLS LIMITED
133,Assistant accountant (level 3),3,10000948,LONDON SOUTH EAST COLLEGES
133,Assistant accountant (level 3),3,10000976,BUCKINGHAMSHIRE COUNCIL
133,Assistant accountant (level 3),3,10044607,BOOM TRAINING LIMITED
133,Assistant accountant (level 3),3,10000878,BRIDGWATER AND TAUNTON COLLEGE
133,Assistant accountant (level 3),3,10001475,CITY OF SUNDERLAND COLLEGE
133,Assistant accountant (level 3),3,10005064,PETA LIMITED
133,Assistant accountant (level 3),3,10005200,PRESTON COLLEGE
133,Assistant accountant (level 3),3,10005822,SHREWSBURY COLLEGES GROUP
133,Assistant accountant (level 3),3,10005946,SOLIHULL COLLEGE AND UNIVERSITY CENTRE
133,Assistant accountant (level 3),3,10006341,THE EDUCATION TRAINING COLLECTIVE
133,Assistant accountant (level 3),3,10007063,TRURO AND PENWITH COLLEGE
133,Assistant accountant (level 3),3,10007339,WARRINGTON & VALE ROYAL COLLEGE
133,Assistant accountant (level 3),3,10007427,WEST NOTTINGHAMSHIRE COLLEGE
133,Assistant accountant (level 3),3,10007459,WESTON COLLEGE OF FURTHER AND HIGHER EDUCATION
133,Assistant accountant (level 3),3,10007977,HEART OF WORCESTERSHIRE COLLEGE
133,Assistant accountant (level 3),3,10026590,FOCUS TRAINING (SW) LIMITED
133,Assistant accountant (level 3),3,10033746,SBC TRAINING LIMITED
133,Assistant accountant (level 3),3,10043793,APPRENTICE TEAM LTD
133,Assistant accountant (level 3),3,10045094,STANFORDS TRAINING LTD
133,Assistant accountant (level 3),3,10003193,HUGH BAIRD COLLEGE
133,Assistant accountant (level 3),3,10007469,WEYMOUTH COLLEGE
133,Assistant accountant (level 3),3,10007011,NORTHAMPTON COLLEGE
133,Assistant accountant (level 3),3,10024054,PHOENIX4TRAINING LLP
133,Assistant accountant (level 3),3,10032402,THE TRAINING PLACE OF EXCELLENCE LIMITED
133,Assistant accountant (level 3),3,10043389,EXCELLENCE-SOLUTIONS LIMITED
133,Assistant accountant (level 3),3,10046679,KIWI & YUZU LTD
133,Assistant accountant (level 3),3,10046850,BLUE SKY ASSESSING & CONSULTANCY LTD
133,Assistant accountant (level 3),3,10066604,THE FERNANDES AND ROSARIO CONSULTING LIMITED
133,Assistant accountant (level 3),3,10006038,SOUTHPORT COLLEGE
133,Assistant accountant (level 3),3,10042505,SOMERSET SKILLS & LEARNING CIC
133,Assistant accountant (level 3),3,10000610,BEDFORD COLLEGE
133,Assistant accountant (level 3),3,10001093,CALDERDALE COLLEGE
133,Assistant accountant (level 3),3,10001476,UNITED COLLEGES GROUP
133,Assistant accountant (level 3),3,10001539,THE COLLEGE OF ANIMAL WELFARE LIMITED
133,Assistant accountant (level 3),3,10002599,FURNESS COLLEGE
133,Assistant accountant (level 3),3,10002743,GRANTHAM COLLEGE
133,Assistant accountant (level 3),3,10002899,HARLOW COLLEGE
133,Assistant accountant (level 3),3,10002917,HARTLEPOOL COLLEGE OF FURTHER EDUCATION
133,Assistant accountant (level 3),3,10003674,SOUTH THAMES COLLEGES GROUP
133,Assistant accountant (level 3),3,10003768,LANCASTER AND MORECAMBE COLLEGE
133,Assistant accountant (level 3),3,10003928,LINCOLN COLLEGE
133,Assistant accountant (level 3),3,10004340,MID-KENT COLLEGE
133,Assistant accountant (level 3),3,10004579,NEW COLLEGE SWINDON
133,Assistant accountant (level 3),3,10004676,PETROC
133,Assistant accountant (level 3),3,10004772,CITY COLLEGE NORWICH
133,Assistant accountant (level 3),3,10005488,RIVERSIDE TRAINING LIMITED
133,Assistant accountant (level 3),3,10005788,"SHEFFIELD COLLEGE, THE"
133,Assistant accountant (level 3),3,10005977,SOUTH DEVON COLLEGE
133,Assistant accountant (level 3),3,10005981,SOUTH ESSEX COLLEGE OF FURTHER AND HIGHER EDUCATION
133,Assistant accountant (level 3),3,10005999,TYNE COAST COLLEGE
133,Assistant accountant (level 3),3,10006050,SPARSHOLT COLLEGE
133,Assistant accountant (level 3),3,10006174,ST HELENS COLLEGE
133,Assistant accountant (level 3),3,10006549,TELFORD COLLEGE
133,Assistant accountant (level 3),3,10007289,HEART OF YORKSHIRE EDUCATION GROUP
133,Assistant accountant (level 3),3,10007431,WEST SUFFOLK COLLEGE
133,Assistant accountant (level 3),3,10007500,WIGAN AND LEIGH COLLEGE
133,Assistant accountant (level 3),3,10007527,WILTSHIRE COLLEGE AND UNIVERSITY CENTRE
133,Assistant accountant (level 3),3,10007851,UNIVERSITY OF DERBY
133,Assistant accountant (level 3),3,10007859,WARWICKSHIRE COLLEGE
133,Assistant accountant (level 3),3,10021755,TOTAL PEOPLE LIMITED
133,Assistant accountant (level 3),3,10024962,LUMINATE EDUCATION GROUP
133,Assistant accountant (level 3),3,10001467,CITY OF BRISTOL COLLEGE
133,Assistant accountant (level 3),3,10021391,PROFESSIONAL TRAINING SOLUTIONS LIMITED
133,Assistant accountant (level 3),3,10000560,BASINGSTOKE COLLEGE OF TECHNOLOGY
133,Assistant accountant (level 3),3,10001446,CIRENCESTER COLLEGE
133,Assistant accountant (level 3),3,10002094,"EALING, HAMMERSMITH & WEST LONDON COLLEGE"
133,Assistant accountant (level 3),3,10003289,INDEPENDENT TRAINING SERVICES LIMITED
133,Assistant accountant (level 3),3,10004835,OAKLANDS COLLEGE
133,Assistant accountant (level 3),3,10006398,SUFFOLK NEW COLLEGE
133,Assistant accountant (level 3),3,10007945,CITY OF PORTSMOUTH COLLEGE
133,Assistant accountant (level 3),3,10038872,GENIUS SOFTWARE SOLUTIONS LIMITED
133,Assistant accountant (level 3),3,10005972,CHESHIRE COLLEGE SOUTH AND WEST
133,Assistant accountant (level 3),3,10002130,EAST SURREY COLLEGE
133,Assistant accountant (level 3),3,10002412,FARNBOROUGH COLLEGE OF TECHNOLOGY
133,Assistant accountant (level 3),3,10003753,LAKES COLLEGE WEST CUMBRIA
133,Assistant accountant (level 3),3,10005967,SOUTH & CITY COLLEGE BIRMINGHAM
133,Assistant accountant (level 3),3,10007924,DUDLEY COLLEGE OF TECHNOLOGY
133,Assistant accountant (level 3),3,10006570,EKC GROUP
133,Assistant accountant (level 3),3,10002111,EAST DURHAM COLLEGE
133,Assistant accountant (level 3),3,10039140,THE RECALVI ENTERPRISE LTD
133,Assistant accountant (level 3),3,10049392,SWARM TRAINING C.I.C.
133,Assistant accountant (level 3),3,10000812,BOSTON COLLEGE
133,Assistant accountant (level 3),3,10001004,BURTON AND SOUTH DERBYSHIRE COLLEGE
133,Assistant accountant (level 3),3,10001465,BATH COLLEGE
133,Assistant accountant (level 3),3,10001778,CROYDON COLLEGE
133,Assistant accountant (level 3),3,10004596,NEWBURY COLLEGE
133,Assistant accountant (level 3),3,10004690,NORTH HERTFORDSHIRE COLLEGE
133,Assistant accountant (level 3),3,10006442,BIRMINGHAM METROPOLITAN COLLEGE
133,Assistant accountant (level 3),3,10003035,HERTFORD REGIONAL COLLEGE
133,Assistant accountant (level 3),3,10003406,ISLE OF WIGHT COLLEGE
133,Assistant accountant (level 3),3,10006378,STRODE COLLEGE
133,Assistant accountant (level 3),3,10002483,FIRST RUNG LIMITED
133,Assistant accountant (level 3),3,10004000,SUTTON LONDON BOROUGH COUNCIL
133,Assistant accountant (level 3),3,10005126,PLYMOUTH CITY COUNCIL
133,Assistant accountant (level 3),3,10005422,REED BUSINESS SCHOOL LIMITED
133,Assistant accountant (level 3),3,10008434,PREMIER BOOKS LTD
133,Assistant accountant (level 3),3,10008915,COMMON COUNCIL OF THE CITY OF LONDON
133,Assistant accountant (level 3),3,10012442,NISHKAM CIVIC ASSOCIATION
133,Assistant accountant (level 3),3,10028094,SKILLS NORTH EAST LIMITED
133,Assistant accountant (level 3),3,10032256,OASIS CARE AND TRAINING AGENCY (OCTA)
485,Assistant buyer and merchandiser (level 6),6,10009213,FASHION RETAIL ACADEMY
485,Assistant buyer and merchandiser (level 6),6,10002407,FAREPORT TRAINING ORGANISATION LIMITED
485,Assistant buyer and merchandiser (level 6),6,10043208,SCL EDUCATION & TRAINING LIMITED
726,Assistant farm manager (level 4),4,10000721,BISHOP BURTON COLLEGE
726,Assistant farm manager (level 4),4,10004478,MYERSCOUGH COLLEGE
726,Assistant farm manager (level 4),4,10005886,SKERN LODGE LIMITED
726,Assistant farm manager (level 4),4,10007527,WILTSHIRE COLLEGE AND UNIVERSITY CENTRE
726,Assistant farm manager (level 4),4,10006398,SUFFOLK NEW COLLEGE
726,Assistant farm manager (level 4),4,10003558,KENDAL COLLEGE
102,Assistant practitioner (health) (level 5),5,10018942,STEADFAST TRAINING LTD
102,Assistant practitioner (health) (level 5),5,10007140,BIRMINGHAM CITY UNIVERSITY
102,Assistant practitioner (health) (level 5),5,10000712,UNIVERSITY COLLEGE BIRMINGHAM
102,Assistant practitioner (health) (level 5),5,10004695,DN COLLEGES GROUP
102,Assistant practitioner (health) (level 5),5,10007459,WESTON COLLEGE OF FURTHER AND HIGHER EDUCATION
102,Assistant practitioner (health) (level 5),5,10005977,SOUTH DEVON COLLEGE
102,Assistant practitioner (health) (level 5),5,10003193,HUGH BAIRD COLLEGE
102,Assistant practitioner (health) (level 5),5,10001726,COVENTRY UNIVERSITY
102,Assistant practitioner (health) (level 5),5,10004772,CITY COLLEGE NORWICH
102,Assistant practitioner (health) (level 5),5,10007161,TEESSIDE UNIVERSITY
102,Assistant practitioner (health) (level 5),5,10005788,"SHEFFIELD COLLEGE, THE"
102,Assistant practitioner (health) (level 5),5,10006841,THE UNIVERSITY OF BOLTON
102,Assistant practitioner (health) (level 5),5,10007141,UNIVERSITY OF CENTRAL LANCASHIRE
102,Assistant practitioner (health) (level 5),5,10007791,THE UNIVERSITY OF ESSEX
102,Assistant practitioner (health) (level 5),5,10004676,PETROC
102,Assistant practitioner (health) (level 5),5,10000291,ANGLIA RUSKIN UNIVERSITY
102,Assistant practitioner (health) (level 5),5,10001696,CORNWALL COLLEGE
102,Assistant practitioner (health) (level 5),5,10007842,THE UNIVERSITY OF CUMBRIA
102,Assistant practitioner (health) (level 5),5,10024124,MARR CORPORATION LIMITED
102,Assistant practitioner (health) (level 5),5,10023516,ESSEX PARTNERSHIP UNIVERSITY NHS FOUNDATION TRUST
102,Assistant practitioner (health) (level 5),5,10018916,IMPACT FUTURES TRAINING LIMITED
102,Assistant practitioner (health) (level 5),5,10007851,UNIVERSITY OF DERBY
102,Assistant practitioner (health) (level 5),5,10000878,BRIDGWATER AND TAUNTON COLLEGE
102,Assistant practitioner (health) (level 5),5,10002370,EXETER COLLEGE
102,Assistant practitioner (health) (level 5),5,10005077,INSPIRE EDUCATION GROUP
102,Assistant practitioner (health) (level 5),5,10006022,"SOLENT UNIVERSITY, SOUTHAMPTON"
102,Assistant practitioner (health) (level 5),5,10005534,RNN GROUP
102,Assistant practitioner (health) (level 5),5,10000820,"BOURNEMOUTH AND POOLE COLLEGE, THE"
102,Assistant practitioner (health) (level 5),5,10000886,UNIVERSITY OF BRIGHTON
102,Assistant practitioner (health) (level 5),5,10002599,FURNESS COLLEGE
102,Assistant practitioner (health) (level 5),5,10004144,MACCLESFIELD COLLEGE
102,Assistant practitioner (health) (level 5),5,10004579,NEW COLLEGE SWINDON
102,Assistant practitioner (health) (level 5),5,10007431,WEST SUFFOLK COLLEGE
102,Assistant practitioner (health) (level 5),5,10007767,UNIVERSITY OF KEELE
102,Assistant practitioner (health) (level 5),5,10007938,TEC PARTNERSHIP
102,Assistant practitioner (health) (level 5),5,10022788,THE CHILD CARE COMPANY (OLD WINDSOR) LIMITED
102,Assistant practitioner (health) (level 5),5,10024962,LUMINATE EDUCATION GROUP
102,Assistant practitioner (health) (level 5),5,10091009,CU APPRENTICESHIPS (BETTER FUTURES) LIMITED
102,Assistant practitioner (health) (level 5),5,10003678,KINGSTON UNIVERSITY
102,Assistant practitioner (health) (level 5),5,10049233,VARSITY TRAINING LIMITED
102,Assistant practitioner (health) (level 5),5,10000536,BARNSLEY COLLEGE
102,Assistant practitioner (health) (level 5),5,10000975,BUCKINGHAMSHIRE NEW UNIVERSITY
102,Assistant practitioner (health) (level 5),5,10002923,EAST SUSSEX COLLEGE GROUP
102,Assistant practitioner (health) (level 5),5,10004690,NORTH HERTFORDSHIRE COLLEGE
102,Assistant practitioner (health) (level 5),5,10006566,THE UNIVERSITY OF WEST LONDON
102,Assistant practitioner (health) (level 5),5,10007139,UNIVERSITY OF WORCESTER
102,Assistant practitioner (health) (level 5),5,10007152,UNIVERSITY OF BEDFORDSHIRE
102,Assistant practitioner (health) (level 5),5,10022721,UNIVERSITY HOSPITALS OF LEICESTER NATIONAL HEALTH SERVICE TRUST
102,Assistant practitioner (health) (level 5),5,10037449,UNIVERSITY OF ST MARK & ST JOHN
102,Assistant practitioner (health) (level 5),5,10000163,AECC UNIVERSITY COLLEGE
526,Assistant puppet maker (level 3),3,,
628,Assistant recording technician (level 4),4,10065784,BLUE LION TRAINING ACADEMY LIMITED
85,Assistant technical director (visual effects) (level 4),4,10007455,Capital City College Group
156,Associate ambulance practitioner (level 4),4,10023428,MEDIPRO LIMITED
156,Associate ambulance practitioner (level 4),4,10041501,WEST MIDLANDS AMBULANCE SERVICE NHS FOUNDATION TRUST
156,Associate ambulance practitioner (level 4),4,10085759,BASEGREEN ACADEMY LTD
156,Associate ambulance practitioner (level 4),4,10007817,CHICHESTER COLLEGE GROUP
156,Associate ambulance practitioner (level 4),4,10044523,MED LEARN TRAINING LIMITED
156,Associate ambulance practitioner (level 4),4,10088339,CIPHER MEDICAL CONSULTANCY LIMITED
156,Associate ambulance practitioner (level 4),4,10090016,MEDICARE EMS GROUP UK LIMITED
156,Associate ambulance practitioner (level 4),4,10091705,AMBUTECH PRE-HOSPITAL CARE LTD
156,Associate ambulance practitioner (level 4),4,10097279,ECHO FIRE AND MEDICAL LIMITED
483,Associate continuing healthcare practitioner (level 5),5,10031984,DYNAMIC TRAINING UK LIMITED
483,Associate continuing healthcare practitioner (level 5),5,10024124,MARR CORPORATION LIMITED
483,Associate continuing healthcare practitioner (level 5),5,10045070,CHERITH SIMMONS LEARNING & DEVELOPMENT LLP
128,Associate project manager (level 4),4,10001000,BURNLEY COLLEGE
128,Associate project manager (level 4),4,10046850,BLUE SKY ASSESSING & CONSULTANCY LTD
128,Associate project manager (level 4),4,10034309,REALISE LEARNING AND EMPLOYMENT LIMITED
128,Associate project manager (level 4),4,10038872,GENIUS SOFTWARE SOLUTIONS LIMITED
128,Associate project manager (level 4),4,10005946,SOLIHULL COLLEGE AND UNIVERSITY CENTRE
128,Associate project manager (level 4),4,10002370,EXETER COLLEGE
128,Associate project manager (level 4),4,10002094,"EALING, HAMMERSMITH & WEST LONDON COLLEGE"
128,Associate project manager (level 4),4,10024962,LUMINATE EDUCATION GROUP
128,Associate project manager (level 4),4,10061407,CORNDEL LIMITED
128,Associate project manager (level 4),4,10003375,QA LIMITED
128,Associate project manager (level 4),4,10000494,BABINGTON BUSINESS COLLEGE LIMITED
128,Associate project manager (level 4),4,10003347,INTEC BUSINESS COLLEGES LIMITED
128,Associate project manager (level 4),4,10004177,THE GROWTH COMPANY LIMITED
128,Associate project manager (level 4),4,10032740,LEARNING SKILLS PARTNERSHIP LTD
128,Associate project manager (level 4),4,10047111,THE APPRENTICESHIP COLLEGE LTD
128,Associate project manager (level 4),4,10034037,THE EQUESTRIAN LEARNING ACADEMY LIMITED
128,Associate project manager (level 4),4,10002407,FAREPORT TRAINING ORGANISATION LIMITED
128,Associate project manager (level 4),4,10021755,TOTAL PEOPLE LIMITED
128,Associate project manager (level 4),4,10003317,INSTEP UK LIMITED
128,Associate project manager (level 4),4,10000754,BLACKPOOL AND THE FYLDE COLLEGE
128,Associate project manager (level 4),4,10053076,ACADEMY FOR PROJECT MANAGEMENT LTD
128,Associate project manager (level 4),4,10005735,SEETEC BUSINESS TECHNOLOGY CENTRE LIMITED
128,Associate project manager (level 4),4,10028207,PROVEK LIMITED
128,Associate project manager (level 4),4,10029952,BPP PROFESSIONAL EDUCATION LIMITED
128,Associate project manager (level 4),4,10002976,HEART OF ENGLAND TRAINING LIMITED
128,Associate project manager (level 4),4,10055902,MULTIVERSE GROUP LIMITED
128,Associate project manager (level 4),4,10001093,CALDERDALE COLLEGE
128,Associate project manager (level 4),4,10036143,SOUTH GLOUCESTERSHIRE AND STROUD COLLEGE
128,Associate project manager (level 4),4,10007152,UNIVERSITY OF BEDFORDSHIRE
128,Associate project manager (level 4),4,10046997,GLP TRAINING LTD
128,Associate project manager (level 4),4,10011880,P.T.P. TRAINING LIMITED
128,Associate project manager (level 4),4,10008935,LEARNING CURVE GROUP LIMITED
128,Associate project manager (level 4),4,10007527,WILTSHIRE COLLEGE AND UNIVERSITY CENTRE
128,Associate project manager (level 4),4,10004977,PARAGON EDUCATION & SKILLS LIMITED
128,Associate project manager (level 4),4,10004692,NORTH LANCS. TRAINING GROUP CIC
128,Associate project manager (level 4),4,10000948,LONDON SOUTH EAST COLLEGES
128,Associate project manager (level 4),4,10002639,GATESHEAD COUNCIL
128,Associate project manager (level 4),4,10007402,WEST BERKSHIRE TRAINING CONSORTIUM
128,Associate project manager (level 4),4,10009059,ACCESS TRAINING LIMITED
128,Associate project manager (level 4),4,10018942,STEADFAST TRAINING LTD
128,Associate project manager (level 4),4,10022405,VQ SOLUTIONS LTD
128,Associate project manager (level 4),4,10027616,LINDEN MANAGEMENT (UK) LIMITED
128,Associate project manager (level 4),4,10038982,KNOWLEDGEBRIEF LIMITED
128,Associate project manager (level 4),4,10048380,Ginger Nut Training
128,Associate project manager (level 4),4,10062064,IODA LIMITED
128,Associate project manager (level 4),4,10065784,BLUE LION TRAINING ACADEMY LIMITED
128,Associate project manager (level 4),4,10088850,THE S&A TRANSFORM GROUP LIMITED
128,Associate project manager (level 4),4,10001475,CITY OF SUNDERLAND COLLEGE
128,Associate project manager (level 4),4,10002230,BAUER RADIO LIMITED
128,Associate project manager (level 4),4,10002841,HADDON TRAINING LIMITED
128,Associate project manager (level 4),4,10005032,SALFORD CITY COLLEGE
128,Associate project manager (level 4),4,10005064,PETA LIMITED
128,Associate project manager (level 4),4,10005077,INSPIRE EDUCATION GROUP
128,Associate project manager (level 4),4,10005200,PRESTON COLLEGE
128,Associate project manager (level 4),4,10006022,"SOLENT UNIVERSITY, SOUTHAMPTON"
128,Associate project manager (level 4),4,10007427,WEST NOTTINGHAMSHIRE COLLEGE
128,Associate project manager (level 4),4,10007459,WESTON COLLEGE OF FURTHER AND HIGHER EDUCATION
128,Associate project manager (level 4),4,10036578,THE APPRENTICE ACADEMY LIMITED
128,Associate project manager (level 4),4,10065020,PROFESSIONAL APPRENTICESHIPS LTD
128,Associate project manager (level 4),4,10003193,HUGH BAIRD COLLEGE
128,Associate project manager (level 4),4,10001041,GLOUCESTERSHIRE ENTERPRISE LIMITED
128,Associate project manager (level 4),4,10001848,DARLINGTON BOROUGH COUNCIL
128,Associate project manager (level 4),4,10004935,OXFORD PROFESSIONAL EDUCATION GROUP LIMITED
128,Associate project manager (level 4),4,10040392,GLASS & FENESTRATION TRAINING SOLUTIONS LTD
128,Associate project manager (level 4),4,10063268,ASPIRE PROCUREMENT TRAINING LTD
128,Associate project manager (level 4),4,10092052,C2C GROUP LIMITED
128,Associate project manager (level 4),4,10093689,IBIS CONSULTANCY LIMITED
128,Associate project manager (level 4),4,10006365,STRAIGHT A TRAINING LIMITED
128,Associate project manager (level 4),4,10031984,DYNAMIC TRAINING UK LIMITED
128,Associate project manager (level 4),4,10088153,LEAN ENABLED GROUP LTD
128,Associate project manager (level 4),4,10000291,ANGLIA RUSKIN UNIVERSITY
128,Associate project manager (level 4),4,10001535,COLCHESTER INSTITUTE
128,Associate project manager (level 4),4,10002599,FURNESS COLLEGE
128,Associate project manager (level 4),4,10002917,HARTLEPOOL COLLEGE OF FURTHER EDUCATION
128,Associate project manager (level 4),4,10004144,MACCLESFIELD COLLEGE
128,Associate project manager (level 4),4,10004607,NEWHAM COLLEGE OF FURTHER EDUCATION
128,Associate project manager (level 4),4,10005788,"SHEFFIELD COLLEGE, THE"
128,Associate project manager (level 4),4,10005927,SMART TRAINING AND RECRUITMENT LIMITED
128,Associate project manager (level 4),4,10005977,SOUTH DEVON COLLEGE
128,Associate project manager (level 4),4,10007431,WEST SUFFOLK COLLEGE
128,Associate project manager (level 4),4,10007928,SOUTH HAMPSHIRE COLLEGE GROUP
128,Associate project manager (level 4),4,10023489,ACORN TRAINING LTD
128,Associate project manager (level 4),4,10032052,TRAIN TOGETHER LIMITED
128,Associate project manager (level 4),4,10038931,PENSHAW VIEW TRAINING LIMITED
128,Associate project manager (level 4),4,10039242,TRS TRAINING LIMITED
128,Associate project manager (level 4),4,10053869,LIGHTHOUSE (TRAINING AND DEVELOPMENT) LTD
128,Associate project manager (level 4),4,10054216,MBKB LTD
128,Associate project manager (level 4),4,10064332,LONDON METROPOLITAN COLLEGE LIMITED
128,Associate project manager (level 4),4,10001353,CHELMSFORD COLLEGE
128,Associate project manager (level 4),4,10003289,INDEPENDENT TRAINING SERVICES LIMITED
128,Associate project manager (level 4),4,10007659,W S TRAINING LTD.
128,Associate project manager (level 4),4,10033209,SKILLWISE TRAINING UK LTD
128,Associate project manager (level 4),4,10037289,WORKPAYS LIMITED
128,Associate project manager (level 4),4,10000794,BOLTON COLLEGE
128,Associate project manager (level 4),4,10003753,LAKES COLLEGE WEST CUMBRIA
128,Associate project manager (level 4),4,10062041,SKILLS4STEM LTD.
128,Associate project manager (level 4),4,10025197,UNIVERSITY CENTRE QUAYSIDE LIMITED
128,Associate project manager (level 4),4,10029195,RHG CONSULT LTD
128,Associate project manager (level 4),4,10049392,SWARM TRAINING C.I.C.
128,Associate project manager (level 4),4,10000536,BARNSLEY COLLEGE
128,Associate project manager (level 4),4,10000812,BOSTON COLLEGE
128,Associate project manager (level 4),4,10002638,GATESHEAD COLLEGE
128,Associate project manager (level 4),4,10005998,THE TRAFFORD AND STOCKPORT COLLEGE GROUP
128,Associate project manager (level 4),4,10007553,WIRRAL METROPOLITAN COLLEGE
128,Associate project manager (level 4),4,10014001,UNIVERSITY OF SUFFOLK
128,Associate project manager (level 4),4,10022358,PROFOUND SERVICES LIMITED
128,Associate project manager (level 4),4,10031093,TRAINING EVENT SAFETY SOLUTIONS LTD
128,Associate project manager (level 4),4,10039882,GI GROUP RECRUITMENT LTD
128,Associate project manager (level 4),4,10044419,PROFESSIONAL DEVELOPMENT AND TRAINING LTD
128,Associate project manager (level 4),4,10045077,LEARNMORE NETWORK LIMITED
128,Associate project manager (level 4),4,10063578,"BARKING, HAVERING AND REDBRIDGE UNIVERSITY HOSPITALS NHS TRUST"
128,Associate project manager (level 4),4,10003406,ISLE OF WIGHT COLLEGE
128,Associate project manager (level 4),4,10000105,APPRENTICESHIP LEARNING SOLUTIONS LIMITED
128,Associate project manager (level 4),4,10001298,EDUCATION DEVELOPMENT TRUST
128,Associate project manager (level 4),4,10004000,SUTTON LONDON BOROUGH COUNCIL
128,Associate project manager (level 4),4,10004343,MIDDLESBROUGH COUNCIL
128,Associate project manager (level 4),4,10004714,North Tyneside Adult Learning Service
128,Associate project manager (level 4),4,10024659,MTD Training Ltd
128,Associate project manager (level 4),4,10029332,ELEV8 TRAINING LIMITED
128,Associate project manager (level 4),4,10032256,OASIS CARE AND TRAINING AGENCY (OCTA)
128,Associate project manager (level 4),4,10041165,PORT OF TILBURY LONDON LIMITED
128,Associate project manager (level 4),4,10052437,THE EDUCATION AND SKILLS PARTNERSHIP LTD
128,Associate project manager (level 4),4,10058030,THE CODERS GUILD LTD
128,Associate project manager (level 4),4,10087529,THE ACADEMY OF LEADERSHIP & MANAGEMENT LTD
128,Associate project manager (level 4),4,10094773,ESTAR GROUP LIMITED
684,Audiovisual technician (level 5),5,10065784,BLUE LION TRAINING ACADEMY LIMITED
684,Audiovisual technician (level 5),5,10004344,MIDDLESBROUGH COLLEGE
684,Audiovisual technician (level 5),5,10007817,CHICHESTER COLLEGE GROUP
684,Audiovisual technician (level 5),5,10000080,ACCESS FURTHER EDUCATION LIMITED
684,Audiovisual technician (level 5),5,10091500,CASTLE & CO TRAINING LIMITED
283,Autocare technician (level 2),2,10067528,MARTEC TRAINING LIMITED
283,Autocare technician (level 2),2,10006341,THE EDUCATION TRAINING COLLECTIVE
283,Autocare technician (level 2),2,10007817,CHICHESTER COLLEGE GROUP
283,Autocare technician (level 2),2,10007938,TEC PARTNERSHIP
283,Autocare technician (level 2),2,10000055,ABINGDON AND WITNEY COLLEGE
283,Autocare technician (level 2),2,10004577,NOTTINGHAM COLLEGE
283,Autocare technician (level 2),2,10004344,MIDDLESBROUGH COLLEGE
283,Autocare technician (level 2),2,10003023,"HEREFORDSHIRE, LUDLOW, AND NORTH SHROPSHIRE COLLEGE"
283,Autocare technician (level 2),2,10004690,NORTH HERTFORDSHIRE COLLEGE
283,Autocare technician (level 2),2,10002009,DONCASTER ROTHERHAM AND DISTRICT MOTOR TRADES GROUP TRAINING ASSOCIATION LIMITED
283,Autocare technician (level 2),2,10007709,YORK COLLEGE
283,Autocare technician (level 2),2,10003771,LANCASTER TRAINING SERVICES LIMITED
283,Autocare technician (level 2),2,10003193,HUGH BAIRD COLLEGE
283,Autocare technician (level 2),2,10004599,NCG
283,Autocare technician (level 2),2,10002370,EXETER COLLEGE
283,Autocare technician (level 2),2,10030838,GTG TRAINING LIMITED
283,Autocare technician (level 2),2,10001919,DCG
283,Autocare technician (level 2),2,10007431,WEST SUFFOLK COLLEGE
283,Autocare technician (level 2),2,10002923,EAST SUSSEX COLLEGE GROUP
283,Autocare technician (level 2),2,10024962,LUMINATE EDUCATION GROUP
283,Autocare technician (level 2),2,10007427,WEST NOTTINGHAMSHIRE COLLEGE
283,Autocare technician (level 2),2,10007553,WIRRAL METROPOLITAN COLLEGE
283,Autocare technician (level 2),2,10019065,CALEX UK LTD
283,Autocare technician (level 2),2,10007527,WILTSHIRE COLLEGE AND UNIVERSITY CENTRE
283,Autocare technician (level 2),2,10009085,NORTH HUMBERSIDE MOTOR TRADES GROUP TRAINING ASSOCIATION
283,Autocare technician (level 2),2,10023047,REMIT GROUP LIMITED
283,Autocare technician (level 2),2,10004181,MANTRA LEARNING LIMITED
283,Autocare technician (level 2),2,10000747,BLACKBURN COLLEGE
283,Autocare technician (level 2),2,10004177,THE GROWTH COMPANY LIMITED
283,Autocare technician (level 2),2,10005972,CHESHIRE COLLEGE SOUTH AND WEST
283,Autocare technician (level 2),2,10004576,NEW COLLEGE DURHAM
283,Autocare technician (level 2),2,10001116,CAMBRIDGE REGIONAL COLLEGE
283,Autocare technician (level 2),2,10007193,"HRUC (HARROW, RICHMOND AND UXBRIDGE COLLEGES)"
283,Autocare technician (level 2),2,10009257,NORTH LONDON GARAGES GTA
283,Autocare technician (level 2),2,10005977,SOUTH DEVON COLLEGE
283,Autocare technician (level 2),2,10000948,LONDON SOUTH EAST COLLEGES
283,Autocare technician (level 2),2,10065596,AUTO-ASSESS LIMITED
283,Autocare technician (level 2),2,10000473,Buckinghamshire College Group
283,Autocare technician (level 2),2,10000754,BLACKPOOL AND THE FYLDE COLLEGE
283,Autocare technician (level 2),2,10000840,BRADFORD COLLEGE
283,Autocare technician (level 2),2,10000878,BRIDGWATER AND TAUNTON COLLEGE
283,Autocare technician (level 2),2,10001378,CHESTERFIELD COLLEGE
283,Autocare technician (level 2),2,10001475,CITY OF SUNDERLAND COLLEGE
283,Autocare technician (level 2),2,10002696,GLOUCESTERSHIRE COLLEGE
283,Autocare technician (level 2),2,10003146,HOPWOOD HALL COLLEGE
283,Autocare technician (level 2),2,10003189,KIRKLEES COLLEGE
283,Autocare technician (level 2),2,10003200,HULL COLLEGE
283,Autocare technician (level 2),2,10004440,M I T SKILLS LIMITED
283,Autocare technician (level 2),2,10004695,DN COLLEGES GROUP
283,Autocare technician (level 2),2,10005200,PRESTON COLLEGE
283,Autocare technician (level 2),2,10005946,SOLIHULL COLLEGE AND UNIVERSITY CENTRE
283,Autocare technician (level 2),2,10007063,TRURO AND PENWITH COLLEGE
283,Autocare technician (level 2),2,10007339,WARRINGTON & VALE ROYAL COLLEGE
283,Autocare technician (level 2),2,10007459,WESTON COLLEGE OF FURTHER AND HIGHER EDUCATION
283,Autocare technician (level 2),2,10007469,WEYMOUTH COLLEGE
283,Autocare technician (level 2),2,10005277,SKILLS TO GROUP LIMITED
283,Autocare technician (level 2),2,10005534,RNN GROUP
283,Autocare technician (level 2),2,10007011,NORTHAMPTON COLLEGE
283,Autocare technician (level 2),2,10045879,Robert Bosch
283,Autocare technician (level 2),2,10090531,VERTEX COMPANY UK 1 LIMITED
283,Autocare technician (level 2),2,10005599,S & B AUTOMOTIVE ACADEMY LIMITED
283,Autocare technician (level 2),2,10000610,BEDFORD COLLEGE
283,Autocare technician (level 2),2,10001535,COLCHESTER INSTITUTE
283,Autocare technician (level 2),2,10001696,CORNWALL COLLEGE
283,Autocare technician (level 2),2,10001850,DARLINGTON COLLEGE
283,Autocare technician (level 2),2,10002599,FURNESS COLLEGE
283,Autocare technician (level 2),2,10002743,GRANTHAM COLLEGE
283,Autocare technician (level 2),2,10002917,HARTLEPOOL COLLEGE OF FURTHER EDUCATION
283,Autocare technician (level 2),2,10003674,SOUTH THAMES COLLEGES GROUP
283,Autocare technician (level 2),2,10004552,NELSON AND COLNE COLLEGE
283,Autocare technician (level 2),2,10004579,NEW COLLEGE SWINDON
283,Autocare technician (level 2),2,10005981,SOUTH ESSEX COLLEGE OF FURTHER AND HIGHER EDUCATION
283,Autocare technician (level 2),2,10006050,SPARSHOLT COLLEGE
283,Autocare technician (level 2),2,10006549,TELFORD COLLEGE
283,Autocare technician (level 2),2,10007289,HEART OF YORKSHIRE EDUCATION GROUP
283,Autocare technician (level 2),2,10007851,UNIVERSITY OF DERBY
283,Autocare technician (level 2),2,10007859,WARWICKSHIRE COLLEGE
283,Autocare technician (level 2),2,10037348,INSPIRO LEARNING LIMITED
283,Autocare technician (level 2),2,10001467,CITY OF BRISTOL COLLEGE
283,Autocare technician (level 2),2,10004116,EAST COAST COLLEGE
283,Autocare technician (level 2),2,10000560,BASINGSTOKE COLLEGE OF TECHNOLOGY
283,Autocare technician (level 2),2,10000950,BROOKLANDS COLLEGE
283,Autocare technician (level 2),2,10006398,SUFFOLK NEW COLLEGE
283,Autocare technician (level 2),2,10007945,CITY OF PORTSMOUTH COLLEGE
283,Autocare technician (level 2),2,10003753,LAKES COLLEGE WEST CUMBRIA
283,Autocare technician (level 2),2,10005891,SKILLNET LIMITED
283,Autocare technician (level 2),2,10005967,SOUTH & CITY COLLEGE BIRMINGHAM
283,Autocare technician (level 2),2,10000812,BOSTON COLLEGE
283,Autocare technician (level 2),2,10001004,BURTON AND SOUTH DERBYSHIRE COLLEGE
283,Autocare technician (level 2),2,10001465,BATH COLLEGE
283,Autocare technician (level 2),2,10001743,CRAVEN COLLEGE
283,Autocare technician (level 2),2,10003558,KENDAL COLLEGE
283,Autocare technician (level 2),2,10004596,NEWBURY COLLEGE
283,Autocare technician (level 2),2,10004718,NORTH WARWICKSHIRE AND SOUTH LEICESTERSHIRE COLLEGE
283,Autocare technician (level 2),2,10005998,THE TRAFFORD AND STOCKPORT COLLEGE GROUP
283,Autocare technician (level 2),2,10006494,TAMESIDE COLLEGE
283,Autocare technician (level 2),2,10003035,HERTFORD REGIONAL COLLEGE
283,Autocare technician (level 2),2,10003406,ISLE OF WIGHT COLLEGE
283,Autocare technician (level 2),2,10034999,UNIVERSITY ACADEMY HOLBEACH
283,Autocare technician (level 2),2,10037213,CHAMELEON VOCATIONAL TRAINING LIMITED
283,Autocare technician (level 2),2,10041295,COLEG CAMBRIA
283,Autocare technician (level 2),2,10048439,PETERBOROUGH SKILLS LIMITED
283,Autocare technician (level 2),2,10092884,SPECTRUM TRAINING SERVICES LTD
283,Autocare technician (level 2),2,10094773,ESTAR GROUP LIMITED
474,Automation and controls engineering technician (level 4),4,10004695,DN COLLEGES GROUP
474,Automation and controls engineering technician (level 4),4,10005822,SHREWSBURY COLLEGES GROUP
474,Automation and controls engineering technician (level 4),4,10005979,HAVANT AND SOUTH DOWNS COLLEGE
474,Automation and controls engineering technician (level 4),4,10007157,THE UNIVERSITY OF SHEFFIELD
474,Automation and controls engineering technician (level 4),4,10049737,THE MTC - ADVANCED MANUFACTURING TRAINING CENTRE LIMITED
474,Automation and controls engineering technician (level 4),4,10006408,SUNDERLAND ENGINEERING TRAINING ASSOCIATION LIMITED
474,Automation and controls engineering technician (level 4),4,10002743,GRANTHAM COLLEGE
474,Automation and controls engineering technician (level 4),4,10002899,HARLOW COLLEGE
474,Automation and controls engineering technician (level 4),4,10007500,WIGAN AND LEIGH COLLEGE
474,Automation and controls engineering technician (level 4),4,10007928,SOUTH HAMPSHIRE COLLEGE GROUP
474,Automation and controls engineering technician (level 4),4,10004112,LOUGHBOROUGH COLLEGE
474,Automation and controls engineering technician (level 4),4,10003748,MARITIME + ENGINEERING COLLEGE NORTH WEST
474,Automation and controls engineering technician (level 4),4,10005972,CHESHIRE COLLEGE SOUTH AND WEST
474,Automation and controls engineering technician (level 4),4,10002412,FARNBOROUGH COLLEGE OF TECHNOLOGY
474,Automation and controls engineering technician (level 4),4,10001004,BURTON AND SOUTH DERBYSHIRE COLLEGE
474,Automation and controls engineering technician (level 4),4,10005998,THE TRAFFORD AND STOCKPORT COLLEGE GROUP
304,Automotive glazing technician (level 3),3,10092884,SPECTRUM TRAINING SERVICES LTD
657,Aviation customer service operative (level 2),2,10005735,SEETEC BUSINESS TECHNOLOGY CENTRE LIMITED
657,Aviation customer service operative (level 2),2,10003976,LOCOMOTIVATION LTD.
657,Aviation customer service operative (level 2),2,10037198,A S TRAINING (INTERNATIONAL) LIMITED
727,Aviation flight operations coordinator (level 3),3,10088722,CROSBY AVIATION TRAINING LIMITED
658,Aviation ground handler (level 2),2,10003976,LOCOMOTIVATION LTD.
87,Aviation ground operative (level 2),2,10003976,LOCOMOTIVATION LTD.
87,Aviation ground operative (level 2),2,10002899,HARLOW COLLEGE
87,Aviation ground operative (level 2),2,10005735,SEETEC BUSINESS TECHNOLOGY CENTRE LIMITED
86,Aviation ground specialist (level 3),3,10003976,LOCOMOTIVATION LTD.
86,Aviation ground specialist (level 3),3,10002899,HARLOW COLLEGE
86,Aviation ground specialist (level 3),3,10005735,SEETEC BUSINESS TECHNOLOGY CENTRE LIMITED
86,Aviation ground specialist (level 3),3,10005998,THE TRAFFORD AND STOCKPORT COLLEGE GROUP
141,Aviation maintenance mechanic (level 2),2,10002412,FARNBOROUGH COLLEGE OF TECHNOLOGY
653,Aviation movement specialist (level 3),3,10003976,LOCOMOTIVATION LTD.
123,Aviation operations manager (level 4),4,10003976,LOCOMOTIVATION LTD.
123,Aviation operations manager (level 4),4,10005735,SEETEC BUSINESS TECHNOLOGY CENTRE LIMITED
177,Baker (level 2),2,10005124,PLUMPTON COLLEGE
177,Baker (level 2),2,10023808,S.A.M.B.
177,Baker (level 2),2,10023047,REMIT GROUP LIMITED
177,Baker (level 2),2,10000878,BRIDGWATER AND TAUNTON COLLEGE
177,Baker (level 2),2,10056494,BENSON-SMITH LIMITED
177,Baker (level 2),2,10001919,DCG
177,Baker (level 2),2,10005788,"SHEFFIELD COLLEGE, THE"
177,Baker (level 2),2,10007500,WIGAN AND LEIGH COLLEGE
177,Baker (level 2),2,10007696,YEOVIL COLLEGE
177,Baker (level 2),2,10007851,UNIVERSITY OF DERBY
177,Baker (level 2),2,10024962,LUMINATE EDUCATION GROUP
177,Baker (level 2),2,10006494,TAMESIDE COLLEGE
177,Baker (level 2),2,10006378,STRODE COLLEGE
177,Baker (level 2),2,10004442,MOULTON COLLEGE
708,Barbering professional (level 2),2,10000747,BLACKBURN COLLEGE
708,Barbering professional (level 2),2,10003354,CHEYNES TRAINING LIMITED
708,Barbering professional (level 2),2,10004603,NEWCASTLE AND STAFFORD COLLEGES GROUP
708,Barbering professional (level 2),2,10047356,TOTAL TRAINING PROVISION LIMITED
708,Barbering professional (level 2),2,10002976,HEART OF ENGLAND TRAINING LIMITED
708,Barbering professional (level 2),2,10003023,"HEREFORDSHIRE, LUDLOW, AND NORTH SHROPSHIRE COLLEGE"
708,Barbering professional (level 2),2,10003189,KIRKLEES COLLEGE
708,Barbering professional (level 2),2,10003955,THE CITY OF LIVERPOOL COLLEGE
708,Barbering professional (level 2),2,10005669,SANDWELL COLLEGE
708,Barbering professional (level 2),2,10005946,SOLIHULL COLLEGE AND UNIVERSITY CENTRE
708,Barbering professional (level 2),2,10007427,WEST NOTTINGHAMSHIRE COLLEGE
708,Barbering professional (level 2),2,10007578,CITY OF WOLVERHAMPTON COLLEGE
708,Barbering professional (level 2),2,10007722,YORKSHIRE TRAINING PARTNERSHIP LIMITED
708,Barbering professional (level 2),2,10023526,SOUTH STAFFORDSHIRE COLLEGE
708,Barbering professional (level 2),2,10003380,INTROTRAIN & FORUM LIMITED
708,Barbering professional (level 2),2,10004232,MASTER CUTTERS LIMITED
708,Barbering professional (level 2),2,10005426,HOUSE OF CLIVE (HAIR AND BEAUTY) LIMITED
708,Barbering professional (level 2),2,10012892,Michael John Training Manchester
708,Barbering professional (level 2),2,10028007,THAT NAIL PLACE LIMITED
708,Barbering professional (level 2),2,10030099,HALLS OF IVY BEAUTY ACADEMY LIMITED
708,Barbering professional (level 2),2,10037678,HAHA TRAINING LTD
708,Barbering professional (level 2),2,10037723,EXCEL TRAINING LIMITED
708,Barbering professional (level 2),2,10054811,MIKE TAYLOR
708,Barbering professional (level 2),2,10057910,EVOLVE ACADEMY LTD
708,Barbering professional (level 2),2,10005457,REWARDS TRAINING RECRUITMENT CONSULTANCY LIMITED
708,Barbering professional (level 2),2,10001696,CORNWALL COLLEGE
708,Barbering professional (level 2),2,10002565,FRANCESCO GROUP (HOLDINGS) LIMITED
708,Barbering professional (level 2),2,10002599,FURNESS COLLEGE
708,Barbering professional (level 2),2,10002743,GRANTHAM COLLEGE
708,Barbering professional (level 2),2,10002917,HARTLEPOOL COLLEGE OF FURTHER EDUCATION
708,Barbering professional (level 2),2,10005642,KLEEK APPRENTICESHIPS LIMITED
708,Barbering professional (level 2),2,10007696,YEOVIL COLLEGE
708,Barbering professional (level 2),2,10007938,TEC PARTNERSHIP
708,Barbering professional (level 2),2,10024962,LUMINATE EDUCATION GROUP
708,Barbering professional (level 2),2,10004375,MILTON KEYNES COLLEGE
708,Barbering professional (level 2),2,10004632,NHTA LIMITED
708,Barbering professional (level 2),2,10008426,PGL TRAINING (PLUMBING) LIMITED
708,Barbering professional (level 2),2,10000794,BOLTON COLLEGE
708,Barbering professional (level 2),2,10002412,FARNBOROUGH COLLEGE OF TECHNOLOGY
708,Barbering professional (level 2),2,10006770,THE OLDHAM COLLEGE
708,Barbering professional (level 2),2,10031912,DEBUT TRAINING ACADEMY LIMITED
708,Barbering professional (level 2),2,10053951,ACHIEVEMENT TRAINING & SKILLS LTD
708,Barbering professional (level 2),2,10000536,BARNSLEY COLLEGE
708,Barbering professional (level 2),2,10001259,CENTRAL TRAINING ACADEMY LIMITED
708,Barbering professional (level 2),2,10001743,CRAVEN COLLEGE
708,Barbering professional (level 2),2,10002923,EAST SUSSEX COLLEGE GROUP
708,Barbering professional (level 2),2,10003558,KENDAL COLLEGE
708,Barbering professional (level 2),2,10005128,CITY COLLEGE PLYMOUTH
708,Barbering professional (level 2),2,10006494,TAMESIDE COLLEGE
708,Barbering professional (level 2),2,10007417,WEST HERTS COLLEGE
708,Barbering professional (level 2),2,10007709,YORK COLLEGE
708,Barbering professional (level 2),2,10001736,CRACKERJACK TRAINING LIMITED
708,Barbering professional (level 2),2,10003440,J & E TRAINING CONSULTANTS LIMITED
708,Barbering professional (level 2),2,10004895,ORACLE TRAINING CONSULTANTS LIMITED
708,Barbering professional (level 2),2,10006574,THE ACADEMY HAIR & BEAUTY LTD
708,Barbering professional (level 2),2,10007123,UK TRAINING & DEVELOPMENT LIMITED
708,Barbering professional (level 2),2,10008699,YORKSHIRE COLLEGE OF BEAUTY LIMITED
708,Barbering professional (level 2),2,10013118,D.T.K. BUSINESS SERVICES LIMITED
708,Barbering professional (level 2),2,10024686,RESOURCES (N E) LIMITED
708,Barbering professional (level 2),2,10028056,PARTNERS 4 TRAINING LTD.
708,Barbering professional (level 2),2,10033154,TRAIN WITH PRIDE LIMITED
708,Barbering professional (level 2),2,10035171,THE LONDON HAIRDRESSING APPRENTICESHIP ACADEMY LIMITED
708,Barbering professional (level 2),2,10044729,MOMENTUM TRAINING AND CONSULTANCY LTD
708,Barbering professional (level 2),2,10065400,WOW HAIR ACADEMY LIMITED
708,Barbering professional (level 2),2,10093162,HIPSTER GROUP LIMITED
791,Barrister (level 7),7,,
743,Battery manufacturing technician (level 3),3,10001531,COGENT SSC LIMITED
743,Battery manufacturing technician (level 3),3,10006408,SUNDERLAND ENGINEERING TRAINING ASSOCIATION LIMITED
390,Beauty and make up consultant (level 2),2,10021018,QDOS TRAINING LIMITED
390,Beauty and make up consultant (level 2),2,10004440,M I T SKILLS LIMITED
390,Beauty and make up consultant (level 2),2,10056770,CEDARS TRAINING ACADEMY LIMITED
390,Beauty and make up consultant (level 2),2,10006770,THE OLDHAM COLLEGE
390,Beauty and make up consultant (level 2),2,10000099,ACHIEVEMENT TRAINING LIMITED
390,Beauty and make up consultant (level 2),2,10001736,CRACKERJACK TRAINING LIMITED
390,Beauty and make up consultant (level 2),2,10007484,THE WHITE ROSE SCHOOL OF BEAUTY AND COMPLEMENTARY THERAPIES LIMITED
390,Beauty and make up consultant (level 2),2,10019236,ARMONIA LIMITED
363,Beauty therapist (level 2),2,10000747,BLACKBURN COLLEGE
363,Beauty therapist (level 2),2,10003380,INTROTRAIN & FORUM LIMITED
363,Beauty therapist (level 2),2,10019236,ARMONIA LIMITED
363,Beauty therapist (level 2),2,10024686,RESOURCES (N E) LIMITED
363,Beauty therapist (level 2),2,10028007,THAT NAIL PLACE LIMITED
363,Beauty therapist (level 2),2,10056770,CEDARS TRAINING ACADEMY LIMITED
363,Beauty therapist (level 2),2,10004895,ORACLE TRAINING CONSULTANTS LIMITED
363,Beauty therapist (level 2),2,10044334,OMNI ACADEMY OF BEAUTY LIMITED
363,Beauty therapist (level 2),2,10005200,PRESTON COLLEGE
363,Beauty therapist (level 2),2,10004144,MACCLESFIELD COLLEGE
363,Beauty therapist (level 2),2,10008699,YORKSHIRE COLLEGE OF BEAUTY LIMITED
363,Beauty therapist (level 2),2,10031912,DEBUT TRAINING ACADEMY LIMITED
363,Beauty therapist (level 2),2,10002976,HEART OF ENGLAND TRAINING LIMITED
363,Beauty therapist (level 2),2,10005642,KLEEK APPRENTICESHIPS LIMITED
363,Beauty therapist (level 2),2,10007427,WEST NOTTINGHAMSHIRE COLLEGE
363,Beauty therapist (level 2),2,10007484,THE WHITE ROSE SCHOOL OF BEAUTY AND COMPLEMENTARY THERAPIES LIMITED
363,Beauty therapist (level 2),2,10021018,QDOS TRAINING LIMITED
363,Beauty therapist (level 2),2,10047356,TOTAL TRAINING PROVISION LIMITED
363,Beauty therapist (level 2),2,10000878,BRIDGWATER AND TAUNTON COLLEGE
363,Beauty therapist (level 2),2,10003189,KIRKLEES COLLEGE
363,Beauty therapist (level 2),2,10004440,M I T SKILLS LIMITED
363,Beauty therapist (level 2),2,10003193,HUGH BAIRD COLLEGE
363,Beauty therapist (level 2),2,10005534,RNN GROUP
363,Beauty therapist (level 2),2,10030099,HALLS OF IVY BEAUTY ACADEMY LIMITED
363,Beauty therapist (level 2),2,10037723,EXCEL TRAINING LIMITED
363,Beauty therapist (level 2),2,10005457,REWARDS TRAINING RECRUITMENT CONSULTANCY LIMITED
363,Beauty therapist (level 2),2,10000820,"BOURNEMOUTH AND POOLE COLLEGE, THE"
363,Beauty therapist (level 2),2,10001000,BURNLEY COLLEGE
363,Beauty therapist (level 2),2,10002743,GRANTHAM COLLEGE
363,Beauty therapist (level 2),2,10002917,HARTLEPOOL COLLEGE OF FURTHER EDUCATION
363,Beauty therapist (level 2),2,10003768,LANCASTER AND MORECAMBE COLLEGE
363,Beauty therapist (level 2),2,10004344,MIDDLESBROUGH COLLEGE
363,Beauty therapist (level 2),2,10005999,TYNE COAST COLLEGE
363,Beauty therapist (level 2),2,10007500,WIGAN AND LEIGH COLLEGE
363,Beauty therapist (level 2),2,10007851,UNIVERSITY OF DERBY
363,Beauty therapist (level 2),2,10008935,LEARNING CURVE GROUP LIMITED
363,Beauty therapist (level 2),2,10024962,LUMINATE EDUCATION GROUP
363,Beauty therapist (level 2),2,10001467,CITY OF BRISTOL COLLEGE
363,Beauty therapist (level 2),2,10008426,PGL TRAINING (PLUMBING) LIMITED
363,Beauty therapist (level 2),2,10002130,EAST SURREY COLLEGE
363,Beauty therapist (level 2),2,10003753,LAKES COLLEGE WEST CUMBRIA
363,Beauty therapist (level 2),2,10006770,THE OLDHAM COLLEGE
363,Beauty therapist (level 2),2,10053951,ACHIEVEMENT TRAINING & SKILLS LTD
363,Beauty therapist (level 2),2,10004576,NEW COLLEGE DURHAM
363,Beauty therapist (level 2),2,10000536,BARNSLEY COLLEGE
363,Beauty therapist (level 2),2,10001116,CAMBRIDGE REGIONAL COLLEGE
363,Beauty therapist (level 2),2,10001743,CRAVEN COLLEGE
363,Beauty therapist (level 2),2,10002923,EAST SUSSEX COLLEGE GROUP
363,Beauty therapist (level 2),2,10005128,CITY COLLEGE PLYMOUTH
363,Beauty therapist (level 2),2,10007553,WIRRAL METROPOLITAN COLLEGE
363,Beauty therapist (level 2),2,10007709,YORK COLLEGE
363,Beauty therapist (level 2),2,10022358,PROFOUND SERVICES LIMITED
363,Beauty therapist (level 2),2,10003406,ISLE OF WIGHT COLLEGE
363,Beauty therapist (level 2),2,10006378,STRODE COLLEGE
363,Beauty therapist (level 2),2,10000099,ACHIEVEMENT TRAINING LIMITED
363,Beauty therapist (level 2),2,10000532,BARNARDO'S
363,Beauty therapist (level 2),2,10001736,CRACKERJACK TRAINING LIMITED
363,Beauty therapist (level 2),2,10006574,THE ACADEMY HAIR & BEAUTY LTD
363,Beauty therapist (level 2),2,10009213,FASHION RETAIL ACADEMY
363,Beauty therapist (level 2),2,10028056,PARTNERS 4 TRAINING LTD.
363,Beauty therapist (level 2),2,10035171,THE LONDON HAIRDRESSING APPRENTICESHIP ACADEMY LIMITED
363,Beauty therapist (level 2),2,10081187,CTSW SKILLS LTD
544,BEMS (building energy management systems) controls engineer (level 4),4,10062041,SKILLS4STEM LTD.
544,BEMS (building energy management systems) controls engineer (level 4),4,10030502,GROUP HORIZON LIMITED
72,Bespoke cutter and tailor (level 5),5,10026238,FASHION - ENTER LTD
72,Bespoke cutter and tailor (level 5),5,10003190,HUDDERSFIELD TEXTILE TRAINING LIMITED
521,Bespoke furniture maker (level 3),3,10004692,NORTH LANCS. TRAINING GROUP CIC
521,Bespoke furniture maker (level 3),3,10004927,ACTIVATE LEARNING
521,Bespoke furniture maker (level 3),3,10003855,LEEDS COLLEGE OF BUILDING
521,Bespoke furniture maker (level 3),3,10003928,LINCOLN COLLEGE
521,Bespoke furniture maker (level 3),3,10007375,WEBS TRAINING LIMITED
521,Bespoke furniture maker (level 3),3,10001967,DIDAC LIMITED
183,Bespoke saddler (level 3),3,,
339,Bicycle mechanic (level 2),2,10004927,ACTIVATE LEARNING
339,Bicycle mechanic (level 2),2,10091537,PROFESSIONAL SKILLS ACADEMY
400,Bid and proposal co-ordinator (level 3),3,10006710,The JGA Group
400,Bid and proposal co-ordinator (level 3),3,10029195,RHG CONSULT LTD
400,Bid and proposal co-ordinator (level 3),3,10056657,JC TRAINING & CONSULTANCY LTD
406,Bioinformatics scientist (degree) (level 7),7,10007822,CRANFIELD UNIVERSITY
406,Bioinformatics scientist (degree) (level 7),7,10006566,THE UNIVERSITY OF WEST LONDON
719,Biomedical scientist (level 6),6,10004797,NOTTINGHAM TRENT UNIVERSITY
719,Biomedical scientist (level 6),6,10006299,STAFFORDSHIRE UNIVERSITY
719,Biomedical scientist (level 6),6,10007155,UNIVERSITY OF PORTSMOUTH
719,Biomedical scientist (level 6),6,10007159,UNIVERSITY OF SUNDERLAND
719,Biomedical scientist (level 6),6,10007141,UNIVERSITY OF CENTRAL LANCASHIRE
719,Biomedical scientist (level 6),6,10007156,"UNIVERSITY OF SALFORD, THE"
719,Biomedical scientist (level 6),6,10007789,THE UNIVERSITY OF EAST ANGLIA
719,Biomedical scientist (level 6),6,10007165,THE UNIVERSITY OF WESTMINSTER
719,Biomedical scientist (level 6),6,10007785,THE UNIVERSITY OF BRADFORD
534,Blacksmith (level 3),3,,
76,Boatbuilder (level 3),3,10000820,"BOURNEMOUTH AND POOLE COLLEGE, THE"
76,Boatbuilder (level 3),3,10005977,SOUTH DEVON COLLEGE
76,Boatbuilder (level 3),3,10033408,CORNWALL MARINE NETWORK LIMITED
76,Boatbuilder (level 3),3,10007928,SOUTH HAMPSHIRE COLLEGE GROUP
76,Boatbuilder (level 3),3,10000944,BROCKENHURST COLLEGE
76,Boatbuilder (level 3),3,10005128,CITY COLLEGE PLYMOUTH
76,Boatbuilder (level 3),3,10003406,ISLE OF WIGHT COLLEGE
522,Boatmaster (level 3),3,10056817,SEAREGS TRAINING LTD
599,Bookbinder (level 2),2,,
294,Brewer (level 4),4,10012467,HIT TRAINING LTD
287,Bricklayer (level 2),2,10002917,HARTLEPOOL COLLEGE OF FURTHER EDUCATION
287,Bricklayer (level 2),2,10007320,WFCCTT
287,Bricklayer (level 2),2,10002370,EXETER COLLEGE
287,Bricklayer (level 2),2,10007011,NORTHAMPTON COLLEGE
287,Bricklayer (level 2),2,10002863,RIVERSIDE COLLEGE
287,Bricklayer (level 2),2,10036143,SOUTH GLOUCESTERSHIRE AND STROUD COLLEGE
287,Bricklayer (level 2),2,10001475,CITY OF SUNDERLAND COLLEGE
287,Bricklayer (level 2),2,10002412,FARNBOROUGH COLLEGE OF TECHNOLOGY
287,Bricklayer (level 2),2,10009063,BUILDING CRAFTS COLLEGE
287,Bricklayer (level 2),2,10007709,YORK COLLEGE
287,Bricklayer (level 2),2,10004603,NEWCASTLE AND STAFFORD COLLEGES GROUP
287,Bricklayer (level 2),2,10001850,DARLINGTON COLLEGE
287,Bricklayer (level 2),2,10007431,WEST SUFFOLK COLLEGE
287,Bricklayer (level 2),2,10001743,CRAVEN COLLEGE
287,Bricklayer (level 2),2,10005822,SHREWSBURY COLLEGES GROUP
287,Bricklayer (level 2),2,10007469,WEYMOUTH COLLEGE
287,Bricklayer (level 2),2,10000812,BOSTON COLLEGE
287,Bricklayer (level 2),2,10004552,NELSON AND COLNE COLLEGE
287,Bricklayer (level 2),2,10001004,BURTON AND SOUTH DERBYSHIRE COLLEGE
287,Bricklayer (level 2),2,10022513,Avant Skills Academy
287,Bricklayer (level 2),2,10000721,BISHOP BURTON COLLEGE
287,Bricklayer (level 2),2,10006963,NEW CITY COLLEGE
287,Bricklayer (level 2),2,10000952,THE SMB GROUP
287,Bricklayer (level 2),2,10000820,"BOURNEMOUTH AND POOLE COLLEGE, THE"
287,Bricklayer (level 2),2,10004116,EAST COAST COLLEGE
287,Bricklayer (level 2),2,10006398,SUFFOLK NEW COLLEGE
287,Bricklayer (level 2),2,10007500,WIGAN AND LEIGH COLLEGE
287,Bricklayer (level 2),2,10000948,LONDON SOUTH EAST COLLEGES
287,Bricklayer (level 2),2,10007928,SOUTH HAMPSHIRE COLLEGE GROUP
287,Bricklayer (level 2),2,10003928,LINCOLN COLLEGE
287,Bricklayer (level 2),2,10002130,EAST SURREY COLLEGE
287,Bricklayer (level 2),2,10000878,BRIDGWATER AND TAUNTON COLLEGE
287,Bricklayer (level 2),2,10003753,LAKES COLLEGE WEST CUMBRIA
287,Bricklayer (level 2),2,10007427,WEST NOTTINGHAMSHIRE COLLEGE
287,Bricklayer (level 2),2,10000473,Buckinghamshire College Group
287,Bricklayer (level 2),2,10007063,TRURO AND PENWITH COLLEGE
287,Bricklayer (level 2),2,10007696,YEOVIL COLLEGE
287,Bricklayer (level 2),2,10005404,REASEHEATH COLLEGE
287,Bricklayer (level 2),2,10004599,NCG
287,Bricklayer (level 2),2,10001696,CORNWALL COLLEGE
287,Bricklayer (level 2),2,10004577,NOTTINGHAM COLLEGE
287,Bricklayer (level 2),2,10001116,CAMBRIDGE REGIONAL COLLEGE
287,Bricklayer (level 2),2,10004695,DN COLLEGES GROUP
287,Bricklayer (level 2),2,10005128,CITY COLLEGE PLYMOUTH
287,Bricklayer (level 2),2,10003189,KIRKLEES COLLEGE
287,Bricklayer (level 2),2,10000610,BEDFORD COLLEGE
287,Bricklayer (level 2),2,10005946,SOLIHULL COLLEGE AND UNIVERSITY CENTRE
287,Bricklayer (level 2),2,10007938,TEC PARTNERSHIP
287,Bricklayer (level 2),2,10006570,EKC GROUP
287,Bricklayer (level 2),2,10034055,ACE TRAINING AND CONSULTANCY LIMITED
287,Bricklayer (level 2),2,10001093,CALDERDALE COLLEGE
287,Bricklayer (level 2),2,10004576,NEW COLLEGE DURHAM
287,Bricklayer (level 2),2,10006349,STOKE ON TRENT COLLEGE
287,Bricklayer (level 2),2,10000896,BRISTOL CITY COUNCIL
287,Bricklayer (level 2),2,10004340,MID-KENT COLLEGE
287,Bricklayer (level 2),2,10003867,LEICESTER COLLEGE
287,Bricklayer (level 2),2,10005200,PRESTON COLLEGE
287,Bricklayer (level 2),2,10007924,DUDLEY COLLEGE OF TECHNOLOGY
287,Bricklayer (level 2),2,10004718,NORTH WARWICKSHIRE AND SOUTH LEICESTERSHIRE COLLEGE
287,Bricklayer (level 2),2,10007339,WARRINGTON & VALE ROYAL COLLEGE
287,Bricklayer (level 2),2,10006038,SOUTHPORT COLLEGE
287,Bricklayer (level 2),2,10007945,CITY OF PORTSMOUTH COLLEGE
287,Bricklayer (level 2),2,10005967,SOUTH & CITY COLLEGE BIRMINGHAM
287,Bricklayer (level 2),2,10016401,NHBC SERVICES LIMITED
287,Bricklayer (level 2),2,10007916,THE COLLEGE OF WEST ANGLIA
287,Bricklayer (level 2),2,10003198,KINGSTON UPON HULL CITY COUNCIL
287,Bricklayer (level 2),2,10002638,GATESHEAD COLLEGE
287,Bricklayer (level 2),2,10005032,SALFORD CITY COLLEGE
287,Bricklayer (level 2),2,10001919,DCG
287,Bricklayer (level 2),2,10005534,RNN GROUP
287,Bricklayer (level 2),2,10004927,ACTIVATE LEARNING
287,Bricklayer (level 2),2,10004772,CITY COLLEGE NORWICH
287,Bricklayer (level 2),2,10007817,CHICHESTER COLLEGE GROUP
287,Bricklayer (level 2),2,10005977,SOUTH DEVON COLLEGE
287,Bricklayer (level 2),2,10005788,"SHEFFIELD COLLEGE, THE"
287,Bricklayer (level 2),2,10006770,THE OLDHAM COLLEGE
287,Bricklayer (level 2),2,10007553,WIRRAL METROPOLITAN COLLEGE
287,Bricklayer (level 2),2,10007527,WILTSHIRE COLLEGE AND UNIVERSITY CENTRE
287,Bricklayer (level 2),2,10003193,HUGH BAIRD COLLEGE
287,Bricklayer (level 2),2,10002923,EAST SUSSEX COLLEGE GROUP
287,Bricklayer (level 2),2,10006494,TAMESIDE COLLEGE
287,Bricklayer (level 2),2,10003855,LEEDS COLLEGE OF BUILDING
287,Bricklayer (level 2),2,10001467,CITY OF BRISTOL COLLEGE
287,Bricklayer (level 2),2,10004676,PETROC
287,Bricklayer (level 2),2,10003146,HOPWOOD HALL COLLEGE
287,Bricklayer (level 2),2,10004344,MIDDLESBROUGH COLLEGE
287,Bricklayer (level 2),2,10004579,NEW COLLEGE SWINDON
287,Bricklayer (level 2),2,10005077,INSPIRE EDUCATION GROUP
287,Bricklayer (level 2),2,10001000,BURNLEY COLLEGE
287,Bricklayer (level 2),2,10024962,LUMINATE EDUCATION GROUP
287,Bricklayer (level 2),2,10000536,BARNSLEY COLLEGE
287,Bricklayer (level 2),2,10003200,HULL COLLEGE
287,Bricklayer (level 2),2,10008426,PGL TRAINING (PLUMBING) LIMITED
287,Bricklayer (level 2),2,10006174,ST HELENS COLLEGE
287,Bricklayer (level 2),2,10007859,WARWICKSHIRE COLLEGE
287,Bricklayer (level 2),2,10006341,THE EDUCATION TRAINING COLLECTIVE
287,Bricklayer (level 2),2,10001535,COLCHESTER INSTITUTE
287,Bricklayer (level 2),2,10002696,GLOUCESTERSHIRE COLLEGE
287,Bricklayer (level 2),2,10043661,OPTIMUM SKILLS LIMITED
287,Bricklayer (level 2),2,10004716,NORTH WALES TRAINING LTD.
287,Bricklayer (level 2),2,10007289,HEART OF YORKSHIRE EDUCATION GROUP
287,Bricklayer (level 2),2,10005277,SKILLS TO GROUP LIMITED
287,Bricklayer (level 2),2,10080843,GREENLIGHT TRAINING LIMITED
287,Bricklayer (level 2),2,10032119,SOUTH WEST ASSOCIATION OF TRAINING PROVIDERS LIMITED
287,Bricklayer (level 2),2,10000754,BLACKPOOL AND THE FYLDE COLLEGE
287,Bricklayer (level 2),2,10000840,BRADFORD COLLEGE
287,Bricklayer (level 2),2,10001378,CHESTERFIELD COLLEGE
287,Bricklayer (level 2),2,10001934,DERWENTSIDE COLLEGE
287,Bricklayer (level 2),2,10003023,"HEREFORDSHIRE, LUDLOW, AND NORTH SHROPSHIRE COLLEGE"
287,Bricklayer (level 2),2,10003955,THE CITY OF LIVERPOOL COLLEGE
287,Bricklayer (level 2),2,10007459,WESTON COLLEGE OF FURTHER AND HIGHER EDUCATION
287,Bricklayer (level 2),2,10007578,CITY OF WOLVERHAMPTON COLLEGE
287,Bricklayer (level 2),2,10007977,HEART OF WORCESTERSHIRE COLLEGE
287,Bricklayer (level 2),2,10023526,SOUTH STAFFORDSHIRE COLLEGE
287,Bricklayer (level 2),2,10033746,SBC TRAINING LIMITED
287,Bricklayer (level 2),2,10000720,BISHOP AUCKLAND COLLEGE
287,Bricklayer (level 2),2,10001476,UNITED COLLEGES GROUP
287,Bricklayer (level 2),2,10002599,FURNESS COLLEGE
287,Bricklayer (level 2),2,10002743,GRANTHAM COLLEGE
287,Bricklayer (level 2),2,10002899,HARLOW COLLEGE
287,Bricklayer (level 2),2,10003768,LANCASTER AND MORECAMBE COLLEGE
287,Bricklayer (level 2),2,10004144,MACCLESFIELD COLLEGE
287,Bricklayer (level 2),2,10005981,SOUTH ESSEX COLLEGE OF FURTHER AND HIGHER EDUCATION
287,Bricklayer (level 2),2,10005999,TYNE COAST COLLEGE
287,Bricklayer (level 2),2,10006549,TELFORD COLLEGE
287,Bricklayer (level 2),2,10007315,WALSALL COLLEGE
287,Bricklayer (level 2),2,10004112,LOUGHBOROUGH COLLEGE
287,Bricklayer (level 2),2,10004375,MILTON KEYNES COLLEGE
287,Bricklayer (level 2),2,10000950,BROOKLANDS COLLEGE
287,Bricklayer (level 2),2,10001353,CHELMSFORD COLLEGE
287,Bricklayer (level 2),2,10002094,"EALING, HAMMERSMITH & WEST LONDON COLLEGE"
287,Bricklayer (level 2),2,10002244,SHEFFIELD CITY COUNCIL
287,Bricklayer (level 2),2,10030656,THE JCB ACADEMY
287,Bricklayer (level 2),2,10005972,CHESHIRE COLLEGE SOUTH AND WEST
287,Bricklayer (level 2),2,10000794,BOLTON COLLEGE
287,Bricklayer (level 2),2,10003755,SOUTH BANK COLLEGES
287,Bricklayer (level 2),2,10002111,EAST DURHAM COLLEGE
287,Bricklayer (level 2),2,10002140,EASTERN REGION ROOF TRAINING GROUP LIMITED
287,Bricklayer (level 2),2,10001465,BATH COLLEGE
287,Bricklayer (level 2),2,10005998,THE TRAFFORD AND STOCKPORT COLLEGE GROUP
287,Bricklayer (level 2),2,10006442,BIRMINGHAM METROPOLITAN COLLEGE
287,Bricklayer (level 2),2,10003035,HERTFORD REGIONAL COLLEGE
287,Bricklayer (level 2),2,10003406,ISLE OF WIGHT COLLEGE
287,Bricklayer (level 2),2,10088248,ACCXEL LIMITED
287,Bricklayer (level 2),2,10000528,BARKING AND DAGENHAM COLLEGE
287,Bricklayer (level 2),2,10004442,MOULTON COLLEGE
287,Bricklayer (level 2),2,10019711,SKILLS RECRUITMENT LIMITED
287,Bricklayer (level 2),2,10024686,RESOURCES (N E) LIMITED
287,Bricklayer (level 2),2,10032147,SPECIALIST TRADE COURSES LIMITED
287,Bricklayer (level 2),2,10034999,UNIVERSITY ACADEMY HOLBEACH
287,Bricklayer (level 2),2,10044666,SALUTEM LIMITED
287,Bricklayer (level 2),2,10081187,CTSW SKILLS LTD
287,Bricklayer (level 2),2,10081713,MULTI TRADES TRAINING LTD
287,Bricklayer (level 2),2,10087487,LEE MARLEY BRICKWORK LIMITED
287,Bricklayer (level 2),2,10091897,W @ H SAFETY SOLUTIONS LTD
287,Bricklayer (level 2),2,10093807,SALT TRAINING LIMITED
354,Broadcast and media systems engineer (integrated degree) (level 6),6,10007140,BIRMINGHAM CITY UNIVERSITY
354,Broadcast and media systems engineer (integrated degree) (level 6),6,10005389,RAVENSBOURNE UNIVERSITY LONDON
460,Broadcast and media systems technical operator (level 3),3,10004511,NATIONAL FILM AND TELEVISION SCHOOL(THE)
460,Broadcast and media systems technical operator (level 3),3,10090480,MICHAEL STREETE FOUNDATION
460,Broadcast and media systems technical operator (level 3),3,10093558,FEARLESS ADVENTURES ACADEMY LIMITED
547,Broadcast and media systems technician (level 5),5,10006442,BIRMINGHAM METROPOLITAN COLLEGE
447,Building control surveyor (integrated degree) (level 6),6,10007166,UNIVERSITY OF WOLVERHAMPTON
447,Building control surveyor (integrated degree) (level 6),6,10008173,UNIVERSITY COLLEGE OF ESTATE MANAGEMENT
805,Building service engineering foundation apprenticeship (level 2),2,10003146,HOPWOOD HALL COLLEGE
805,Building service engineering foundation apprenticeship (level 2),2,10005534,RNN GROUP
805,Building service engineering foundation apprenticeship (level 2),2,10005977,SOUTH DEVON COLLEGE
805,Building service engineering foundation apprenticeship (level 2),2,10062041,SKILLS4STEM LTD.
805,Building service engineering foundation apprenticeship (level 2),2,10002638,GATESHEAD COLLEGE
198,Building services engineer (level 6),6,10007164,"UNIVERSITY OF THE WEST OF ENGLAND, BRISTOL"
198,Building services engineer (level 6),6,10003861,LEEDS BECKETT UNIVERSITY
198,Building services engineer (level 6),6,10001726,COVENTRY UNIVERSITY
198,Building services engineer (level 6),6,10003957,LIVERPOOL JOHN MOORES UNIVERSITY
198,Building services engineer (level 6),6,10004078,LONDON SOUTH BANK UNIVERSITY
198,Building services engineer (level 6),6,10007141,UNIVERSITY OF CENTRAL LANCASHIRE
198,Building services engineer (level 6),6,10003855,LEEDS COLLEGE OF BUILDING
198,Building services engineer (level 6),6,10007161,TEESSIDE UNIVERSITY
198,Building services engineer (level 6),6,10091009,CU APPRENTICESHIPS (BETTER FUTURES) LIMITED
198,Building services engineer (level 6),6,10005967,SOUTH & CITY COLLEGE BIRMINGHAM
198,Building services engineer (level 6),6,10062041,SKILLS4STEM LTD.
173,Building services engineering craftsperson (level 3),3,10007928,SOUTH HAMPSHIRE COLLEGE GROUP
173,Building services engineering craftsperson (level 3),3,10035881,EAS MECHANICAL LIMITED
173,Building services engineering craftsperson (level 3),3,10005032,SALFORD CITY COLLEGE
173,Building services engineering craftsperson (level 3),3,10003855,LEEDS COLLEGE OF BUILDING
173,Building services engineering craftsperson (level 3),3,10037909,CHOICE TRAINING LTD.
173,Building services engineering craftsperson (level 3),3,10001778,CROYDON COLLEGE
173,Building services engineering craftsperson (level 3),3,10002917,HARTLEPOOL COLLEGE OF FURTHER EDUCATION
173,Building services engineering craftsperson (level 3),3,10002696,GLOUCESTERSHIRE COLLEGE
173,Building services engineering craftsperson (level 3),3,10001116,CAMBRIDGE REGIONAL COLLEGE
173,Building services engineering craftsperson (level 3),3,10000754,BLACKPOOL AND THE FYLDE COLLEGE
173,Building services engineering craftsperson (level 3),3,10003955,THE CITY OF LIVERPOOL COLLEGE
173,Building services engineering craftsperson (level 3),3,10007431,WEST SUFFOLK COLLEGE
173,Building services engineering craftsperson (level 3),3,10007320,WFCCTT
173,Building services engineering craftsperson (level 3),3,10005128,CITY COLLEGE PLYMOUTH
185,Building services engineering ductwork craftsperson (level 3),3,,
192,Building services engineering ductwork installer (level 2),2,10000610,BEDFORD COLLEGE
164,Building services engineering installer (level 2),2,10037909,CHOICE TRAINING LTD.
164,Building services engineering installer (level 2),2,10002696,GLOUCESTERSHIRE COLLEGE
164,Building services engineering installer (level 2),2,10001778,CROYDON COLLEGE
164,Building services engineering installer (level 2),2,10007928,SOUTH HAMPSHIRE COLLEGE GROUP
164,Building services engineering installer (level 2),2,10035881,EAS MECHANICAL LIMITED
164,Building services engineering installer (level 2),2,10003146,HOPWOOD HALL COLLEGE
164,Building services engineering installer (level 2),2,10005032,SALFORD CITY COLLEGE
164,Building services engineering installer (level 2),2,10002917,HARTLEPOOL COLLEGE OF FURTHER EDUCATION
164,Building services engineering installer (level 2),2,10005788,"SHEFFIELD COLLEGE, THE"
164,Building services engineering installer (level 2),2,10007924,DUDLEY COLLEGE OF TECHNOLOGY
164,Building services engineering installer (level 2),2,10062041,SKILLS4STEM LTD.
164,Building services engineering installer (level 2),2,10007320,WFCCTT
164,Building services engineering installer (level 2),2,10005128,CITY COLLEGE PLYMOUTH
164,Building services engineering installer (level 2),2,10004686,NORTH EAST SURREY COLLEGE OF TECHNOLOGY (NESCOT)
164,Building services engineering installer (level 2),2,10092400,OCTAVIUS LEARNING AND DEVELOPMENT LIMITED PARTNERSHIP
275,Building services engineering senior technician (level 4),4,10002370,EXETER COLLEGE
275,Building services engineering senior technician (level 4),4,10001476,UNITED COLLEGES GROUP
275,Building services engineering senior technician (level 4),4,10001919,DCG
275,Building services engineering senior technician (level 4),4,10003855,LEEDS COLLEGE OF BUILDING
275,Building services engineering senior technician (level 4),4,10062041,SKILLS4STEM LTD.
275,Building services engineering senior technician (level 4),4,10004078,LONDON SOUTH BANK UNIVERSITY
275,Building services engineering senior technician (level 4),4,10004603,NEWCASTLE AND STAFFORD COLLEGES GROUP
275,Building services engineering senior technician (level 4),4,10003955,THE CITY OF LIVERPOOL COLLEGE
275,Building services engineering senior technician (level 4),4,10005032,SALFORD CITY COLLEGE
275,Building services engineering senior technician (level 4),4,10000610,BEDFORD COLLEGE
275,Building services engineering senior technician (level 4),4,10002917,HARTLEPOOL COLLEGE OF FURTHER EDUCATION
275,Building services engineering senior technician (level 4),4,10004340,MID-KENT COLLEGE
275,Building services engineering senior technician (level 4),4,10091009,CU APPRENTICESHIPS (BETTER FUTURES) LIMITED
275,Building services engineering senior technician (level 4),4,10005967,SOUTH & CITY COLLEGE BIRMINGHAM
275,Building services engineering senior technician (level 4),4,10000712,UNIVERSITY COLLEGE BIRMINGHAM
275,Building services engineering senior technician (level 4),4,10001465,BATH COLLEGE
275,Building services engineering senior technician (level 4),4,10001778,CROYDON COLLEGE
275,Building services engineering senior technician (level 4),4,10002638,GATESHEAD COLLEGE
275,Building services engineering senior technician (level 4),4,10005998,THE TRAFFORD AND STOCKPORT COLLEGE GROUP
275,Building services engineering senior technician (level 4),4,10088248,ACCXEL LIMITED
275,Building services engineering senior technician (level 4),4,10026620,HYBRID TECHNICAL SERVICES LIMITED
193,Building services engineering service and maintenance engineer (level 3),3,10046997,GLP TRAINING LTD
193,Building services engineering service and maintenance engineer (level 3),3,10003855,LEEDS COLLEGE OF BUILDING
193,Building services engineering service and maintenance engineer (level 3),3,10005032,SALFORD CITY COLLEGE
193,Building services engineering service and maintenance engineer (level 3),3,10037909,CHOICE TRAINING LTD.
193,Building services engineering service and maintenance engineer (level 3),3,10062041,SKILLS4STEM LTD.
193,Building services engineering service and maintenance engineer (level 3),3,10003206,HUMBERSIDE ENGINEERING TRAINING ASSOCIATION LIMITED
193,Building services engineering service and maintenance engineer (level 3),3,10003402,ENGINEERING TRUST TRAINING LIMITED
193,Building services engineering service and maintenance engineer (level 3),3,10001696,CORNWALL COLLEGE
193,Building services engineering service and maintenance engineer (level 3),3,10002917,HARTLEPOOL COLLEGE OF FURTHER EDUCATION
193,Building services engineering service and maintenance engineer (level 3),3,10004607,NEWHAM COLLEGE OF FURTHER EDUCATION
193,Building services engineering service and maintenance engineer (level 3),3,10007320,WFCCTT
193,Building services engineering service and maintenance engineer (level 3),3,10001465,BATH COLLEGE
193,Building services engineering service and maintenance engineer (level 3),3,10004596,NEWBURY COLLEGE
193,Building services engineering service and maintenance engineer (level 3),3,10005128,CITY COLLEGE PLYMOUTH
276,Building services engineering site management (degree) (level 6),6,10004078,LONDON SOUTH BANK UNIVERSITY
276,Building services engineering site management (degree) (level 6),6,10007161,TEESSIDE UNIVERSITY
276,Building services engineering site management (degree) (level 6),6,10062041,SKILLS4STEM LTD.
276,Building services engineering site management (degree) (level 6),6,10003861,LEEDS BECKETT UNIVERSITY
178,Building services engineering technician 2022 (level 3),3,10001476,UNITED COLLEGES GROUP
178,Building services engineering technician 2022 (level 3),3,10005967,SOUTH & CITY COLLEGE BIRMINGHAM
178,Building services engineering technician 2022 (level 3),3,10003855,LEEDS COLLEGE OF BUILDING
178,Building services engineering technician 2022 (level 3),3,10002370,EXETER COLLEGE
178,Building services engineering technician 2022 (level 3),3,10003955,THE CITY OF LIVERPOOL COLLEGE
178,Building services engineering technician 2022 (level 3),3,10005032,SALFORD CITY COLLEGE
178,Building services engineering technician 2022 (level 3),3,10002917,HARTLEPOOL COLLEGE OF FURTHER EDUCATION
178,Building services engineering technician 2022 (level 3),3,10003674,SOUTH THAMES COLLEGES GROUP
178,Building services engineering technician 2022 (level 3),3,10002130,EAST SURREY COLLEGE
178,Building services engineering technician 2022 (level 3),3,10062041,SKILLS4STEM LTD.
178,Building services engineering technician 2022 (level 3),3,10003755,SOUTH BANK COLLEGES
178,Building services engineering technician 2022 (level 3),3,10001465,BATH COLLEGE
178,Building services engineering technician 2022 (level 3),3,10005998,THE TRAFFORD AND STOCKPORT COLLEGE GROUP
194,Building services engineering ventilation hygiene technician (level 3),3,,
787,Bulk storage terminal technician (level 3),3,10006408,SUNDERLAND ENGINEERING TRAINING ASSOCIATION LIMITED
787,Bulk storage terminal technician (level 3),3,10032007,REYNOLDS TRAINING SERVICES LIMITED
134,Bus and coach engineering technician (level 3),3,10005404,REASEHEATH COLLEGE
134,Bus and coach engineering technician (level 3),3,10030838,GTG TRAINING LIMITED
134,Bus and coach engineering technician (level 3),3,10005967,SOUTH & CITY COLLEGE BIRMINGHAM
134,Bus and coach engineering technician (level 3),3,10005599,S & B AUTOMOTIVE ACADEMY LIMITED
134,Bus and coach engineering technician (level 3),3,10021755,TOTAL PEOPLE LIMITED
134,Bus and coach engineering technician (level 3),3,10007193,"HRUC (HARROW, RICHMOND AND UXBRIDGE COLLEGES)"
196,Business administrator (level 3),3,10000747,BLACKBURN COLLEGE
196,Business administrator (level 3),3,10021018,QDOS TRAINING LIMITED
196,Business administrator (level 3),3,10007578,CITY OF WOLVERHAMPTON COLLEGE
196,Business administrator (level 3),3,10005999,TYNE COAST COLLEGE
196,Business administrator (level 3),3,10006174,ST HELENS COLLEGE
196,Business administrator (level 3),3,10003872,LEICESTERSHIRE COUNTY COUNCIL
196,Business administrator (level 3),3,10005128,CITY COLLEGE PLYMOUTH
196,Business administrator (level 3),3,10005998,THE TRAFFORD AND STOCKPORT COLLEGE GROUP
196,Business administrator (level 3),3,10022721,UNIVERSITY HOSPITALS OF LEICESTER NATIONAL HEALTH SERVICE TRUST
196,Business administrator (level 3),3,10004601,NEWCASTLE UPON TYNE CITY COUNCIL
196,Business administrator (level 3),3,10056018,LINCOLNSHIRE COMMUNITY HEALTH SERVICES NHS TRUST
196,Business administrator (level 3),3,10007469,WEYMOUTH COLLEGE
196,Business administrator (level 3),3,10003252,CILEX LAW SCHOOL LIMITED
196,Business administrator (level 3),3,10043661,OPTIMUM SKILLS LIMITED
196,Business administrator (level 3),3,10007709,YORK COLLEGE
196,Business administrator (level 3),3,10048380,Ginger Nut Training
196,Business administrator (level 3),3,10032740,LEARNING SKILLS PARTNERSHIP LTD
196,Business administrator (level 3),3,10043793,APPRENTICE TEAM LTD
196,Business administrator (level 3),3,10005946,SOLIHULL COLLEGE AND UNIVERSITY CENTRE
196,Business administrator (level 3),3,10010672,Train'd Up
196,Business administrator (level 3),3,10065422,CITY SKILLS LIMITED
196,Business administrator (level 3),3,10024292,CENTRAL BEDFORDSHIRE COUNCIL
196,Business administrator (level 3),3,10001778,CROYDON COLLEGE
196,Business administrator (level 3),3,10002852,HALESOWEN COLLEGE
196,Business administrator (level 3),3,10003570,KENT COUNTY COUNCIL
196,Business administrator (level 3),3,10004718,NORTH WARWICKSHIRE AND SOUTH LEICESTERSHIRE COLLEGE
196,Business administrator (level 3),3,10040391,BRAGD LLP
196,Business administrator (level 3),3,10002743,GRANTHAM COLLEGE
196,Business administrator (level 3),3,10052638,EDUCATION AND SKILLS TRAINING & DEVELOPMENT LIMITED
196,Business administrator (level 3),3,10003955,THE CITY OF LIVERPOOL COLLEGE
196,Business administrator (level 3),3,10005200,PRESTON COLLEGE
196,Business administrator (level 3),3,10005534,RNN GROUP
196,Business administrator (level 3),3,10001000,BURNLEY COLLEGE
196,Business administrator (level 3),3,10037348,INSPIRO LEARNING LIMITED
196,Business administrator (level 3),3,10005972,CHESHIRE COLLEGE SOUTH AND WEST
196,Business administrator (level 3),3,10001004,BURTON AND SOUTH DERBYSHIRE COLLEGE
196,Business administrator (level 3),3,10007817,CHICHESTER COLLEGE GROUP
196,Business administrator (level 3),3,10000055,ABINGDON AND WITNEY COLLEGE
196,Business administrator (level 3),3,10040417,PIER TECHNOLOGY LTD
196,Business administrator (level 3),3,10003198,KINGSTON UPON HULL CITY COUNCIL
196,Business administrator (level 3),3,10002899,HARLOW COLLEGE
196,Business administrator (level 3),3,10046149,DAVIES LEARNING SOLUTIONS LIMITED
196,Business administrator (level 3),3,10001743,CRAVEN COLLEGE
196,Business administrator (level 3),3,10003146,HOPWOOD HALL COLLEGE
196,Business administrator (level 3),3,10046850,BLUE SKY ASSESSING & CONSULTANCY LTD
196,Business administrator (level 3),3,10024962,LUMINATE EDUCATION GROUP
196,Business administrator (level 3),3,10002471,First College
196,Business administrator (level 3),3,10007063,TRURO AND PENWITH COLLEGE
196,Business administrator (level 3),3,10006038,SOUTHPORT COLLEGE
196,Business administrator (level 3),3,10028965,Learn Plus Us
196,Business administrator (level 3),3,10002111,EAST DURHAM COLLEGE
196,Business administrator (level 3),3,10001259,CENTRAL TRAINING ACADEMY LIMITED
196,Business administrator (level 3),3,10001934,DERWENTSIDE COLLEGE
196,Business administrator (level 3),3,10003867,LEICESTER COLLEGE
196,Business administrator (level 3),3,10000850,BRADFORD CITY COUNCIL
196,Business administrator (level 3),3,10000470,AXIA SOLUTIONS LIMITED
196,Business administrator (level 3),3,10006570,EKC GROUP
196,Business administrator (level 3),3,10019065,CALEX UK LTD
196,Business administrator (level 3),3,10004144,MACCLESFIELD COLLEGE
196,Business administrator (level 3),3,10007500,WIGAN AND LEIGH COLLEGE
196,Business administrator (level 3),3,10007339,WARRINGTON & VALE ROYAL COLLEGE
196,Business administrator (level 3),3,10007924,DUDLEY COLLEGE OF TECHNOLOGY
196,Business administrator (level 3),3,10002655,GENII ENGINEERING & TECHNOLOGY TRAINING LIMITED
196,Business administrator (level 3),3,10027766,EDEN TRAINING SOLUTIONS LIMITED
196,Business administrator (level 3),3,10047356,TOTAL TRAINING PROVISION LIMITED
196,Business administrator (level 3),3,10033408,CORNWALL MARINE NETWORK LIMITED
196,Business administrator (level 3),3,10003289,INDEPENDENT TRAINING SERVICES LIMITED
196,Business administrator (level 3),3,10002107,THE WINDSOR FOREST COLLEGES GROUP
196,Business administrator (level 3),3,10001116,CAMBRIDGE REGIONAL COLLEGE
196,Business administrator (level 3),3,10007977,HEART OF WORCESTERSHIRE COLLEGE
196,Business administrator (level 3),3,10002064,COUNTY DURHAM COUNCIL
196,Business administrator (level 3),3,10007459,WESTON COLLEGE OF FURTHER AND HIGHER EDUCATION
196,Business administrator (level 3),3,10007696,YEOVIL COLLEGE
196,Business administrator (level 3),3,10007377,WEIR TRAINING LIMITED
196,Business administrator (level 3),3,10024833,NTG TRAINING LTD
196,Business administrator (level 3),3,10002370,EXETER COLLEGE
196,Business administrator (level 3),3,10003385,IPS INTERNATIONAL LIMITED
196,Business administrator (level 3),3,10007553,WIRRAL METROPOLITAN COLLEGE
196,Business administrator (level 3),3,10061407,CORNDEL LIMITED
196,Business administrator (level 3),3,10006549,TELFORD COLLEGE
196,Business administrator (level 3),3,10026397,THE NVQ TRAINING CENTRE LIMITED
196,Business administrator (level 3),3,10005426,HOUSE OF CLIVE (HAIR AND BEAUTY) LIMITED
196,Business administrator (level 3),3,10001928,DERBYSHIRE COUNTY COUNCIL
196,Business administrator (level 3),3,10003280,IN-COMM TRAINING AND BUSINESS SERVICES LIMITED
196,Business administrator (level 3),3,10006963,NEW CITY COLLEGE
196,Business administrator (level 3),3,10002599,FURNESS COLLEGE
196,Business administrator (level 3),3,10005109,DERBY BUSINESS COLLEGE LIMITED
196,Business administrator (level 3),3,10002863,RIVERSIDE COLLEGE
196,Business administrator (level 3),3,10003976,LOCOMOTIVATION LTD.
196,Business administrator (level 3),3,10005822,SHREWSBURY COLLEGES GROUP
196,Business administrator (level 3),3,10004344,MIDDLESBROUGH COLLEGE
196,Business administrator (level 3),3,10006987,TRAINING 2000 LIMITED
196,Business administrator (level 3),3,10000536,BARNSLEY COLLEGE
196,Business administrator (level 3),3,10031093,TRAINING EVENT SAFETY SOLUTIONS LTD
196,Business administrator (level 3),3,10000533,BARNET & SOUTHGATE COLLEGE
196,Business administrator (level 3),3,10023526,SOUTH STAFFORDSHIRE COLLEGE
196,Business administrator (level 3),3,10005172,POULTEC TRAINING LIMITED
196,Business administrator (level 3),3,10036578,THE APPRENTICE ACADEMY LIMITED
196,Business administrator (level 3),3,10003430,ITEC NORTH EAST LIMITED
196,Business administrator (level 3),3,10003026,HEREFORDSHIRE AND WORCESTERSHIRE GROUP TRAINING ASSOCIATION LIMITED
196,Business administrator (level 3),3,10000840,BRADFORD COLLEGE
196,Business administrator (level 3),3,10001515,C.M.S. VOCATIONAL TRAINING LIMITED
196,Business administrator (level 3),3,10053869,LIGHTHOUSE (TRAINING AND DEVELOPMENT) LTD
196,Business administrator (level 3),3,10005064,PETA LIMITED
196,Business administrator (level 3),3,10004603,NEWCASTLE AND STAFFORD COLLEGES GROUP
196,Business administrator (level 3),3,10031971,LDN APPRENTICESHIPS LTD
196,Business administrator (level 3),3,10004576,NEW COLLEGE DURHAM
196,Business administrator (level 3),3,10001378,CHESTERFIELD COLLEGE
196,Business administrator (level 3),3,10003197,HULL BUSINESS TRAINING CENTRE LIMITED
196,Business administrator (level 3),3,10006517,TDR TRAINING LIMITED
196,Business administrator (level 3),3,10022405,VQ SOLUTIONS LTD
196,Business administrator (level 3),3,10001309,COVENTRY AND WARWICKSHIRE CHAMBERS OF COMMERCE TRAINING LIMITED
196,Business administrator (level 3),3,10001786,CSM CONSULTING LIMITED
196,Business administrator (level 3),3,10007015,TRAINING SERVICES 2000 LTD
196,Business administrator (level 3),3,10007427,WEST NOTTINGHAMSHIRE COLLEGE
196,Business administrator (level 3),3,10007424,THE WEST MIDLANDS CREATIVE ALLIANCE LIMITED
196,Business administrator (level 3),3,10047354,VELOCITY 1ST LIMITED
196,Business administrator (level 3),3,10005509,ROCHDALE TRAINING ASSOCIATION LIMITED
196,Business administrator (level 3),3,10004676,PETROC
196,Business administrator (level 3),3,10007431,WEST SUFFOLK COLLEGE
196,Business administrator (level 3),3,10032052,TRAIN TOGETHER LIMITED
196,Business administrator (level 3),3,10008426,PGL TRAINING (PLUMBING) LIMITED
196,Business administrator (level 3),3,10002327,ESSEX COUNTY COUNCIL
196,Business administrator (level 3),3,10006337,STOCKTON-ON-TEES BOROUGH COUNCIL
196,Business administrator (level 3),3,10081982,INVOLVE SELECTION LIMITED
196,Business administrator (level 3),3,10005032,SALFORD CITY COLLEGE
196,Business administrator (level 3),3,10002639,GATESHEAD COUNCIL
196,Business administrator (level 3),3,10029952,BPP PROFESSIONAL EDUCATION LIMITED
196,Business administrator (level 3),3,10006426,SURREY COUNTY COUNCIL
196,Business administrator (level 3),3,10027655,STARTING OFF LIMITED
196,Business administrator (level 3),3,10044607,BOOM TRAINING LIMITED
196,Business administrator (level 3),3,10004695,DN COLLEGES GROUP
196,Business administrator (level 3),3,10007289,HEART OF YORKSHIRE EDUCATION GROUP
196,Business administrator (level 3),3,10036143,SOUTH GLOUCESTERSHIRE AND STROUD COLLEGE
196,Business administrator (level 3),3,10047111,THE APPRENTICESHIP COLLEGE LTD
196,Business administrator (level 3),3,10004657,NORFOLK COUNTY COUNCIL
196,Business administrator (level 3),3,10005891,SKILLNET LIMITED
196,Business administrator (level 3),3,10004124,LUTON BOROUGH COUNCIL
196,Business administrator (level 3),3,10004599,NCG
196,Business administrator (level 3),3,10023047,REMIT GROUP LIMITED
196,Business administrator (level 3),3,10005268,TRANSWORLD PUBLICATIONS SERVICES LIMITED
196,Business administrator (level 3),3,10003189,KIRKLEES COLLEGE
196,Business administrator (level 3),3,10001535,COLCHESTER INSTITUTE
196,Business administrator (level 3),3,10006710,The JGA Group
196,Business administrator (level 3),3,10004686,NORTH EAST SURREY COLLEGE OF TECHNOLOGY (NESCOT)
196,Business administrator (level 3),3,10004499,NATIONAL BUSINESS COLLEGE LIMITED
196,Business administrator (level 3),3,10001848,DARLINGTON BOROUGH COUNCIL
196,Business administrator (level 3),3,10007859,WARWICKSHIRE COLLEGE
196,Business administrator (level 3),3,10007402,WEST BERKSHIRE TRAINING CONSORTIUM
196,Business administrator (level 3),3,10000878,BRIDGWATER AND TAUNTON COLLEGE
196,Business administrator (level 3),3,10031146,SR APPRENTICESHIPS LIMITED
196,Business administrator (level 3),3,10001174,CT SKILLS LIMITED
196,Business administrator (level 3),3,10002696,GLOUCESTERSHIRE COLLEGE
196,Business administrator (level 3),3,10000948,LONDON SOUTH EAST COLLEGES
196,Business administrator (level 3),3,10000720,BISHOP AUCKLAND COLLEGE
196,Business administrator (level 3),3,10056737,CONTRACTING SERVICES (EDUCATION AND SKILLS) LIMITED
196,Business administrator (level 3),3,10000820,"BOURNEMOUTH AND POOLE COLLEGE, THE"
196,Business administrator (level 3),3,10052607,PERFORMANCE LEARNING GROUP LTD
196,Business administrator (level 3),3,10061833,SKILLCERT LIMITED
196,Business administrator (level 3),3,10049392,SWARM TRAINING C.I.C.
196,Business administrator (level 3),3,10047071,ACHIEVING FOR CHILDREN COMMUNITY INTEREST COMPANY
196,Business administrator (level 3),3,10003529,JUNIPER TRAINING LIMITED
196,Business administrator (level 3),3,10007527,WILTSHIRE COLLEGE AND UNIVERSITY CENTRE
196,Business administrator (level 3),3,10032119,SOUTH WEST ASSOCIATION OF TRAINING PROVIDERS LIMITED
196,Business administrator (level 3),3,10001831,DAMAR LIMITED
196,Business administrator (level 3),3,10001850,DARLINGTON COLLEGE
196,Business administrator (level 3),3,10007659,W S TRAINING LTD.
196,Business administrator (level 3),3,10007011,NORTHAMPTON COLLEGE
196,Business administrator (level 3),3,10001696,CORNWALL COLLEGE
196,Business administrator (level 3),3,10002917,HARTLEPOOL COLLEGE OF FURTHER EDUCATION
196,Business administrator (level 3),3,10001353,CHELMSFORD COLLEGE
196,Business administrator (level 3),3,10005488,RIVERSIDE TRAINING LIMITED
196,Business administrator (level 3),3,10002976,HEART OF ENGLAND TRAINING LIMITED
196,Business administrator (level 3),3,10004375,MILTON KEYNES COLLEGE
196,Business administrator (level 3),3,10026590,FOCUS TRAINING (SW) LIMITED
196,Business administrator (level 3),3,10007193,"HRUC (HARROW, RICHMOND AND UXBRIDGE COLLEGES)"
196,Business administrator (level 3),3,10000488,B-SKILL LIMITED
196,Business administrator (level 3),3,10027616,LINDEN MANAGEMENT (UK) LIMITED
196,Business administrator (level 3),3,10007455,Capital City College Group
196,Business administrator (level 3),3,10004343,MIDDLESBROUGH COUNCIL
196,Business administrator (level 3),3,10018916,IMPACT FUTURES TRAINING LIMITED
196,Business administrator (level 3),3,10004579,NEW COLLEGE SWINDON
196,Business administrator (level 3),3,10041127,ZENITH PEOPLE LIMITED
196,Business administrator (level 3),3,10004772,CITY COLLEGE NORWICH
196,Business administrator (level 3),3,10007928,SOUTH HAMPSHIRE COLLEGE GROUP
196,Business administrator (level 3),3,10011880,P.T.P. TRAINING LIMITED
196,Business administrator (level 3),3,10002412,FARNBOROUGH COLLEGE OF TECHNOLOGY
196,Business administrator (level 3),3,10041486,Northwest Education And Training Ltd
196,Business administrator (level 3),3,10004692,NORTH LANCS. TRAINING GROUP CIC
196,Business administrator (level 3),3,10054216,MBKB LTD
196,Business administrator (level 3),3,10001475,CITY OF SUNDERLAND COLLEGE
196,Business administrator (level 3),3,10021755,TOTAL PEOPLE LIMITED
196,Business administrator (level 3),3,10001467,CITY OF BRISTOL COLLEGE
196,Business administrator (level 3),3,10005264,MILLBROOK MANAGEMENT SERVICES LIMITED
196,Business administrator (level 3),3,10005788,"SHEFFIELD COLLEGE, THE"
196,Business administrator (level 3),3,10005979,HAVANT AND SOUTH DOWNS COLLEGE
196,Business administrator (level 3),3,10006341,THE EDUCATION TRAINING COLLECTIVE
196,Business administrator (level 3),3,10027498,TRAVIS PERKINS PLC
196,Business administrator (level 3),3,10066561,CLEARLINE RECRUITMENT LTD
196,Business administrator (level 3),3,10000238,ALLIANCE LEARNING
196,Business administrator (level 3),3,10005277,SKILLS TO GROUP LIMITED
196,Business administrator (level 3),3,10022117,DAWN HODGE ASSOCIATES LIMITED
196,Business administrator (level 3),3,10000610,BEDFORD COLLEGE
196,Business administrator (level 3),3,10004340,MID-KENT COLLEGE
196,Business administrator (level 3),3,10022788,THE CHILD CARE COMPANY (OLD WINDSOR) LIMITED
196,Business administrator (level 3),3,10038931,PENSHAW VIEW TRAINING LIMITED
196,Business administrator (level 3),3,10004112,LOUGHBOROUGH COLLEGE
196,Business administrator (level 3),3,10037798,CROWN VOCATIONAL TRAINING LIMITED
196,Business administrator (level 3),3,10027272,Nova Training
196,Business administrator (level 3),3,10003035,HERTFORD REGIONAL COLLEGE
196,Business administrator (level 3),3,10007100,TYNE NORTH TRAINING LIMITED
196,Business administrator (level 3),3,10010635,SANDWELL AND WEST BIRMINGHAM HOSPITALS NATIONAL HEALTH SERVICE TRUST
196,Business administrator (level 3),3,10058228,THE PRIORY FEDERATION OF ACADEMIES
196,Business administrator (level 3),3,10005735,SEETEC BUSINESS TECHNOLOGY CENTRE LIMITED
196,Business administrator (level 3),3,10005927,SMART TRAINING AND RECRUITMENT LIMITED
196,Business administrator (level 3),3,10007938,TEC PARTNERSHIP
196,Business administrator (level 3),3,10007315,WALSALL COLLEGE
196,Business administrator (level 3),3,10003928,LINCOLN COLLEGE
196,Business administrator (level 3),3,10001869,DAVIDSON TRAINING UK LIMITED
196,Business administrator (level 3),3,10000494,BABINGTON BUSINESS COLLEGE LIMITED
196,Business administrator (level 3),3,10034212,BPIF TRAINING LIMITED
196,Business administrator (level 3),3,10007434,WEST THAMES COLLEGE
196,Business administrator (level 3),3,10003768,LANCASTER AND MORECAMBE COLLEGE
196,Business administrator (level 3),3,10003558,KENDAL COLLEGE
196,Business administrator (level 3),3,10000754,BLACKPOOL AND THE FYLDE COLLEGE
196,Business administrator (level 3),3,10010584,ACCESS TRAINING (EAST MIDLANDS) LTD
196,Business administrator (level 3),3,10009059,ACCESS TRAINING LIMITED
196,Business administrator (level 3),3,10004177,THE GROWTH COMPANY LIMITED
196,Business administrator (level 3),3,10004607,NEWHAM COLLEGE OF FURTHER EDUCATION
196,Business administrator (level 3),3,10000812,BOSTON COLLEGE
196,Business administrator (level 3),3,10065020,PROFESSIONAL APPRENTICESHIPS LTD
196,Business administrator (level 3),3,10006770,THE OLDHAM COLLEGE
196,Business administrator (level 3),3,10006398,SUFFOLK NEW COLLEGE
196,Business administrator (level 3),3,10007320,WFCCTT
196,Business administrator (level 3),3,10000712,UNIVERSITY COLLEGE BIRMINGHAM
196,Business administrator (level 3),3,10003919,THELIGHTBULB LTD
196,Business administrator (level 3),3,10002841,HADDON TRAINING LIMITED
196,Business administrator (level 3),3,10001093,CALDERDALE COLLEGE
196,Business administrator (level 3),3,10001919,DCG
196,Business administrator (level 3),3,10004977,PARAGON EDUCATION & SKILLS LIMITED
196,Business administrator (level 3),3,10009600,HAWK MANAGEMENT (UK) LIMITED
196,Business administrator (level 3),3,10012467,HIT TRAINING LTD
196,Business administrator (level 3),3,10029426,ABM TRAINING (UK) LTD
196,Business administrator (level 3),3,10000794,BOLTON COLLEGE
196,Business administrator (level 3),3,10005575,RUNSHAW COLLEGE
196,Business administrator (level 3),3,10002407,FAREPORT TRAINING ORGANISATION LIMITED
196,Business administrator (level 3),3,10003023,"HEREFORDSHIRE, LUDLOW, AND NORTH SHROPSHIRE COLLEGE"
196,Business administrator (level 3),3,10004577,NOTTINGHAM COLLEGE
196,Business administrator (level 3),3,10033736,ACADEMIES ENTERPRISE TRUST
196,Business administrator (level 3),3,10003347,INTEC BUSINESS COLLEGES LIMITED
196,Business administrator (level 3),3,10030249,SKILLS EDGE TRAINING LTD
196,Business administrator (level 3),3,10005457,REWARDS TRAINING RECRUITMENT CONSULTANCY LIMITED
196,Business administrator (level 3),3,10002244,SHEFFIELD CITY COUNCIL
196,Business administrator (level 3),3,10040011,RM TRAINING (UK) LIMITED
196,Business administrator (level 3),3,10039140,THE RECALVI ENTERPRISE LTD
196,Business administrator (level 3),3,10061640,PMA LTD
196,Business administrator (level 3),3,10003406,ISLE OF WIGHT COLLEGE
196,Business administrator (level 3),3,10009213,FASHION RETAIL ACADEMY
196,Business administrator (level 3),3,10005981,SOUTH ESSEX COLLEGE OF FURTHER AND HIGHER EDUCATION
196,Business administrator (level 3),3,10000099,ACHIEVEMENT TRAINING LIMITED
196,Business administrator (level 3),3,10008986,Waverley Training Services
196,Business administrator (level 3),3,10000201,THE LEARNING FOUNDRY LIMITED
196,Business administrator (level 3),3,10008935,LEARNING CURVE GROUP LIMITED
196,Business administrator (level 3),3,10002483,FIRST RUNG LIMITED
196,Business administrator (level 3),3,10003753,LAKES COLLEGE WEST CUMBRIA
196,Business administrator (level 3),3,10004552,NELSON AND COLNE COLLEGE
196,Business administrator (level 3),3,10005077,INSPIRE EDUCATION GROUP
196,Business administrator (level 3),3,10033482,E-CAREERS EDUCATION LIMITED
196,Business administrator (level 3),3,10033746,SBC TRAINING LIMITED
196,Business administrator (level 3),3,10002638,GATESHEAD COLLEGE
196,Business administrator (level 3),3,10022513,Avant Skills Academy
196,Business administrator (level 3),3,10025909,NORTH BRISTOL NATIONAL HEALTH SERVICE TRUST
196,Business administrator (level 3),3,10037685,HAMPSHIRE HOSPITALS NHS FOUNDATION TRUST
196,Business administrator (level 3),3,10031984,DYNAMIC TRAINING UK LIMITED
196,Business administrator (level 3),3,10000976,BUCKINGHAMSHIRE COUNCIL
196,Business administrator (level 3),3,10001005,BURY COLLEGE
196,Business administrator (level 3),3,10033209,SKILLWISE TRAINING UK LTD
196,Business administrator (level 3),3,10003915,LIFETIME TRAINING GROUP LIMITED
196,Business administrator (level 3),3,10042505,SOMERSET SKILLS & LEARNING CIC
196,Business administrator (level 3),3,10005669,SANDWELL COLLEGE
196,Business administrator (level 3),3,10005977,SOUTH DEVON COLLEGE
196,Business administrator (level 3),3,10040664,LMP Education
196,Business administrator (level 3),3,10005894,THE SKILLS PARTNERSHIP LIMITED
196,Business administrator (level 3),3,10003200,HULL COLLEGE
196,Business administrator (level 3),3,10031126,1ST2 ACHIEVE TRAINING LIMITED
196,Business administrator (level 3),3,10004762,THE NORTHUMBERLAND COUNCIL
196,Business administrator (level 3),3,10034309,REALISE LEARNING AND EMPLOYMENT LIMITED
196,Business administrator (level 3),3,10002923,EAST SUSSEX COLLEGE GROUP
196,Business administrator (level 3),3,10000560,BASINGSTOKE COLLEGE OF TECHNOLOGY
196,Business administrator (level 3),3,10005967,SOUTH & CITY COLLEGE BIRMINGHAM
196,Business administrator (level 3),3,10004285,MEDWAY COUNCIL
196,Business administrator (level 3),3,10006086,SPRINGBOARD SUNDERLAND TRUST
196,Business administrator (level 3),3,10003162,HTP APPRENTICESHIP COLLEGE LTD
196,Business administrator (level 3),3,10002697,GLOUCESTERSHIRE COUNTY COUNCIL
196,Business administrator (level 3),3,10033758,IXION HOLDINGS (CONTRACTS) LIMITED
196,Business administrator (level 3),3,10018942,STEADFAST TRAINING LTD
196,Business administrator (level 3),3,10065854,MANCHESTER UNIVERSITY NHS FOUNDATION TRUST
196,Business administrator (level 3),3,10032147,SPECIALIST TRADE COURSES LIMITED
196,Business administrator (level 3),3,10052832,LEIGH ACADEMIES TRUST
196,Business administrator (level 3),3,10036794,SCCU LTD
196,Business administrator (level 3),3,10004690,NORTH HERTFORDSHIRE COLLEGE
196,Business administrator (level 3),3,10004257,MCARTHUR DEAN TRAINING LIMITED
196,Business administrator (level 3),3,10004116,EAST COAST COLLEGE
196,Business administrator (level 3),3,10001115,CAMBRIDGE PROFESSIONAL ACADEMY LIMITED
196,Business administrator (level 3),3,10021068,FIRST AVENUE TRAINING LIMITED
196,Business administrator (level 3),3,10023787,MERCURY TRAINING SERVICES LTD
196,Business administrator (level 3),3,10023992,SUTTON COLDFIELD TRAINING LIMITED
196,Business administrator (level 3),3,10026331,TRAINPLUS LTD
196,Business administrator (level 3),3,10034887,DEERE APPRENTICESHIPS LTD
196,Business administrator (level 3),3,10038982,KNOWLEDGEBRIEF LIMITED
196,Business administrator (level 3),3,10042593,THE LINK TRAINING ACADEMY LIMITED
196,Business administrator (level 3),3,10047122,METAGEDU APPRENTICESHIPS LTD
196,Business administrator (level 3),3,10049431,ALPHABET TRAINING GROUP LTD
196,Business administrator (level 3),3,10056657,JC TRAINING & CONSULTANCY LTD
196,Business administrator (level 3),3,10062212,DRL SERVICES LTD
196,Business administrator (level 3),3,10065596,AUTO-ASSESS LIMITED
196,Business administrator (level 3),3,10065784,BLUE LION TRAINING ACADEMY LIMITED
196,Business administrator (level 3),3,10083146,Brighter Horizons Training and Development
196,Business administrator (level 3),3,10088850,THE S&A TRANSFORM GROUP LIMITED
196,Business administrator (level 3),3,10092569,NATIONAL UPSKILL LIMITED
196,Business administrator (level 3),3,10000473,Buckinghamshire College Group
196,Business administrator (level 3),3,10003571,KEITS TRAINING SERVICES LTD
196,Business administrator (level 3),3,10004440,M I T SKILLS LIMITED
196,Business administrator (level 3),3,10004927,ACTIVATE LEARNING
196,Business administrator (level 3),3,10005886,SKERN LODGE LIMITED
196,Business administrator (level 3),3,10006022,"SOLENT UNIVERSITY, SOUTHAMPTON"
196,Business administrator (level 3),3,10006349,STOKE ON TRENT COLLEGE
196,Business administrator (level 3),3,10007159,UNIVERSITY OF SUNDERLAND
196,Business administrator (level 3),3,10007722,YORKSHIRE TRAINING PARTNERSHIP LIMITED
196,Business administrator (level 3),3,10007916,THE COLLEGE OF WEST ANGLIA
196,Business administrator (level 3),3,10010523,SKILLS FOR SECURITY LIMITED
196,Business administrator (level 3),3,10025961,CQM TRAINING AND CONSULTANCY LIMITED
196,Business administrator (level 3),3,10034931,BRIGHTER BEGINNINGS DAY NURSERY LIMITED
196,Business administrator (level 3),3,10036350,SR SUPPLY CHAIN CONSULTANTS LTD
196,Business administrator (level 3),3,10043533,LEWTAY TRAINING LIMITED
196,Business administrator (level 3),3,10044457,I & F LIMITED
196,Business administrator (level 3),3,10045094,STANFORDS TRAINING LTD
196,Business administrator (level 3),3,10048229,REACH4SKILLS TRAINING LTD
196,Business administrator (level 3),3,10048848,TRAINING WORKS (NW) LTD
196,Business administrator (level 3),3,10056770,CEDARS TRAINING ACADEMY LIMITED
196,Business administrator (level 3),3,10056839,THE EDUCATIONWISE ACADEMY LTD
196,Business administrator (level 3),3,10080843,GREENLIGHT TRAINING LIMITED
196,Business administrator (level 3),3,10003193,HUGH BAIRD COLLEGE
196,Business administrator (level 3),3,10000561,BASINGSTOKE ITEC LIMITED
196,Business administrator (level 3),3,10000565,NOTTINGHAMSHIRE TRAINING GROUP LIMITED
196,Business administrator (level 3),3,10001477,CITY OF YORK COUNCIL
196,Business administrator (level 3),3,10002009,DONCASTER ROTHERHAM AND DISTRICT MOTOR TRADES GROUP TRAINING ASSOCIATION LIMITED
196,Business administrator (level 3),3,10003380,INTROTRAIN & FORUM LIMITED
196,Business administrator (level 3),3,10004935,OXFORD PROFESSIONAL EDUCATION GROUP LIMITED
196,Business administrator (level 3),3,10021793,PATHWAY FIRST LIMITED
196,Business administrator (level 3),3,10021850,Transplant Mastertrain
196,Business administrator (level 3),3,10024054,PHOENIX4TRAINING LLP
196,Business administrator (level 3),3,10026094,VALKYRIE SUPPORT SERVICES LTD
196,Business administrator (level 3),3,10029736,IGNITE SPORT UK LIMITED
196,Business administrator (level 3),3,10034050,ULTIMA SKILLS LTD
196,Business administrator (level 3),3,10036194,AVEREE LTD
196,Business administrator (level 3),3,10037198,A S TRAINING (INTERNATIONAL) LIMITED
196,Business administrator (level 3),3,10037401,HCRG CARE SERVICES LTD
196,Business administrator (level 3),3,10037723,EXCEL TRAINING LIMITED
196,Business administrator (level 3),3,10040392,GLASS & FENESTRATION TRAINING SOLUTIONS LTD
196,Business administrator (level 3),3,10043389,EXCELLENCE-SOLUTIONS LIMITED
196,Business administrator (level 3),3,10046679,KIWI & YUZU LTD
196,Business administrator (level 3),3,10054679,JLMS MANAGEMENT LTD.
196,Business administrator (level 3),3,10056494,BENSON-SMITH LIMITED
196,Business administrator (level 3),3,10057175,ELEVATED KNOWLEDGE LTD
196,Business administrator (level 3),3,10058195,ALDRIDGE EDUCATION
196,Business administrator (level 3),3,10064357,NC GROUP LTD
196,Business administrator (level 3),3,10090278,STORYY TRAINING LIMITED
196,Business administrator (level 3),3,10092052,C2C GROUP LIMITED
196,Business administrator (level 3),3,10005599,S & B AUTOMOTIVE ACADEMY LIMITED
196,Business administrator (level 3),3,10009091,SPAN TRAINING & DEVELOPMENT LIMITED
196,Business administrator (level 3),3,10034952,CROSBY MANAGEMENT TRAINING LTD
196,Business administrator (level 3),3,10042190,JANCETT CHILDCARE & JACE TRAINING LIMITED
196,Business administrator (level 3),3,10043208,SCL EDUCATION & TRAINING LIMITED
196,Business administrator (level 3),3,10046997,GLP TRAINING LTD
196,Business administrator (level 3),3,10001476,UNITED COLLEGES GROUP
196,Business administrator (level 3),3,10001539,THE COLLEGE OF ANIMAL WELFARE LIMITED
196,Business administrator (level 3),3,10003674,SOUTH THAMES COLLEGES GROUP
196,Business administrator (level 3),3,10006050,SPARSHOLT COLLEGE
196,Business administrator (level 3),3,10007851,UNIVERSITY OF DERBY
196,Business administrator (level 3),3,10008155,CENTRAL YOUNG MEN'S CHRISTIAN ASSOCIATION
196,Business administrator (level 3),3,10013515,NORTHERN CARE TRAINING LIMITED
196,Business administrator (level 3),3,10034037,THE EQUESTRIAN LEARNING ACADEMY LIMITED
196,Business administrator (level 3),3,10034527,NEXTSTEP TRAINING LIMITED
196,Business administrator (level 3),3,10039242,TRS TRAINING LIMITED
196,Business administrator (level 3),3,10040476,Swift ACI
196,Business administrator (level 3),3,10040775,NOWSKILLS LIMITED
196,Business administrator (level 3),3,10041891,EMA TRAINING LIMITED
196,Business administrator (level 3),3,10054118,BESPOKE CONSULTANCY & EDUCATION LIMITED
196,Business administrator (level 3),3,10056500,T3 TRAINING & DEVELOPMENT LTD
196,Business administrator (level 3),3,10085899,Busy Bees Education and Training
196,Business administrator (level 3),3,10021391,PROFESSIONAL TRAINING SOLUTIONS LIMITED
196,Business administrator (level 3),3,10043980,REAL SKILLS TRAINING LTD
196,Business administrator (level 3),3,10000944,BROCKENHURST COLLEGE
196,Business administrator (level 3),3,10000950,BROOKLANDS COLLEGE
196,Business administrator (level 3),3,10001446,CIRENCESTER COLLEGE
196,Business administrator (level 3),3,10002094,"EALING, HAMMERSMITH & WEST LONDON COLLEGE"
196,Business administrator (level 3),3,10004835,OAKLANDS COLLEGE
196,Business administrator (level 3),3,10004856,OLDHAM ENGINEERING GROUP TRAINING ASSOCIATION LIMITED (THE)
196,Business administrator (level 3),3,10007375,WEBS TRAINING LIMITED
196,Business administrator (level 3),3,10028038,EAST ESSEX VOCATIONAL TRAINING LIMITED
196,Business administrator (level 3),3,10037289,WORKPAYS LIMITED
196,Business administrator (level 3),3,10038872,GENIUS SOFTWARE SOLUTIONS LIMITED
196,Business administrator (level 3),3,10002078,E-TRAINING LIMITED
196,Business administrator (level 3),3,10002130,EAST SURREY COLLEGE
196,Business administrator (level 3),3,10007799,UNIVERSITY OF NEWCASTLE UPON TYNE
196,Business administrator (level 3),3,10003755,SOUTH BANK COLLEGES
196,Business administrator (level 3),3,10000452,AURELIA TRAINING LIMITED
196,Business administrator (level 3),3,10001967,DIDAC LIMITED
196,Business administrator (level 3),3,10002806,TQ EDUCATION AND TRAINING LIMITED
196,Business administrator (level 3),3,10018297,NORTON WEBB LIMITED
196,Business administrator (level 3),3,10020244,TACS Ltd
196,Business administrator (level 3),3,10023829,GLOBAL SKILLS TRAINING LTD
196,Business administrator (level 3),3,10025197,UNIVERSITY CENTRE QUAYSIDE LIMITED
196,Business administrator (level 3),3,10029195,RHG CONSULT LTD
196,Business administrator (level 3),3,10036516,QUEST TRAINING SOUTH EAST LTD
196,Business administrator (level 3),3,10036548,PARTNERSHIP TRAINING LIMITED
196,Business administrator (level 3),3,10036736,K S TRAINING LIMITED
196,Business administrator (level 3),3,10041239,DYNAMO HEALTHCARE TRAINING LTD
196,Business administrator (level 3),3,10049233,VARSITY TRAINING LIMITED
196,Business administrator (level 3),3,10056013,MERCURI INTERNATIONAL (UK) LIMITED
196,Business administrator (level 3),3,10057050,ASSOCIATED NEIGHBOUR TRAINING LIMITED
196,Business administrator (level 3),3,10063435,JUICE TALENT DEVELOPMENT LIMITED
196,Business administrator (level 3),3,10063869,ISALES ACADEMY LIMITED
196,Business administrator (level 3),3,10001156,ITEC TRAINING SOLUTIONS LTD
196,Business administrator (level 3),3,10001465,BATH COLLEGE
196,Business administrator (level 3),3,10001723,COVENTRY CITY COUNCIL
196,Business administrator (level 3),3,10004596,NEWBURY COLLEGE
196,Business administrator (level 3),3,10005810,SHIPLEY COLLEGE
196,Business administrator (level 3),3,10006442,BIRMINGHAM METROPOLITAN COLLEGE
196,Business administrator (level 3),3,10006494,TAMESIDE COLLEGE
196,Business administrator (level 3),3,10006942,ASPIRE TRAINING TEAM LIMITED
196,Business administrator (level 3),3,10007787,THE UNIVERSITY OF BUCKINGHAM
196,Business administrator (level 3),3,10022358,PROFOUND SERVICES LIMITED
196,Business administrator (level 3),3,10022627,IMPACT LEARNING & DATA SOLUTIONS LIMITED
196,Business administrator (level 3),3,10023428,MEDIPRO LIMITED
196,Business administrator (level 3),3,10033815,GREY SEAL ACADEMY LIMITED
196,Business administrator (level 3),3,10036240,RICHMOND TRAINING ACADEMY LIMITED
196,Business administrator (level 3),3,10039882,GI GROUP RECRUITMENT LTD
196,Business administrator (level 3),3,10044419,PROFESSIONAL DEVELOPMENT AND TRAINING LTD
196,Business administrator (level 3),3,10052863,FE BUSINESS LIMITED
196,Business administrator (level 3),3,10054833,ORANGE MOON TRAINING LIMITED
196,Business administrator (level 3),3,10061466,EQUALS TRAINING LIMITED
196,Business administrator (level 3),3,10063578,"BARKING, HAVERING AND REDBRIDGE UNIVERSITY HOSPITALS NHS TRUST"
196,Business administrator (level 3),3,10084678,CHILDBASE PARTNERSHIP LIMITED
196,Business administrator (level 3),3,10087159,United Learning
196,Business administrator (level 3),3,10089621,CAVITY DENTAL TRAINING LIMITED
196,Business administrator (level 3),3,10001148,CAPEL MANOR COLLEGE
196,Business administrator (level 3),3,10006378,STRODE COLLEGE
196,Business administrator (level 3),3,10000080,ACCESS FURTHER EDUCATION LIMITED
196,Business administrator (level 3),3,10000417,ASPECT TRAINING LIMITED
196,Business administrator (level 3),3,10000528,BARKING AND DAGENHAM COLLEGE
196,Business administrator (level 3),3,10000532,BARNARDO'S
196,Business administrator (level 3),3,10001298,EDUCATION DEVELOPMENT TRUST
196,Business administrator (level 3),3,10001394,CHILTERN TRAINING LIMITED
196,Business administrator (level 3),3,10001585,CERT C.I.C.
196,Business administrator (level 3),3,10002085,E.QUALITY TRAINING LIMITED
196,Business administrator (level 3),3,10002131,EAST SUSSEX COUNTY COUNCIL
196,Business administrator (level 3),3,10003190,HUDDERSFIELD TEXTILE TRAINING LIMITED
196,Business administrator (level 3),3,10004000,SUTTON LONDON BOROUGH COUNCIL
196,Business administrator (level 3),3,10004002,WANDSWORTH LONDON BOROUGH COUNCIL
196,Business administrator (level 3),3,10004175,MANCHESTER CITY COUNCIL
196,Business administrator (level 3),3,10004376,MILTON KEYNES COUNCIL
196,Business administrator (level 3),3,10004486,NACRO
196,Business administrator (level 3),3,10004714,North Tyneside Adult Learning Service
196,Business administrator (level 3),3,10004720,NORTH WEST COMMUNITY SERVICES TRAINING LTD
196,Business administrator (level 3),3,10004721,NORTH KENT COLLEGE
196,Business administrator (level 3),3,10004727,NORTH YORKSHIRE COUNTY COUNCIL
196,Business administrator (level 3),3,10005101,PILOT IMS LIMITED
196,Business administrator (level 3),3,10005126,PLYMOUTH CITY COUNCIL
196,Business administrator (level 3),3,10005398,READING BOROUGH COUNCIL
196,Business administrator (level 3),3,10005736,UNIFIED SEEVIC PALMER'S COLLEGE
196,Business administrator (level 3),3,10005839,SIGTA LIMITED
196,Business administrator (level 3),3,10006438,SUTTON AND DISTRICT TRAINING LIMITED
196,Business administrator (level 3),3,10007123,UK TRAINING & DEVELOPMENT LIMITED
196,Business administrator (level 3),3,10007321,WALTHAM FOREST COLLEGE
196,Business administrator (level 3),3,10008915,COMMON COUNCIL OF THE CITY OF LONDON
196,Business administrator (level 3),3,10009095,TENDRING DISTRICT COUNCIL
196,Business administrator (level 3),3,10010657,HAYS SPECIALIST RECRUITMENT LIMITED
196,Business administrator (level 3),3,10012442,NISHKAM CIVIC ASSOCIATION
196,Business administrator (level 3),3,10013118,D.T.K. BUSINESS SERVICES LIMITED
196,Business administrator (level 3),3,10013225,HALIFAX OPPORTUNITIES TRUST
196,Business administrator (level 3),3,10015933,ALAN HESTER ASSOCIATES LIMITED
196,Business administrator (level 3),3,10019300,INTEGER TRAINING LIMITED
196,Business administrator (level 3),3,10021243,OXFORD HEALTH NHS FOUNDATION TRUST
196,Business administrator (level 3),3,10024659,MTD Training Ltd
196,Business administrator (level 3),3,10024686,RESOURCES (N E) LIMITED
196,Business administrator (level 3),3,10026620,HYBRID TECHNICAL SERVICES LIMITED
196,Business administrator (level 3),3,10027269,WORKFORCE TRAINING & DEVELOPMENT LTD
196,Business administrator (level 3),3,10027873,TRAINING STRATEGIES LTD.
196,Business administrator (level 3),3,10028094,SKILLS NORTH EAST LIMITED
196,Business administrator (level 3),3,10028938,PROFILE DEVELOPMENT AND TRAINING LIMITED
196,Business administrator (level 3),3,10029120,THE FORWARD TRUST
196,Business administrator (level 3),3,10030265,Side By Side Training Centre
196,Business administrator (level 3),3,10030502,GROUP HORIZON LIMITED
196,Business administrator (level 3),3,10031326,WELL ASSOCIATES LIMITED
196,Business administrator (level 3),3,10031915,THE WORKING KNOWLEDGE GROUP LIMITED
196,Business administrator (level 3),3,10032256,OASIS CARE AND TRAINING AGENCY (OCTA)
196,Business administrator (level 3),3,10032555,ALL DIMENSION LIMITED
196,Business administrator (level 3),3,10032648,SPORT STRUCTURES EDUCATION COMMUNITY INTEREST COMPANY
196,Business administrator (level 3),3,10033536,AWC TRAINING LTD
196,Business administrator (level 3),3,10033640,TRAIN 2 TRAIN LIMITED
196,Business administrator (level 3),3,10034423,ACTIV FIRST LIMITED
196,Business administrator (level 3),3,10034999,UNIVERSITY ACADEMY HOLBEACH
196,Business administrator (level 3),3,10037170,OTM APPRENTICESHIPS LTD
196,Business administrator (level 3),3,10038292,CROYDONSAM TRAINING LTD
196,Business administrator (level 3),3,10039420,SHOOTERS HILL SIXTH FORM COLLEGE
196,Business administrator (level 3),3,10039958,BIRMINGHAM COMMUNITY HEALTHCARE NHS FOUNDATION TRUST
196,Business administrator (level 3),3,10040440,FLM TRAINING LTD
196,Business administrator (level 3),3,10046672,JAG TRAINING LIMITED
196,Business administrator (level 3),3,10047090,FUNCTIONAL SKILLS UK LIMITED
196,Business administrator (level 3),3,10048439,PETERBOROUGH SKILLS LIMITED
196,Business administrator (level 3),3,10052437,THE EDUCATION AND SKILLS PARTNERSHIP LTD
196,Business administrator (level 3),3,10052473,TENDEAN LIMITED
196,Business administrator (level 3),3,10054946,UK SKILLS ACADEMY LIMITED
196,Business administrator (level 3),3,10058083,ROYAL FREE LONDON NHS FOUNDATION TRUST
196,Business administrator (level 3),3,10059861,THE ELLIOT FOUNDATION ACADEMIES TRUST
196,Business administrator (level 3),3,10061219,EBOR ACADEMY TRUST
196,Business administrator (level 3),3,10063515,DAVE SHURMER
196,Business administrator (level 3),3,10065571,UNIVERSAL VIBES LIMITED
196,Business administrator (level 3),3,10065710,GEM PARTNERSHIP LIMITED
196,Business administrator (level 3),3,10081187,CTSW SKILLS LTD
196,Business administrator (level 3),3,10082053,MICHAEL D AKERS MANAGEMENT CONSULTING
196,Business administrator (level 3),3,10083564,SWIFTOOL PRECISION ENGINEERING LIMITED
196,Business administrator (level 3),3,10084933,PHYSICAL EDUCATION & ACTIVE KIDS LTD
196,Business administrator (level 3),3,10085944,WHITE POINT SOLUTIONS LTD
196,Business administrator (level 3),3,10087529,THE ACADEMY OF LEADERSHIP & MANAGEMENT LTD
196,Business administrator (level 3),3,10088215,COMMUNITY MATTERS LTD.
196,Business administrator (level 3),3,10089638,DIAMOND PEOPLE (NE) LIMITED
196,Business administrator (level 3),3,10091500,CASTLE & CO TRAINING LIMITED
196,Business administrator (level 3),3,10094773,ESTAR GROUP LIMITED
165,Business analyst (level 4),4,10010335,FIREBRAND TRAINING LIMITED
165,Business analyst (level 4),4,10003375,QA LIMITED
165,Business analyst (level 4),4,10049099,ASSIST KNOWLEDGE DEVELOPMENT LIMITED
165,Business analyst (level 4),4,10034940,JUST IT TRAINING LIMITED
165,Business analyst (level 4),4,10058007,LearnTech
165,Business analyst (level 4),4,10048177,ESTIO TRAINING LIMITED
165,Business analyst (level 4),4,10003317,INSTEP UK LIMITED
165,Business analyst (level 4),4,10000446,KAPLAN FINANCIAL LIMITED
165,Business analyst (level 4),4,10055902,MULTIVERSE GROUP LIMITED
165,Business analyst (level 4),4,10040775,NOWSKILLS LIMITED
165,Business analyst (level 4),4,10026165,METADATA LIMITED
165,Business analyst (level 4),4,10063309,CAMBRIDGE SPARK LIMITED
165,Business analyst (level 4),4,10018942,STEADFAST TRAINING LTD
165,Business analyst (level 4),4,10024833,NTG TRAINING LTD
165,Business analyst (level 4),4,10026331,TRAINPLUS LTD
165,Business analyst (level 4),4,10047122,METAGEDU APPRENTICESHIPS LTD
165,Business analyst (level 4),4,10048380,Ginger Nut Training
165,Business analyst (level 4),4,10061407,CORNDEL LIMITED
165,Business analyst (level 4),4,10065784,BLUE LION TRAINING ACADEMY LIMITED
165,Business analyst (level 4),4,10088850,THE S&A TRANSFORM GROUP LIMITED
165,Business analyst (level 4),4,10001883,DE MONTFORT UNIVERSITY
165,Business analyst (level 4),4,10003189,KIRKLEES COLLEGE
165,Business analyst (level 4),4,10006022,"SOLENT UNIVERSITY, SOUTHAMPTON"
165,Business analyst (level 4),4,10033482,E-CAREERS EDUCATION LIMITED
165,Business analyst (level 4),4,10036578,THE APPRENTICE ACADEMY LIMITED
165,Business analyst (level 4),4,10047111,THE APPRENTICESHIP COLLEGE LTD
165,Business analyst (level 4),4,10063272,APPRENTIFY LIMITED
165,Business analyst (level 4),4,10089078,AKR Growth Ventures LTD
165,Business analyst (level 4),4,10007434,WEST THAMES COLLEGE
165,Business analyst (level 4),4,10024015,CAPELLA ASSOCIATES LTD
165,Business analyst (level 4),4,10052858,DIGITAL NATIVE (UK) LIMITED
165,Business analyst (level 4),4,10088153,LEAN ENABLED GROUP LTD
165,Business analyst (level 4),4,10029952,BPP PROFESSIONAL EDUCATION LIMITED
165,Business analyst (level 4),4,10019314,JBC SKILLS TRAINING LIMITED
165,Business analyst (level 4),4,10037289,WORKPAYS LIMITED
165,Business analyst (level 4),4,10023829,GLOBAL SKILLS TRAINING LTD
165,Business analyst (level 4),4,10029195,RHG CONSULT LTD
165,Business analyst (level 4),4,10049392,SWARM TRAINING C.I.C.
165,Business analyst (level 4),4,10002638,GATESHEAD COLLEGE
165,Business analyst (level 4),4,10007152,UNIVERSITY OF BEDFORDSHIRE
165,Business analyst (level 4),4,10061640,PMA LTD
165,Business analyst (level 4),4,10083150,PURPLE BEARD LTD
165,Business analyst (level 4),4,10018277,FITCH LEARNING LIMITED
165,Business analyst (level 4),4,10041486,Northwest Education And Training Ltd
165,Business analyst (level 4),4,10010657,HAYS SPECIALIST RECRUITMENT LIMITED
165,Business analyst (level 4),4,10032256,OASIS CARE AND TRAINING AGENCY (OCTA)
165,Business analyst (level 4),4,10055091,MANCHESTER DIGITAL LIMITED
165,Business analyst (level 4),4,10058059,THE MANAGEMENT ACADEMY LTD
165,Business analyst (level 4),4,10090480,MICHAEL STREETE FOUNDATION
165,Business analyst (level 4),4,10094788,IO SPHERE LIMITED
311,Business to business sales professional (integrated degree) (level 6),6,10003863,LEEDS TRINITY UNIVERSITY
311,Business to business sales professional (integrated degree) (level 6),6,10004351,MIDDLESEX UNIVERSITY
311,Business to business sales professional (integrated degree) (level 6),6,10061865,CONSALIA LIMITED
54,Butcher (level 2),2,10034952,CROSBY MANAGEMENT TRAINING LTD
54,Butcher (level 2),2,10004140,MEAT EAST ANGLIA TRADES (IPSWICH) LIMITED
54,Butcher (level 2),2,10023047,REMIT GROUP LIMITED
54,Butcher (level 2),2,10027269,WORKFORCE TRAINING & DEVELOPMENT LTD
54,Butcher (level 2),2,10000721,BISHOP BURTON COLLEGE
54,Butcher (level 2),2,10005172,POULTEC TRAINING LIMITED
54,Butcher (level 2),2,10002370,EXETER COLLEGE
54,Butcher (level 2),2,10005124,PLUMPTON COLLEGE
54,Butcher (level 2),2,10056494,BENSON-SMITH LIMITED
54,Butcher (level 2),2,10006050,SPARSHOLT COLLEGE
54,Butcher (level 2),2,10024962,LUMINATE EDUCATION GROUP
54,Butcher (level 2),2,10005404,REASEHEATH COLLEGE
54,Butcher (level 2),2,10056013,MERCURI INTERNATIONAL (UK) LIMITED
458,Buying and merchandising assistant (level 4),4,10002407,FAREPORT TRAINING ORGANISATION LIMITED
458,Buying and merchandising assistant (level 4),4,10009213,FASHION RETAIL ACADEMY
458,Buying and merchandising assistant (level 4),4,10043208,SCL EDUCATION & TRAINING LIMITED
458,Buying and merchandising assistant (level 4),4,10027498,TRAVIS PERKINS PLC
305,Cabin crew (level 3),3,10037198,A S TRAINING (INTERNATIONAL) LIMITED
